#-----------------------------------------------------------
# Vivado v2025.2 (64-bit)
# SW Build 6299465 on Fri Nov 14 12:34:56 MST 2025
# IP Build 6300035 on Fri Nov 14 10:48:45 MST 2025
# SharedData Build 6298862 on Thu Nov 13 04:50:51 MST 2025
# Start of session at: Wed Jul 29 00:07:16 2026
# Process ID         : 254952
# Current directory  : /home/tiny-gpu-pro-max-main
# Command line       : vivado -mode batch -source vivado/build_bitstream.tcl
# Log file           : /home/tiny-gpu-pro-max-main/vivado.log
# Journal file       : /home/tiny-gpu-pro-max-main/vivado.jou
# Running On         : 0m5awdtvxwbq595qv625cz735n
# Platform           : Ubuntu
# Operating System   : Ubuntu 24.04.4 LTS
# Processor Detail   : AMD EPYC 9V45 96-Core Processor
# CPU Frequency      : 4519.748 MHz
# CPU Physical cores : 4
# CPU Logical cores  : 8
# Host memory        : 33652 MB
# Swap memory        : 0 MB
# Total Virtual      : 33652 MB
# Available Virtual  : 27556 MB
#-----------------------------------------------------------
source vivado/build_bitstream.tcl
# set repo    [file normalize [file dirname [info script]]/..]
# set proj    $repo/build/vivado
# set part    xc7s50csga324-1
# set top_mod top
# set clk_wiz_xci /home/mini_gpu/mini_gpu.srcs/sources_1/ip/clk_wiz_0/clk_wiz_0.xci
# if {$argc > 0} { set clk_wiz_xci [lindex $argv 0] }
# file mkdir $repo/build/reports
# if {[file exists $proj]} { file delete -force $proj }
# create_project tiny_gpu $proj -part $part -force
# set rtl [list \
#     $repo/SystemVerilog/gpu_pkg.sv \
#     $repo/SystemVerilog/library.sv \
#     $repo/SystemVerilog/decoder.sv \
#     $repo/SystemVerilog/fetcher.sv \
#     $repo/SystemVerilog/pc.sv \
#     $repo/SystemVerilog/cpu.sv \
#     $repo/SystemVerilog/scheduler.sv \
#     $repo/SystemVerilog/core.sv \
#     $repo/SystemVerilog/shared_mem.sv \
#     $repo/SystemVerilog/data_buffer.sv \
#     "$repo/SystemVerilog/display/display_ controller.sv" \
#     $repo/SystemVerilog/display/vga-hdmi.sv \
#     $repo/SystemVerilog/display/tmdsEncoder.sv \
#     $repo/SystemVerilog/display/serializer.sv \
#     $repo/SystemVerilog/display/hdmiTx.sv \
#     $repo/SystemVerilog/display/hdmi_tx_0.sv \
#     $repo/SystemVerilog/gpu.sv \
#     $repo/SystemVerilog/top.sv \
# ]
# add_files -norecurse -fileset sources_1 $rtl
# set_property file_type SystemVerilog [get_files -of_objects [get_filesets sources_1] *.sv]
# set_property -name {STEPS.SYNTH_DESIGN.ARGS.MORE OPTIONS} -value {-verilog_define SYNTHESIS} \
#     -objects [get_runs synth_1]
# set mems [glob -nocomplain $repo/mems/*.mem]
# if {[llength $mems]} {
#     add_files -norecurse -fileset sources_1 $mems
#     set_property file_type {Memory Initialization Files} [get_files *.mem]
# }
# add_files -fileset constrs_1 -norecurse $repo/constraints/boolean_mini_gpu.xdc
# if {![file exists $clk_wiz_xci]} {
#     puts "ERROR: clk_wiz_0 IP not found at $clk_wiz_xci"
#     puts "       top.sv needs it to derive 40MHz + 200MHz from the 100MHz board clock."
#     puts "       Pass the path as: vivado -mode batch -source ... -tclargs /path/to/clk_wiz_0.xci"
#     exit 1
# }
# import_ip $clk_wiz_xci
INFO: [IP_Flow 19-234] Refreshing IP repositories
INFO: [IP_Flow 19-1704] No user IP repositories specified
INFO: [IP_Flow 19-2313] Loaded Vivado IP repository '/mnt/opt/xilinx/data/ip'.
# set_property top $top_mod [current_fileset]
# update_compile_order -fileset sources_1
# proc stage_mems {repo runpath} {
#     file mkdir $runpath/mems
#     foreach f [glob -nocomplain $repo/mems/*.mem] {
#         file copy -force $f $runpath/mems/
#     }
# }
# file mkdir $proj/tiny_gpu.runs/synth_1
# stage_mems $repo $proj/tiny_gpu.runs/synth_1
# puts "### synthesis"
### synthesis
# launch_runs synth_1 -jobs 8
INFO: [Vivado 12-4149] The synthesis checkpoint for IP '/home/tiny-gpu-pro-max-main/build/vivado/tiny_gpu.srcs/sources_1/ip/clk_wiz_0/clk_wiz_0.xci' is already up-to-date
WARNING: [Vivado 12-7122] Auto Incremental Compile:: No reference checkpoint was found in run synth_1. Auto-incremental flow will not be run, the standard flow will be run instead.
[Wed Jul 29 00:07:20 2026] Launched synth_1...
Run output will be captured here: /home/tiny-gpu-pro-max-main/build/vivado/tiny_gpu.runs/synth_1/runme.log
# wait_on_run synth_1
[Wed Jul 29 00:07:20 2026] Waiting for synth_1 to finish...

*** Running vivado
    with args -log top.vds -m64 -product Vivado -mode batch -messageDb vivado.pb -notrace -source top.tcl


****** Vivado v2025.2 (64-bit)
  **** SW Build 6299465 on Fri Nov 14 12:34:56 MST 2025
  **** IP Build 6300035 on Fri Nov 14 10:48:45 MST 2025
  **** SharedData Build 6298862 on Thu Nov 13 04:50:51 MST 2025
  **** Start of session at: Wed Jul 29 00:07:21 2026
    ** Copyright 1986-2022 Xilinx, Inc. All Rights Reserved.
    ** Copyright 2022-2025 Advanced Micro Devices, Inc. All Rights Reserved.

source top.tcl -notrace
Command: synth_design -top top -part xc7s50csga324-1 -verilog_define SYNTHESIS
Starting synth_design
Attempting to get a license for feature 'Synthesis' and/or device 'xc7s50'
INFO: [Common 17-349] Got license for feature 'Synthesis' and/or device 'xc7s50'
INFO: [Device 21-403] Loading part xc7s50csga324-1
INFO: [Synth 8-7079] Multithreading enabled for synth_design using a maximum of 7 processes.
INFO: [Synth 8-7078] Launching helper process for spawning children vivado processes
INFO: [Synth 8-7075] Helper process launched with PID 255298
---------------------------------------------------------------------------------
Starting RTL Elaboration : Time (s): cpu = 00:00:02 ; elapsed = 00:00:02 . Memory (MB): peak = 2289.617 ; gain = 355.371 ; free physical = 10307 ; free virtual = 24395
---------------------------------------------------------------------------------
WARNING: [Synth 8-11067] parameter 'N_THREADS' declared inside package 'gpu_pkg' shall be treated as localparam [/home/tiny-gpu-pro-max-main/SystemVerilog/gpu_pkg.sv:8]
WARNING: [Synth 8-11067] parameter 'N_LANES' declared inside package 'gpu_pkg' shall be treated as localparam [/home/tiny-gpu-pro-max-main/SystemVerilog/gpu_pkg.sv:15]
WARNING: [Synth 8-11067] parameter 'IMG_WIDTH' declared inside package 'gpu_pkg' shall be treated as localparam [/home/tiny-gpu-pro-max-main/SystemVerilog/gpu_pkg.sv:16]
WARNING: [Synth 8-11067] parameter 'IMG_HEIGHT' declared inside package 'gpu_pkg' shall be treated as localparam [/home/tiny-gpu-pro-max-main/SystemVerilog/gpu_pkg.sv:17]
WARNING: [Synth 8-11067] parameter 'BYTES_PER_PIXEL' declared inside package 'gpu_pkg' shall be treated as localparam [/home/tiny-gpu-pro-max-main/SystemVerilog/gpu_pkg.sv:18]
WARNING: [Synth 8-11067] parameter 'IMG_SIZE_BYTES' declared inside package 'gpu_pkg' shall be treated as localparam [/home/tiny-gpu-pro-max-main/SystemVerilog/gpu_pkg.sv:19]
WARNING: [Synth 8-11067] parameter 'PROG_BASE' declared inside package 'gpu_pkg' shall be treated as localparam [/home/tiny-gpu-pro-max-main/SystemVerilog/gpu_pkg.sv:21]
WARNING: [Synth 8-11067] parameter 'PROG_SIZE' declared inside package 'gpu_pkg' shall be treated as localparam [/home/tiny-gpu-pro-max-main/SystemVerilog/gpu_pkg.sv:22]
WARNING: [Synth 8-11067] parameter 'IMG_BASE' declared inside package 'gpu_pkg' shall be treated as localparam [/home/tiny-gpu-pro-max-main/SystemVerilog/gpu_pkg.sv:23]
WARNING: [Synth 8-11067] parameter 'MMIO_BASE' declared inside package 'gpu_pkg' shall be treated as localparam [/home/tiny-gpu-pro-max-main/SystemVerilog/gpu_pkg.sv:24]
WARNING: [Synth 8-11067] parameter 'MEM_SIZE_BYTES' declared inside package 'gpu_pkg' shall be treated as localparam [/home/tiny-gpu-pro-max-main/SystemVerilog/gpu_pkg.sv:26]
WARNING: [Synth 8-11067] parameter 'TOTAL_THREADS' declared inside package 'gpu_pkg' shall be treated as localparam [/home/tiny-gpu-pro-max-main/SystemVerilog/gpu_pkg.sv:31]
WARNING: [Synth 8-11067] parameter 'NUM_BLOCKS' declared inside package 'gpu_pkg' shall be treated as localparam [/home/tiny-gpu-pro-max-main/SystemVerilog/gpu_pkg.sv:32]
WARNING: [Synth 8-11067] parameter 'BLOCK_ID_WIDTH' declared inside package 'gpu_pkg' shall be treated as localparam [/home/tiny-gpu-pro-max-main/SystemVerilog/gpu_pkg.sv:33]
WARNING: [Synth 8-11067] parameter 'DBUF_WORDS' declared inside package 'gpu_pkg' shall be treated as localparam [/home/tiny-gpu-pro-max-main/SystemVerilog/gpu_pkg.sv:53]
WARNING: [Synth 8-11067] parameter 'OPC_GPU' declared inside package 'gpu_pkg' shall be treated as localparam [/home/tiny-gpu-pro-max-main/SystemVerilog/gpu_pkg.sv:65]
WARNING: [Synth 8-11067] parameter 'F3_RDTID' declared inside package 'gpu_pkg' shall be treated as localparam [/home/tiny-gpu-pro-max-main/SystemVerilog/gpu_pkg.sv:66]
WARNING: [Synth 8-11067] parameter 'F3_SETDT' declared inside package 'gpu_pkg' shall be treated as localparam [/home/tiny-gpu-pro-max-main/SystemVerilog/gpu_pkg.sv:67]
WARNING: [Synth 8-11067] parameter 'F3_GETDT' declared inside package 'gpu_pkg' shall be treated as localparam [/home/tiny-gpu-pro-max-main/SystemVerilog/gpu_pkg.sv:68]
INFO: [Synth 8-6157] synthesizing module 'top' [/home/tiny-gpu-pro-max-main/SystemVerilog/top.sv:20]
INFO: [Synth 8-6157] synthesizing module 'clk_wiz_0' [/home/tiny-gpu-pro-max-main/build/vivado/tiny_gpu.runs/synth_1/.Xil/Vivado-255211-0m5awdtvxwbq595qv625cz735n/realtime/clk_wiz_0_stub.v:6]
INFO: [Synth 8-6155] done synthesizing module 'clk_wiz_0' (0#1) [/home/tiny-gpu-pro-max-main/build/vivado/tiny_gpu.runs/synth_1/.Xil/Vivado-255211-0m5awdtvxwbq595qv625cz735n/realtime/clk_wiz_0_stub.v:6]
INFO: [Synth 8-6157] synthesizing module 'Synchronizer' [/home/tiny-gpu-pro-max-main/SystemVerilog/library.sv:115]
INFO: [Synth 8-6155] done synthesizing module 'Synchronizer' (0#1) [/home/tiny-gpu-pro-max-main/SystemVerilog/library.sv:115]
INFO: [Synth 8-6157] synthesizing module 'gpu' [/home/tiny-gpu-pro-max-main/SystemVerilog/gpu.sv:7]
	Parameter PROG_INIT_FILE bound to: mems/gpu_c.mem - type: string 
	Parameter DBUF_INIT_PREFIX bound to: mems/dbuf_zeros_bank - type: string 
	Parameter DISPLAY_FROM_DBUF bound to: 1'b1 
INFO: [Synth 8-6157] synthesizing module 'core' [/home/tiny-gpu-pro-max-main/SystemVerilog/core.sv:14]
INFO: [Synth 8-6157] synthesizing module 'cpu' [/home/tiny-gpu-pro-max-main/SystemVerilog/cpu.sv:5]
INFO: [Synth 8-226] default block is never used [/home/tiny-gpu-pro-max-main/SystemVerilog/cpu.sv:346]
INFO: [Synth 8-6155] done synthesizing module 'cpu' (0#1) [/home/tiny-gpu-pro-max-main/SystemVerilog/cpu.sv:5]
INFO: [Synth 8-6157] synthesizing module 'scheduler' [/home/tiny-gpu-pro-max-main/SystemVerilog/scheduler.sv:38]
INFO: [Synth 8-6155] done synthesizing module 'scheduler' (0#1) [/home/tiny-gpu-pro-max-main/SystemVerilog/scheduler.sv:38]
INFO: [Synth 8-6157] synthesizing module 'fetcher' [/home/tiny-gpu-pro-max-main/SystemVerilog/fetcher.sv:9]
INFO: [Synth 8-6155] done synthesizing module 'fetcher' (0#1) [/home/tiny-gpu-pro-max-main/SystemVerilog/fetcher.sv:9]
INFO: [Synth 8-6157] synthesizing module 'decoder' [/home/tiny-gpu-pro-max-main/SystemVerilog/decoder.sv:6]
INFO: [Synth 8-6155] done synthesizing module 'decoder' (0#1) [/home/tiny-gpu-pro-max-main/SystemVerilog/decoder.sv:6]
INFO: [Synth 8-6157] synthesizing module 'pc' [/home/tiny-gpu-pro-max-main/SystemVerilog/pc.sv:7]
INFO: [Synth 8-6155] done synthesizing module 'pc' (0#1) [/home/tiny-gpu-pro-max-main/SystemVerilog/pc.sv:7]
INFO: [Synth 8-6155] done synthesizing module 'core' (0#1) [/home/tiny-gpu-pro-max-main/SystemVerilog/core.sv:14]
INFO: [Synth 8-6157] synthesizing module 'shared_mem' [/home/tiny-gpu-pro-max-main/SystemVerilog/shared_mem.sv:23]
	Parameter N_THREADS bound to: 32'sb00000000000000000000000000001000 
	Parameter PROG_INIT_FILE bound to: mems/gpu_c.mem - type: string 
	Parameter IMG_INIT_FILE bound to: mems/img_source.mem - type: string 
INFO: [Synth 8-3876] $readmem data file 'mems/gpu_c.mem' is read successfully [/home/tiny-gpu-pro-max-main/SystemVerilog/shared_mem.sv:65]
INFO: [Synth 8-3876] $readmem data file 'mems/img_source.mem' is read successfully [/home/tiny-gpu-pro-max-main/SystemVerilog/shared_mem.sv:66]
INFO: [Synth 8-6155] done synthesizing module 'shared_mem' (0#1) [/home/tiny-gpu-pro-max-main/SystemVerilog/shared_mem.sv:23]
INFO: [Synth 8-6157] synthesizing module 'data_buffer' [/home/tiny-gpu-pro-max-main/SystemVerilog/data_buffer.sv:46]
	Parameter N_THREADS bound to: 32'sb00000000000000000000000000001000 
	Parameter WORDS bound to: 32'sb00000000000000000001000000000000 
	Parameter INIT_PREFIX bound to: mems/dbuf_zeros_bank - type: string 
INFO: [Synth 8-3876] $readmem data file 'mems/dbuf_zeros_bank0.mem' is read successfully [/home/tiny-gpu-pro-max-main/SystemVerilog/data_buffer.sv:206]
INFO: [Synth 8-3876] $readmem data file 'mems/dbuf_zeros_bank1.mem' is read successfully [/home/tiny-gpu-pro-max-main/SystemVerilog/data_buffer.sv:206]
INFO: [Synth 8-3876] $readmem data file 'mems/dbuf_zeros_bank2.mem' is read successfully [/home/tiny-gpu-pro-max-main/SystemVerilog/data_buffer.sv:206]
INFO: [Synth 8-3876] $readmem data file 'mems/dbuf_zeros_bank3.mem' is read successfully [/home/tiny-gpu-pro-max-main/SystemVerilog/data_buffer.sv:206]
INFO: [Synth 8-3876] $readmem data file 'mems/dbuf_zeros_bank4.mem' is read successfully [/home/tiny-gpu-pro-max-main/SystemVerilog/data_buffer.sv:206]
INFO: [Synth 8-3876] $readmem data file 'mems/dbuf_zeros_bank5.mem' is read successfully [/home/tiny-gpu-pro-max-main/SystemVerilog/data_buffer.sv:206]
INFO: [Synth 8-3876] $readmem data file 'mems/dbuf_zeros_bank6.mem' is read successfully [/home/tiny-gpu-pro-max-main/SystemVerilog/data_buffer.sv:206]
INFO: [Synth 8-3876] $readmem data file 'mems/dbuf_zeros_bank7.mem' is read successfully [/home/tiny-gpu-pro-max-main/SystemVerilog/data_buffer.sv:206]
INFO: [Synth 8-6155] done synthesizing module 'data_buffer' (0#1) [/home/tiny-gpu-pro-max-main/SystemVerilog/data_buffer.sv:46]
INFO: [Synth 8-6157] synthesizing module 'display_controller' [/home/tiny-gpu-pro-max-main/SystemVerilog/display/display_ controller.sv:14]
INFO: [Synth 8-6157] synthesizing module 'vga' [/home/tiny-gpu-pro-max-main/SystemVerilog/display/vga-hdmi.sv:15]
INFO: [Synth 8-6157] synthesizing module 'Counter' [/home/tiny-gpu-pro-max-main/SystemVerilog/library.sv:3]
	Parameter WIDTH bound to: 11 - type: integer 
INFO: [Synth 8-6155] done synthesizing module 'Counter' (0#1) [/home/tiny-gpu-pro-max-main/SystemVerilog/library.sv:3]
INFO: [Synth 8-6157] synthesizing module 'Counter__parameterized0' [/home/tiny-gpu-pro-max-main/SystemVerilog/library.sv:3]
	Parameter WIDTH bound to: 10 - type: integer 
INFO: [Synth 8-6155] done synthesizing module 'Counter__parameterized0' (0#1) [/home/tiny-gpu-pro-max-main/SystemVerilog/library.sv:3]
INFO: [Synth 8-6157] synthesizing module 'Comparator' [/home/tiny-gpu-pro-max-main/SystemVerilog/library.sv:23]
	Parameter WIDTH bound to: 11 - type: integer 
INFO: [Synth 8-6155] done synthesizing module 'Comparator' (0#1) [/home/tiny-gpu-pro-max-main/SystemVerilog/library.sv:23]
INFO: [Synth 8-6157] synthesizing module 'Comparator__parameterized0' [/home/tiny-gpu-pro-max-main/SystemVerilog/library.sv:23]
	Parameter WIDTH bound to: 10 - type: integer 
INFO: [Synth 8-6155] done synthesizing module 'Comparator__parameterized0' (0#1) [/home/tiny-gpu-pro-max-main/SystemVerilog/library.sv:23]
INFO: [Synth 8-6157] synthesizing module 'RangeCheck' [/home/tiny-gpu-pro-max-main/SystemVerilog/library.sv:35]
	Parameter WIDTH bound to: 11 - type: integer 
INFO: [Synth 8-6155] done synthesizing module 'RangeCheck' (0#1) [/home/tiny-gpu-pro-max-main/SystemVerilog/library.sv:35]
INFO: [Synth 8-6157] synthesizing module 'RangeCheck__parameterized0' [/home/tiny-gpu-pro-max-main/SystemVerilog/library.sv:35]
	Parameter WIDTH bound to: 10 - type: integer 
INFO: [Synth 8-6155] done synthesizing module 'RangeCheck__parameterized0' (0#1) [/home/tiny-gpu-pro-max-main/SystemVerilog/library.sv:35]
INFO: [Synth 8-6157] synthesizing module 'Subtracter' [/home/tiny-gpu-pro-max-main/SystemVerilog/library.sv:46]
	Parameter WIDTH bound to: 11 - type: integer 
INFO: [Synth 8-6155] done synthesizing module 'Subtracter' (0#1) [/home/tiny-gpu-pro-max-main/SystemVerilog/library.sv:46]
INFO: [Synth 8-6157] synthesizing module 'Subtracter__parameterized0' [/home/tiny-gpu-pro-max-main/SystemVerilog/library.sv:46]
	Parameter WIDTH bound to: 10 - type: integer 
INFO: [Synth 8-6155] done synthesizing module 'Subtracter__parameterized0' (0#1) [/home/tiny-gpu-pro-max-main/SystemVerilog/library.sv:46]
INFO: [Synth 8-6157] synthesizing module 'Mux2to1' [/home/tiny-gpu-pro-max-main/SystemVerilog/library.sv:63]
	Parameter WIDTH bound to: 10 - type: integer 
INFO: [Synth 8-6155] done synthesizing module 'Mux2to1' (0#1) [/home/tiny-gpu-pro-max-main/SystemVerilog/library.sv:63]
INFO: [Synth 8-294] found qualifier unique on case statement: implementing as parallel_case [/home/tiny-gpu-pro-max-main/SystemVerilog/display/vga-hdmi.sv:94]
INFO: [Synth 8-294] found qualifier unique on case statement: implementing as parallel_case [/home/tiny-gpu-pro-max-main/SystemVerilog/display/vga-hdmi.sv:119]
INFO: [Synth 8-6155] done synthesizing module 'vga' (0#1) [/home/tiny-gpu-pro-max-main/SystemVerilog/display/vga-hdmi.sv:15]
INFO: [Synth 8-6155] done synthesizing module 'display_controller' (0#1) [/home/tiny-gpu-pro-max-main/SystemVerilog/display/display_ controller.sv:14]
INFO: [Synth 8-6155] done synthesizing module 'gpu' (0#1) [/home/tiny-gpu-pro-max-main/SystemVerilog/gpu.sv:7]
INFO: [Synth 8-6157] synthesizing module 'hdmi_tx_0' [/home/tiny-gpu-pro-max-main/SystemVerilog/display/hdmi_tx_0.sv:29]
INFO: [Synth 8-6157] synthesizing module 'hdmiTx' [/home/tiny-gpu-pro-max-main/SystemVerilog/display/hdmiTx.sv:8]
INFO: [Synth 8-6157] synthesizing module 'tmdsEncoder' [/home/tiny-gpu-pro-max-main/SystemVerilog/display/tmdsEncoder.sv:8]
INFO: [Synth 8-6155] done synthesizing module 'tmdsEncoder' (0#1) [/home/tiny-gpu-pro-max-main/SystemVerilog/display/tmdsEncoder.sv:8]
INFO: [Synth 8-6157] synthesizing module 'serializer' [/home/tiny-gpu-pro-max-main/SystemVerilog/display/serializer.sv:9]
INFO: [Synth 8-6157] synthesizing module 'OSERDESE2' [/mnt/opt/xilinx/Vivado/scripts/rt/data/unisim_comp.v:117832]
	Parameter DATA_RATE_OQ bound to: DDR - type: string 
	Parameter DATA_RATE_TQ bound to: SDR - type: string 
	Parameter DATA_WIDTH bound to: 10 - type: integer 
	Parameter SERDES_MODE bound to: MASTER - type: string 
	Parameter TBYTE_CTL bound to: FALSE - type: string 
	Parameter TBYTE_SRC bound to: FALSE - type: string 
	Parameter TRISTATE_WIDTH bound to: 1 - type: integer 
INFO: [Synth 8-6155] done synthesizing module 'OSERDESE2' (0#1) [/mnt/opt/xilinx/Vivado/scripts/rt/data/unisim_comp.v:117832]
INFO: [Synth 8-6157] synthesizing module 'OSERDESE2__parameterized0' [/mnt/opt/xilinx/Vivado/scripts/rt/data/unisim_comp.v:117832]
	Parameter DATA_RATE_OQ bound to: DDR - type: string 
	Parameter DATA_RATE_TQ bound to: SDR - type: string 
	Parameter DATA_WIDTH bound to: 10 - type: integer 
	Parameter SERDES_MODE bound to: SLAVE - type: string 
	Parameter TBYTE_CTL bound to: FALSE - type: string 
	Parameter TBYTE_SRC bound to: FALSE - type: string 
	Parameter TRISTATE_WIDTH bound to: 1 - type: integer 
INFO: [Synth 8-6155] done synthesizing module 'OSERDESE2__parameterized0' (0#1) [/mnt/opt/xilinx/Vivado/scripts/rt/data/unisim_comp.v:117832]
INFO: [Synth 8-6157] synthesizing module 'OBUFDS' [/mnt/opt/xilinx/Vivado/scripts/rt/data/unisim_comp.v:113534]
INFO: [Synth 8-6155] done synthesizing module 'OBUFDS' (0#1) [/mnt/opt/xilinx/Vivado/scripts/rt/data/unisim_comp.v:113534]
INFO: [Synth 8-6155] done synthesizing module 'serializer' (0#1) [/home/tiny-gpu-pro-max-main/SystemVerilog/display/serializer.sv:9]
INFO: [Synth 8-6155] done synthesizing module 'hdmiTx' (0#1) [/home/tiny-gpu-pro-max-main/SystemVerilog/display/hdmiTx.sv:8]
INFO: [Synth 8-6155] done synthesizing module 'hdmi_tx_0' (0#1) [/home/tiny-gpu-pro-max-main/SystemVerilog/display/hdmi_tx_0.sv:29]
INFO: [Synth 8-6155] done synthesizing module 'top' (0#1) [/home/tiny-gpu-pro-max-main/SystemVerilog/top.sv:20]
WARNING: [Synth 8-6014] Unused sequential element word_idx_reg was removed.  [/home/tiny-gpu-pro-max-main/SystemVerilog/shared_mem.sv:150]
WARNING: [Synth 8-4767] Trying to implement RAM 'mem_addr[7]0' in registers. Block RAM or DRAM implementation is not possible; see log for reasons. [/home/tiny-gpu-pro-max-main/SystemVerilog/gpu.sv:82]
Reason is one or more of the following :
	1: RAM's read address port stuck at constant. 
	2: RAM's read address port stuck at constant. 
	3: RAM's read address port stuck at constant. 
	4: RAM's read address port stuck at constant. 
	5: RAM's read address port stuck at constant. 
	6: RAM's read address port stuck at constant. 
	7: RAM's read address port stuck at constant. 
	8: RAM's read address port stuck at constant. 
	9: Write port has constant address. 
	10: Write port has constant address. 
	11: Write port has constant address. 
	12: Write port has constant address. 
	13: Write port has constant address. 
	14: Write port has constant address. 
	15: Write port has constant address. 
	16: Write port has constant address. 
	17: Unable to determine number of words or word size in RAM. 
	18: No valid read/write found for RAM. 
WARNING: [Synth 8-4767] Trying to implement RAM 'mem_read[7]0' in registers. Block RAM or DRAM implementation is not possible; see log for reasons. [/home/tiny-gpu-pro-max-main/SystemVerilog/gpu.sv:82]
Reason is one or more of the following :
	1: RAM's read address port stuck at constant. 
	2: RAM's read address port stuck at constant. 
	3: RAM's read address port stuck at constant. 
	4: RAM's read address port stuck at constant. 
	5: RAM's read address port stuck at constant. 
	6: RAM's read address port stuck at constant. 
	7: RAM's read address port stuck at constant. 
	8: RAM's read address port stuck at constant. 
	9: Write port has constant address. 
	10: Write port has constant address. 
	11: Write port has constant address. 
	12: Write port has constant address. 
	13: Write port has constant address. 
	14: Write port has constant address. 
	15: Write port has constant address. 
	16: Write port has constant address. 
	17: Unable to determine number of words or word size in RAM. 
	18: No valid read/write found for RAM. 
WARNING: [Synth 8-4767] Trying to implement RAM 'mem_write[7]0' in registers. Block RAM or DRAM implementation is not possible; see log for reasons. [/home/tiny-gpu-pro-max-main/SystemVerilog/gpu.sv:82]
Reason is one or more of the following :
	1: RAM's read address port stuck at constant. 
	2: RAM's read address port stuck at constant. 
	3: RAM's read address port stuck at constant. 
	4: RAM's read address port stuck at constant. 
	5: RAM's read address port stuck at constant. 
	6: RAM's read address port stuck at constant. 
	7: RAM's read address port stuck at constant. 
	8: RAM's read address port stuck at constant. 
	9: Write port has constant address. 
	10: Write port has constant address. 
	11: Write port has constant address. 
	12: Write port has constant address. 
	13: Write port has constant address. 
	14: Write port has constant address. 
	15: Write port has constant address. 
	16: Write port has constant address. 
	17: Unable to determine number of words or word size in RAM. 
	18: No valid read/write found for RAM. 
WARNING: [Synth 8-4767] Trying to implement RAM 'mem_wdata[7]0' in registers. Block RAM or DRAM implementation is not possible; see log for reasons. [/home/tiny-gpu-pro-max-main/SystemVerilog/gpu.sv:82]
Reason is one or more of the following :
	1: RAM's read address port stuck at constant. 
	2: RAM's read address port stuck at constant. 
	3: RAM's read address port stuck at constant. 
	4: RAM's read address port stuck at constant. 
	5: RAM's read address port stuck at constant. 
	6: RAM's read address port stuck at constant. 
	7: RAM's read address port stuck at constant. 
	8: RAM's read address port stuck at constant. 
	9: Write port has constant address. 
	10: Write port has constant address. 
	11: Write port has constant address. 
	12: Write port has constant address. 
	13: Write port has constant address. 
	14: Write port has constant address. 
	15: Write port has constant address. 
	16: Write port has constant address. 
	17: Unable to determine number of words or word size in RAM. 
	18: No valid read/write found for RAM. 
WARNING: [Synth 8-4767] Trying to implement RAM 'byte_en[7]0' in registers. Block RAM or DRAM implementation is not possible; see log for reasons. [/home/tiny-gpu-pro-max-main/SystemVerilog/gpu.sv:82]
Reason is one or more of the following :
	1: RAM's read address port stuck at constant. 
	2: RAM's read address port stuck at constant. 
	3: RAM's read address port stuck at constant. 
	4: RAM's read address port stuck at constant. 
	5: RAM's read address port stuck at constant. 
	6: RAM's read address port stuck at constant. 
	7: RAM's read address port stuck at constant. 
	8: RAM's read address port stuck at constant. 
	9: Write port has constant address. 
	10: Write port has constant address. 
	11: Write port has constant address. 
	12: Write port has constant address. 
	13: Write port has constant address. 
	14: Write port has constant address. 
	15: Write port has constant address. 
	16: Write port has constant address. 
	17: Unable to determine number of words or word size in RAM. 
	18: No valid read/write found for RAM. 
WARNING: [Synth 8-4767] Trying to implement RAM 'dt_idx[7]0' in registers. Block RAM or DRAM implementation is not possible; see log for reasons. [/home/tiny-gpu-pro-max-main/SystemVerilog/gpu.sv:88]
Reason is one or more of the following :
	1: RAM's read address port stuck at constant. 
	2: RAM's read address port stuck at constant. 
	3: RAM's read address port stuck at constant. 
	4: RAM's read address port stuck at constant. 
	5: RAM's read address port stuck at constant. 
	6: RAM's read address port stuck at constant. 
	7: RAM's read address port stuck at constant. 
	8: RAM's read address port stuck at constant. 
	9: Write port has constant address. 
	10: Write port has constant address. 
	11: Write port has constant address. 
	12: Write port has constant address. 
	13: Write port has constant address. 
	14: Write port has constant address. 
	15: Write port has constant address. 
	16: Write port has constant address. 
	17: Unable to determine number of words or word size in RAM. 
	18: No valid read/write found for RAM. 
WARNING: [Synth 8-4767] Trying to implement RAM 'dt_read[7]0' in registers. Block RAM or DRAM implementation is not possible; see log for reasons. [/home/tiny-gpu-pro-max-main/SystemVerilog/gpu.sv:88]
Reason is one or more of the following :
	1: RAM's read address port stuck at constant. 
	2: RAM's read address port stuck at constant. 
	3: RAM's read address port stuck at constant. 
	4: RAM's read address port stuck at constant. 
	5: RAM's read address port stuck at constant. 
	6: RAM's read address port stuck at constant. 
	7: RAM's read address port stuck at constant. 
	8: RAM's read address port stuck at constant. 
	9: Write port has constant address. 
	10: Write port has constant address. 
	11: Write port has constant address. 
	12: Write port has constant address. 
	13: Write port has constant address. 
	14: Write port has constant address. 
	15: Write port has constant address. 
	16: Write port has constant address. 
	17: Unable to determine number of words or word size in RAM. 
	18: No valid read/write found for RAM. 
WARNING: [Synth 8-4767] Trying to implement RAM 'dt_write[7]0' in registers. Block RAM or DRAM implementation is not possible; see log for reasons. [/home/tiny-gpu-pro-max-main/SystemVerilog/gpu.sv:88]
Reason is one or more of the following :
	1: RAM's read address port stuck at constant. 
	2: RAM's read address port stuck at constant. 
	3: RAM's read address port stuck at constant. 
	4: RAM's read address port stuck at constant. 
	5: RAM's read address port stuck at constant. 
	6: RAM's read address port stuck at constant. 
	7: RAM's read address port stuck at constant. 
	8: RAM's read address port stuck at constant. 
	9: Write port has constant address. 
	10: Write port has constant address. 
	11: Write port has constant address. 
	12: Write port has constant address. 
	13: Write port has constant address. 
	14: Write port has constant address. 
	15: Write port has constant address. 
	16: Write port has constant address. 
	17: Unable to determine number of words or word size in RAM. 
	18: No valid read/write found for RAM. 
WARNING: [Synth 8-4767] Trying to implement RAM 'dt_wdata[7]0' in registers. Block RAM or DRAM implementation is not possible; see log for reasons. [/home/tiny-gpu-pro-max-main/SystemVerilog/gpu.sv:88]
Reason is one or more of the following :
	1: RAM's read address port stuck at constant. 
	2: RAM's read address port stuck at constant. 
	3: RAM's read address port stuck at constant. 
	4: RAM's read address port stuck at constant. 
	5: RAM's read address port stuck at constant. 
	6: RAM's read address port stuck at constant. 
	7: RAM's read address port stuck at constant. 
	8: RAM's read address port stuck at constant. 
	9: Write port has constant address. 
	10: Write port has constant address. 
	11: Write port has constant address. 
	12: Write port has constant address. 
	13: Write port has constant address. 
	14: Write port has constant address. 
	15: Write port has constant address. 
	16: Write port has constant address. 
	17: Unable to determine number of words or word size in RAM. 
	18: No valid read/write found for RAM. 
WARNING: [Synth 8-4767] Trying to implement RAM 'mem_rdata[7]0' in registers. Block RAM or DRAM implementation is not possible; see log for reasons. [/home/tiny-gpu-pro-max-main/SystemVerilog/gpu.sv:76]
Reason is one or more of the following :
	1: RAM's read address port stuck at constant. 
	2: RAM's read address port stuck at constant. 
	3: RAM's read address port stuck at constant. 
	4: RAM's read address port stuck at constant. 
	5: RAM's read address port stuck at constant. 
	6: RAM's read address port stuck at constant. 
	7: RAM's read address port stuck at constant. 
	8: RAM's read address port stuck at constant. 
	9: Write port has constant address. 
	10: Write port has constant address. 
	11: Write port has constant address. 
	12: Write port has constant address. 
	13: Write port has constant address. 
	14: Write port has constant address. 
	15: Write port has constant address. 
	16: Write port has constant address. 
	17: Unable to determine number of words or word size in RAM. 
	18: No valid read/write found for RAM. 
WARNING: [Synth 8-4767] Trying to implement RAM 'mem_valid[7]0' in registers. Block RAM or DRAM implementation is not possible; see log for reasons. [/home/tiny-gpu-pro-max-main/SystemVerilog/gpu.sv:76]
Reason is one or more of the following :
	1: RAM's read address port stuck at constant. 
	2: RAM's read address port stuck at constant. 
	3: RAM's read address port stuck at constant. 
	4: RAM's read address port stuck at constant. 
	5: RAM's read address port stuck at constant. 
	6: RAM's read address port stuck at constant. 
	7: RAM's read address port stuck at constant. 
	8: RAM's read address port stuck at constant. 
	9: Write port has constant address. 
	10: Write port has constant address. 
	11: Write port has constant address. 
	12: Write port has constant address. 
	13: Write port has constant address. 
	14: Write port has constant address. 
	15: Write port has constant address. 
	16: Write port has constant address. 
	17: Unable to determine number of words or word size in RAM. 
	18: No valid read/write found for RAM. 
WARNING: [Synth 8-4767] Trying to implement RAM 'dt_rdata[7]0' in registers. Block RAM or DRAM implementation is not possible; see log for reasons. [/home/tiny-gpu-pro-max-main/SystemVerilog/gpu.sv:76]
Reason is one or more of the following :
	1: RAM's read address port stuck at constant. 
	2: RAM's read address port stuck at constant. 
	3: RAM's read address port stuck at constant. 
	4: RAM's read address port stuck at constant. 
	5: RAM's read address port stuck at constant. 
	6: RAM's read address port stuck at constant. 
	7: RAM's read address port stuck at constant. 
	8: RAM's read address port stuck at constant. 
	9: Write port has constant address. 
	10: Write port has constant address. 
	11: Write port has constant address. 
	12: Write port has constant address. 
	13: Write port has constant address. 
	14: Write port has constant address. 
	15: Write port has constant address. 
	16: Write port has constant address. 
	17: Unable to determine number of words or word size in RAM. 
	18: No valid read/write found for RAM. 
WARNING: [Synth 8-4767] Trying to implement RAM 'dt_valid[7]0' in registers. Block RAM or DRAM implementation is not possible; see log for reasons. [/home/tiny-gpu-pro-max-main/SystemVerilog/gpu.sv:76]
Reason is one or more of the following :
	1: RAM's read address port stuck at constant. 
	2: RAM's read address port stuck at constant. 
	3: RAM's read address port stuck at constant. 
	4: RAM's read address port stuck at constant. 
	5: RAM's read address port stuck at constant. 
	6: RAM's read address port stuck at constant. 
	7: RAM's read address port stuck at constant. 
	8: RAM's read address port stuck at constant. 
	9: Write port has constant address. 
	10: Write port has constant address. 
	11: Write port has constant address. 
	12: Write port has constant address. 
	13: Write port has constant address. 
	14: Write port has constant address. 
	15: Write port has constant address. 
	16: Write port has constant address. 
	17: Unable to determine number of words or word size in RAM. 
	18: No valid read/write found for RAM. 
WARNING: [Synth 8-3848] Net mem_rdata0 in module/entity gpu does not have driver. [/home/tiny-gpu-pro-max-main/SystemVerilog/gpu.sv:82]
WARNING: [Synth 8-3848] Net mem_rdata0 in module/entity gpu does not have driver. [/home/tiny-gpu-pro-max-main/SystemVerilog/gpu.sv:82]
WARNING: [Synth 8-3848] Net mem_rdata0 in module/entity gpu does not have driver. [/home/tiny-gpu-pro-max-main/SystemVerilog/gpu.sv:82]
WARNING: [Synth 8-3848] Net mem_rdata0 in module/entity gpu does not have driver. [/home/tiny-gpu-pro-max-main/SystemVerilog/gpu.sv:82]
WARNING: [Synth 8-3848] Net mem_rdata0 in module/entity gpu does not have driver. [/home/tiny-gpu-pro-max-main/SystemVerilog/gpu.sv:82]
WARNING: [Synth 8-3848] Net mem_rdata0 in module/entity gpu does not have driver. [/home/tiny-gpu-pro-max-main/SystemVerilog/gpu.sv:82]
WARNING: [Synth 8-3848] Net mem_rdata0 in module/entity gpu does not have driver. [/home/tiny-gpu-pro-max-main/SystemVerilog/gpu.sv:82]
WARNING: [Synth 8-3848] Net mem_rdata0 in module/entity gpu does not have driver. [/home/tiny-gpu-pro-max-main/SystemVerilog/gpu.sv:82]
WARNING: [Synth 8-3848] Net mem_rdata0 in module/entity gpu does not have driver. [/home/tiny-gpu-pro-max-main/SystemVerilog/gpu.sv:82]
WARNING: [Synth 8-3848] Net mem_rdata0 in module/entity gpu does not have driver. [/home/tiny-gpu-pro-max-main/SystemVerilog/gpu.sv:82]
WARNING: [Synth 8-3848] Net mem_rdata0 in module/entity gpu does not have driver. [/home/tiny-gpu-pro-max-main/SystemVerilog/gpu.sv:82]
WARNING: [Synth 8-3848] Net mem_rdata0 in module/entity gpu does not have driver. [/home/tiny-gpu-pro-max-main/SystemVerilog/gpu.sv:82]
WARNING: [Synth 8-3848] Net mem_rdata0 in module/entity gpu does not have driver. [/home/tiny-gpu-pro-max-main/SystemVerilog/gpu.sv:82]
WARNING: [Synth 8-3848] Net mem_rdata0 in module/entity gpu does not have driver. [/home/tiny-gpu-pro-max-main/SystemVerilog/gpu.sv:82]
WARNING: [Synth 8-3848] Net mem_rdata0 in module/entity gpu does not have driver. [/home/tiny-gpu-pro-max-main/SystemVerilog/gpu.sv:82]
WARNING: [Synth 8-3848] Net mem_rdata0 in module/entity gpu does not have driver. [/home/tiny-gpu-pro-max-main/SystemVerilog/gpu.sv:82]
WARNING: [Synth 8-3848] Net mem_rdata0 in module/entity gpu does not have driver. [/home/tiny-gpu-pro-max-main/SystemVerilog/gpu.sv:82]
WARNING: [Synth 8-3848] Net mem_rdata0 in module/entity gpu does not have driver. [/home/tiny-gpu-pro-max-main/SystemVerilog/gpu.sv:82]
WARNING: [Synth 8-3848] Net mem_rdata0 in module/entity gpu does not have driver. [/home/tiny-gpu-pro-max-main/SystemVerilog/gpu.sv:82]
WARNING: [Synth 8-3848] Net mem_rdata0 in module/entity gpu does not have driver. [/home/tiny-gpu-pro-max-main/SystemVerilog/gpu.sv:82]
WARNING: [Synth 8-3848] Net mem_rdata0 in module/entity gpu does not have driver. [/home/tiny-gpu-pro-max-main/SystemVerilog/gpu.sv:82]
WARNING: [Synth 8-3848] Net mem_rdata0 in module/entity gpu does not have driver. [/home/tiny-gpu-pro-max-main/SystemVerilog/gpu.sv:82]
WARNING: [Synth 8-3848] Net mem_rdata0 in module/entity gpu does not have driver. [/home/tiny-gpu-pro-max-main/SystemVerilog/gpu.sv:82]
WARNING: [Synth 8-3848] Net mem_rdata0 in module/entity gpu does not have driver. [/home/tiny-gpu-pro-max-main/SystemVerilog/gpu.sv:82]
WARNING: [Synth 8-3848] Net mem_rdata0 in module/entity gpu does not have driver. [/home/tiny-gpu-pro-max-main/SystemVerilog/gpu.sv:82]
WARNING: [Synth 8-3848] Net mem_rdata0 in module/entity gpu does not have driver. [/home/tiny-gpu-pro-max-main/SystemVerilog/gpu.sv:82]
WARNING: [Synth 8-3848] Net mem_rdata0 in module/entity gpu does not have driver. [/home/tiny-gpu-pro-max-main/SystemVerilog/gpu.sv:82]
WARNING: [Synth 8-3848] Net mem_rdata0 in module/entity gpu does not have driver. [/home/tiny-gpu-pro-max-main/SystemVerilog/gpu.sv:82]
WARNING: [Synth 8-3848] Net mem_rdata0 in module/entity gpu does not have driver. [/home/tiny-gpu-pro-max-main/SystemVerilog/gpu.sv:82]
WARNING: [Synth 8-3848] Net mem_rdata0 in module/entity gpu does not have driver. [/home/tiny-gpu-pro-max-main/SystemVerilog/gpu.sv:82]
WARNING: [Synth 8-3848] Net mem_rdata0 in module/entity gpu does not have driver. [/home/tiny-gpu-pro-max-main/SystemVerilog/gpu.sv:82]
WARNING: [Synth 8-3848] Net mem_rdata0 in module/entity gpu does not have driver. [/home/tiny-gpu-pro-max-main/SystemVerilog/gpu.sv:82]
WARNING: [Synth 8-3848] Net mem_rdata0 in module/entity gpu does not have driver. [/home/tiny-gpu-pro-max-main/SystemVerilog/gpu.sv:82]
WARNING: [Synth 8-3848] Net mem_rdata0 in module/entity gpu does not have driver. [/home/tiny-gpu-pro-max-main/SystemVerilog/gpu.sv:82]
WARNING: [Synth 8-3848] Net mem_rdata0 in module/entity gpu does not have driver. [/home/tiny-gpu-pro-max-main/SystemVerilog/gpu.sv:82]
WARNING: [Synth 8-3848] Net mem_rdata0 in module/entity gpu does not have driver. [/home/tiny-gpu-pro-max-main/SystemVerilog/gpu.sv:82]
WARNING: [Synth 8-3848] Net mem_rdata0 in module/entity gpu does not have driver. [/home/tiny-gpu-pro-max-main/SystemVerilog/gpu.sv:82]
WARNING: [Synth 8-3848] Net mem_rdata0 in module/entity gpu does not have driver. [/home/tiny-gpu-pro-max-main/SystemVerilog/gpu.sv:82]
WARNING: [Synth 8-3848] Net mem_rdata0 in module/entity gpu does not have driver. [/home/tiny-gpu-pro-max-main/SystemVerilog/gpu.sv:82]
WARNING: [Synth 8-3848] Net mem_rdata0 in module/entity gpu does not have driver. [/home/tiny-gpu-pro-max-main/SystemVerilog/gpu.sv:82]
WARNING: [Synth 8-3848] Net mem_rdata0 in module/entity gpu does not have driver. [/home/tiny-gpu-pro-max-main/SystemVerilog/gpu.sv:82]
WARNING: [Synth 8-3848] Net mem_rdata0 in module/entity gpu does not have driver. [/home/tiny-gpu-pro-max-main/SystemVerilog/gpu.sv:82]
WARNING: [Synth 8-3848] Net mem_rdata0 in module/entity gpu does not have driver. [/home/tiny-gpu-pro-max-main/SystemVerilog/gpu.sv:82]
WARNING: [Synth 8-3848] Net mem_rdata0 in module/entity gpu does not have driver. [/home/tiny-gpu-pro-max-main/SystemVerilog/gpu.sv:82]
WARNING: [Synth 8-3848] Net mem_rdata0 in module/entity gpu does not have driver. [/home/tiny-gpu-pro-max-main/SystemVerilog/gpu.sv:82]
WARNING: [Synth 8-3848] Net mem_rdata0 in module/entity gpu does not have driver. [/home/tiny-gpu-pro-max-main/SystemVerilog/gpu.sv:82]
WARNING: [Synth 8-3848] Net mem_rdata0 in module/entity gpu does not have driver. [/home/tiny-gpu-pro-max-main/SystemVerilog/gpu.sv:82]
WARNING: [Synth 8-3848] Net mem_rdata0 in module/entity gpu does not have driver. [/home/tiny-gpu-pro-max-main/SystemVerilog/gpu.sv:82]
WARNING: [Synth 8-3848] Net mem_rdata0 in module/entity gpu does not have driver. [/home/tiny-gpu-pro-max-main/SystemVerilog/gpu.sv:82]
WARNING: [Synth 8-3848] Net mem_rdata0 in module/entity gpu does not have driver. [/home/tiny-gpu-pro-max-main/SystemVerilog/gpu.sv:82]
WARNING: [Synth 8-3848] Net mem_rdata0 in module/entity gpu does not have driver. [/home/tiny-gpu-pro-max-main/SystemVerilog/gpu.sv:82]
WARNING: [Synth 8-3848] Net mem_rdata0 in module/entity gpu does not have driver. [/home/tiny-gpu-pro-max-main/SystemVerilog/gpu.sv:82]
WARNING: [Synth 8-3848] Net mem_rdata0 in module/entity gpu does not have driver. [/home/tiny-gpu-pro-max-main/SystemVerilog/gpu.sv:82]
WARNING: [Synth 8-3848] Net mem_rdata0 in module/entity gpu does not have driver. [/home/tiny-gpu-pro-max-main/SystemVerilog/gpu.sv:82]
WARNING: [Synth 8-3848] Net mem_rdata0 in module/entity gpu does not have driver. [/home/tiny-gpu-pro-max-main/SystemVerilog/gpu.sv:82]
WARNING: [Synth 8-3848] Net mem_rdata0 in module/entity gpu does not have driver. [/home/tiny-gpu-pro-max-main/SystemVerilog/gpu.sv:82]
WARNING: [Synth 8-3848] Net mem_valid0 in module/entity gpu does not have driver. [/home/tiny-gpu-pro-max-main/SystemVerilog/gpu.sv:82]
WARNING: [Synth 8-3848] Net mem_valid0 in module/entity gpu does not have driver. [/home/tiny-gpu-pro-max-main/SystemVerilog/gpu.sv:82]
WARNING: [Synth 8-3848] Net mem_valid0 in module/entity gpu does not have driver. [/home/tiny-gpu-pro-max-main/SystemVerilog/gpu.sv:82]
WARNING: [Synth 8-3848] Net mem_valid0 in module/entity gpu does not have driver. [/home/tiny-gpu-pro-max-main/SystemVerilog/gpu.sv:82]
WARNING: [Synth 8-3848] Net mem_valid0 in module/entity gpu does not have driver. [/home/tiny-gpu-pro-max-main/SystemVerilog/gpu.sv:82]
WARNING: [Synth 8-3848] Net mem_valid0 in module/entity gpu does not have driver. [/home/tiny-gpu-pro-max-main/SystemVerilog/gpu.sv:82]
WARNING: [Synth 8-3848] Net mem_valid0 in module/entity gpu does not have driver. [/home/tiny-gpu-pro-max-main/SystemVerilog/gpu.sv:82]
WARNING: [Synth 8-3848] Net mem_valid0 in module/entity gpu does not have driver. [/home/tiny-gpu-pro-max-main/SystemVerilog/gpu.sv:82]
WARNING: [Synth 8-3848] Net mem_valid0 in module/entity gpu does not have driver. [/home/tiny-gpu-pro-max-main/SystemVerilog/gpu.sv:82]
WARNING: [Synth 8-3848] Net mem_valid0 in module/entity gpu does not have driver. [/home/tiny-gpu-pro-max-main/SystemVerilog/gpu.sv:82]
WARNING: [Synth 8-3848] Net mem_valid0 in module/entity gpu does not have driver. [/home/tiny-gpu-pro-max-main/SystemVerilog/gpu.sv:82]
WARNING: [Synth 8-3848] Net mem_valid0 in module/entity gpu does not have driver. [/home/tiny-gpu-pro-max-main/SystemVerilog/gpu.sv:82]
WARNING: [Synth 8-3848] Net mem_valid0 in module/entity gpu does not have driver. [/home/tiny-gpu-pro-max-main/SystemVerilog/gpu.sv:82]
WARNING: [Synth 8-3848] Net mem_valid0 in module/entity gpu does not have driver. [/home/tiny-gpu-pro-max-main/SystemVerilog/gpu.sv:82]
WARNING: [Synth 8-3848] Net mem_valid0 in module/entity gpu does not have driver. [/home/tiny-gpu-pro-max-main/SystemVerilog/gpu.sv:82]
WARNING: [Synth 8-3848] Net mem_valid0 in module/entity gpu does not have driver. [/home/tiny-gpu-pro-max-main/SystemVerilog/gpu.sv:82]
WARNING: [Synth 8-3848] Net mem_valid0 in module/entity gpu does not have driver. [/home/tiny-gpu-pro-max-main/SystemVerilog/gpu.sv:82]
WARNING: [Synth 8-3848] Net mem_valid0 in module/entity gpu does not have driver. [/home/tiny-gpu-pro-max-main/SystemVerilog/gpu.sv:82]
WARNING: [Synth 8-3848] Net mem_valid0 in module/entity gpu does not have driver. [/home/tiny-gpu-pro-max-main/SystemVerilog/gpu.sv:82]
WARNING: [Synth 8-3848] Net mem_valid0 in module/entity gpu does not have driver. [/home/tiny-gpu-pro-max-main/SystemVerilog/gpu.sv:82]
WARNING: [Synth 8-3848] Net mem_valid0 in module/entity gpu does not have driver. [/home/tiny-gpu-pro-max-main/SystemVerilog/gpu.sv:82]
WARNING: [Synth 8-3848] Net mem_valid0 in module/entity gpu does not have driver. [/home/tiny-gpu-pro-max-main/SystemVerilog/gpu.sv:82]
WARNING: [Synth 8-3848] Net mem_valid0 in module/entity gpu does not have driver. [/home/tiny-gpu-pro-max-main/SystemVerilog/gpu.sv:82]
WARNING: [Synth 8-3848] Net mem_valid0 in module/entity gpu does not have driver. [/home/tiny-gpu-pro-max-main/SystemVerilog/gpu.sv:82]
WARNING: [Synth 8-3848] Net mem_valid0 in module/entity gpu does not have driver. [/home/tiny-gpu-pro-max-main/SystemVerilog/gpu.sv:82]
WARNING: [Synth 8-3848] Net mem_valid0 in module/entity gpu does not have driver. [/home/tiny-gpu-pro-max-main/SystemVerilog/gpu.sv:82]
WARNING: [Synth 8-3848] Net mem_valid0 in module/entity gpu does not have driver. [/home/tiny-gpu-pro-max-main/SystemVerilog/gpu.sv:82]
WARNING: [Synth 8-3848] Net mem_valid0 in module/entity gpu does not have driver. [/home/tiny-gpu-pro-max-main/SystemVerilog/gpu.sv:82]
WARNING: [Synth 8-3848] Net mem_valid0 in module/entity gpu does not have driver. [/home/tiny-gpu-pro-max-main/SystemVerilog/gpu.sv:82]
WARNING: [Synth 8-3848] Net mem_valid0 in module/entity gpu does not have driver. [/home/tiny-gpu-pro-max-main/SystemVerilog/gpu.sv:82]
WARNING: [Synth 8-3848] Net mem_valid0 in module/entity gpu does not have driver. [/home/tiny-gpu-pro-max-main/SystemVerilog/gpu.sv:82]
WARNING: [Synth 8-3848] Net mem_valid0 in module/entity gpu does not have driver. [/home/tiny-gpu-pro-max-main/SystemVerilog/gpu.sv:82]
WARNING: [Synth 8-3848] Net mem_valid0 in module/entity gpu does not have driver. [/home/tiny-gpu-pro-max-main/SystemVerilog/gpu.sv:82]
WARNING: [Synth 8-3848] Net mem_valid0 in module/entity gpu does not have driver. [/home/tiny-gpu-pro-max-main/SystemVerilog/gpu.sv:82]
WARNING: [Synth 8-3848] Net mem_valid0 in module/entity gpu does not have driver. [/home/tiny-gpu-pro-max-main/SystemVerilog/gpu.sv:82]
WARNING: [Synth 8-3848] Net mem_valid0 in module/entity gpu does not have driver. [/home/tiny-gpu-pro-max-main/SystemVerilog/gpu.sv:82]
WARNING: [Synth 8-3848] Net mem_valid0 in module/entity gpu does not have driver. [/home/tiny-gpu-pro-max-main/SystemVerilog/gpu.sv:82]
WARNING: [Synth 8-3848] Net mem_valid0 in module/entity gpu does not have driver. [/home/tiny-gpu-pro-max-main/SystemVerilog/gpu.sv:82]
WARNING: [Synth 8-3848] Net mem_valid0 in module/entity gpu does not have driver. [/home/tiny-gpu-pro-max-main/SystemVerilog/gpu.sv:82]
WARNING: [Synth 8-3848] Net mem_valid0 in module/entity gpu does not have driver. [/home/tiny-gpu-pro-max-main/SystemVerilog/gpu.sv:82]
WARNING: [Synth 8-3848] Net mem_valid0 in module/entity gpu does not have driver. [/home/tiny-gpu-pro-max-main/SystemVerilog/gpu.sv:82]
WARNING: [Synth 8-3848] Net mem_valid0 in module/entity gpu does not have driver. [/home/tiny-gpu-pro-max-main/SystemVerilog/gpu.sv:82]
WARNING: [Synth 8-3848] Net mem_valid0 in module/entity gpu does not have driver. [/home/tiny-gpu-pro-max-main/SystemVerilog/gpu.sv:82]
WARNING: [Synth 8-3848] Net mem_valid0 in module/entity gpu does not have driver. [/home/tiny-gpu-pro-max-main/SystemVerilog/gpu.sv:82]
INFO: [Common 17-14] Message 'Synth 8-3848' appears 100 times and further instances of the messages will be disabled. Use the Tcl command set_msg_config to change the current settings.
WARNING: [Synth 8-7129] Port disp_rdata[31] in module display_controller is either unconnected or has no load
WARNING: [Synth 8-7129] Port disp_rdata[30] in module display_controller is either unconnected or has no load
WARNING: [Synth 8-7129] Port disp_rdata[29] in module display_controller is either unconnected or has no load
WARNING: [Synth 8-7129] Port disp_rdata[28] in module display_controller is either unconnected or has no load
WARNING: [Synth 8-7129] Port disp_rdata[27] in module display_controller is either unconnected or has no load
WARNING: [Synth 8-7129] Port disp_rdata[26] in module display_controller is either unconnected or has no load
WARNING: [Synth 8-7129] Port disp_rdata[25] in module display_controller is either unconnected or has no load
WARNING: [Synth 8-7129] Port disp_rdata[24] in module display_controller is either unconnected or has no load
WARNING: [Synth 8-7129] Port dt_idx[0][31] in module data_buffer is either unconnected or has no load
WARNING: [Synth 8-7129] Port dt_idx[0][30] in module data_buffer is either unconnected or has no load
WARNING: [Synth 8-7129] Port dt_idx[0][29] in module data_buffer is either unconnected or has no load
WARNING: [Synth 8-7129] Port dt_idx[0][28] in module data_buffer is either unconnected or has no load
WARNING: [Synth 8-7129] Port dt_idx[0][27] in module data_buffer is either unconnected or has no load
WARNING: [Synth 8-7129] Port dt_idx[0][26] in module data_buffer is either unconnected or has no load
WARNING: [Synth 8-7129] Port dt_idx[0][25] in module data_buffer is either unconnected or has no load
WARNING: [Synth 8-7129] Port dt_idx[0][24] in module data_buffer is either unconnected or has no load
WARNING: [Synth 8-7129] Port dt_idx[0][23] in module data_buffer is either unconnected or has no load
WARNING: [Synth 8-7129] Port dt_idx[0][22] in module data_buffer is either unconnected or has no load
WARNING: [Synth 8-7129] Port dt_idx[0][21] in module data_buffer is either unconnected or has no load
WARNING: [Synth 8-7129] Port dt_idx[0][20] in module data_buffer is either unconnected or has no load
WARNING: [Synth 8-7129] Port dt_idx[0][19] in module data_buffer is either unconnected or has no load
WARNING: [Synth 8-7129] Port dt_idx[0][18] in module data_buffer is either unconnected or has no load
WARNING: [Synth 8-7129] Port dt_idx[0][17] in module data_buffer is either unconnected or has no load
WARNING: [Synth 8-7129] Port dt_idx[0][16] in module data_buffer is either unconnected or has no load
WARNING: [Synth 8-7129] Port dt_idx[0][15] in module data_buffer is either unconnected or has no load
WARNING: [Synth 8-7129] Port dt_idx[0][14] in module data_buffer is either unconnected or has no load
WARNING: [Synth 8-7129] Port dt_idx[0][13] in module data_buffer is either unconnected or has no load
WARNING: [Synth 8-7129] Port dt_idx[0][12] in module data_buffer is either unconnected or has no load
WARNING: [Synth 8-7129] Port dt_idx[1][31] in module data_buffer is either unconnected or has no load
WARNING: [Synth 8-7129] Port dt_idx[1][30] in module data_buffer is either unconnected or has no load
WARNING: [Synth 8-7129] Port dt_idx[1][29] in module data_buffer is either unconnected or has no load
WARNING: [Synth 8-7129] Port dt_idx[1][28] in module data_buffer is either unconnected or has no load
WARNING: [Synth 8-7129] Port dt_idx[1][27] in module data_buffer is either unconnected or has no load
WARNING: [Synth 8-7129] Port dt_idx[1][26] in module data_buffer is either unconnected or has no load
WARNING: [Synth 8-7129] Port dt_idx[1][25] in module data_buffer is either unconnected or has no load
WARNING: [Synth 8-7129] Port dt_idx[1][24] in module data_buffer is either unconnected or has no load
WARNING: [Synth 8-7129] Port dt_idx[1][23] in module data_buffer is either unconnected or has no load
WARNING: [Synth 8-7129] Port dt_idx[1][22] in module data_buffer is either unconnected or has no load
WARNING: [Synth 8-7129] Port dt_idx[1][21] in module data_buffer is either unconnected or has no load
WARNING: [Synth 8-7129] Port dt_idx[1][20] in module data_buffer is either unconnected or has no load
WARNING: [Synth 8-7129] Port dt_idx[1][19] in module data_buffer is either unconnected or has no load
WARNING: [Synth 8-7129] Port dt_idx[1][18] in module data_buffer is either unconnected or has no load
WARNING: [Synth 8-7129] Port dt_idx[1][17] in module data_buffer is either unconnected or has no load
WARNING: [Synth 8-7129] Port dt_idx[1][16] in module data_buffer is either unconnected or has no load
WARNING: [Synth 8-7129] Port dt_idx[1][15] in module data_buffer is either unconnected or has no load
WARNING: [Synth 8-7129] Port dt_idx[1][14] in module data_buffer is either unconnected or has no load
WARNING: [Synth 8-7129] Port dt_idx[1][13] in module data_buffer is either unconnected or has no load
WARNING: [Synth 8-7129] Port dt_idx[1][12] in module data_buffer is either unconnected or has no load
WARNING: [Synth 8-7129] Port dt_idx[2][31] in module data_buffer is either unconnected or has no load
WARNING: [Synth 8-7129] Port dt_idx[2][30] in module data_buffer is either unconnected or has no load
WARNING: [Synth 8-7129] Port dt_idx[2][29] in module data_buffer is either unconnected or has no load
WARNING: [Synth 8-7129] Port dt_idx[2][28] in module data_buffer is either unconnected or has no load
WARNING: [Synth 8-7129] Port dt_idx[2][27] in module data_buffer is either unconnected or has no load
WARNING: [Synth 8-7129] Port dt_idx[2][26] in module data_buffer is either unconnected or has no load
WARNING: [Synth 8-7129] Port dt_idx[2][25] in module data_buffer is either unconnected or has no load
WARNING: [Synth 8-7129] Port dt_idx[2][24] in module data_buffer is either unconnected or has no load
WARNING: [Synth 8-7129] Port dt_idx[2][23] in module data_buffer is either unconnected or has no load
WARNING: [Synth 8-7129] Port dt_idx[2][22] in module data_buffer is either unconnected or has no load
WARNING: [Synth 8-7129] Port dt_idx[2][21] in module data_buffer is either unconnected or has no load
WARNING: [Synth 8-7129] Port dt_idx[2][20] in module data_buffer is either unconnected or has no load
WARNING: [Synth 8-7129] Port dt_idx[2][19] in module data_buffer is either unconnected or has no load
WARNING: [Synth 8-7129] Port dt_idx[2][18] in module data_buffer is either unconnected or has no load
WARNING: [Synth 8-7129] Port dt_idx[2][17] in module data_buffer is either unconnected or has no load
WARNING: [Synth 8-7129] Port dt_idx[2][16] in module data_buffer is either unconnected or has no load
WARNING: [Synth 8-7129] Port dt_idx[2][15] in module data_buffer is either unconnected or has no load
WARNING: [Synth 8-7129] Port dt_idx[2][14] in module data_buffer is either unconnected or has no load
WARNING: [Synth 8-7129] Port dt_idx[2][13] in module data_buffer is either unconnected or has no load
WARNING: [Synth 8-7129] Port dt_idx[2][12] in module data_buffer is either unconnected or has no load
WARNING: [Synth 8-7129] Port dt_idx[3][31] in module data_buffer is either unconnected or has no load
WARNING: [Synth 8-7129] Port dt_idx[3][30] in module data_buffer is either unconnected or has no load
WARNING: [Synth 8-7129] Port dt_idx[3][29] in module data_buffer is either unconnected or has no load
WARNING: [Synth 8-7129] Port dt_idx[3][28] in module data_buffer is either unconnected or has no load
WARNING: [Synth 8-7129] Port dt_idx[3][27] in module data_buffer is either unconnected or has no load
WARNING: [Synth 8-7129] Port dt_idx[3][26] in module data_buffer is either unconnected or has no load
WARNING: [Synth 8-7129] Port dt_idx[3][25] in module data_buffer is either unconnected or has no load
WARNING: [Synth 8-7129] Port dt_idx[3][24] in module data_buffer is either unconnected or has no load
WARNING: [Synth 8-7129] Port dt_idx[3][23] in module data_buffer is either unconnected or has no load
WARNING: [Synth 8-7129] Port dt_idx[3][22] in module data_buffer is either unconnected or has no load
WARNING: [Synth 8-7129] Port dt_idx[3][21] in module data_buffer is either unconnected or has no load
WARNING: [Synth 8-7129] Port dt_idx[3][20] in module data_buffer is either unconnected or has no load
WARNING: [Synth 8-7129] Port dt_idx[3][19] in module data_buffer is either unconnected or has no load
WARNING: [Synth 8-7129] Port dt_idx[3][18] in module data_buffer is either unconnected or has no load
WARNING: [Synth 8-7129] Port dt_idx[3][17] in module data_buffer is either unconnected or has no load
WARNING: [Synth 8-7129] Port dt_idx[3][16] in module data_buffer is either unconnected or has no load
WARNING: [Synth 8-7129] Port dt_idx[3][15] in module data_buffer is either unconnected or has no load
WARNING: [Synth 8-7129] Port dt_idx[3][14] in module data_buffer is either unconnected or has no load
WARNING: [Synth 8-7129] Port dt_idx[3][13] in module data_buffer is either unconnected or has no load
WARNING: [Synth 8-7129] Port dt_idx[3][12] in module data_buffer is either unconnected or has no load
WARNING: [Synth 8-7129] Port dt_idx[4][31] in module data_buffer is either unconnected or has no load
WARNING: [Synth 8-7129] Port dt_idx[4][30] in module data_buffer is either unconnected or has no load
WARNING: [Synth 8-7129] Port dt_idx[4][29] in module data_buffer is either unconnected or has no load
WARNING: [Synth 8-7129] Port dt_idx[4][28] in module data_buffer is either unconnected or has no load
WARNING: [Synth 8-7129] Port dt_idx[4][27] in module data_buffer is either unconnected or has no load
WARNING: [Synth 8-7129] Port dt_idx[4][26] in module data_buffer is either unconnected or has no load
WARNING: [Synth 8-7129] Port dt_idx[4][25] in module data_buffer is either unconnected or has no load
WARNING: [Synth 8-7129] Port dt_idx[4][24] in module data_buffer is either unconnected or has no load
WARNING: [Synth 8-7129] Port dt_idx[4][23] in module data_buffer is either unconnected or has no load
WARNING: [Synth 8-7129] Port dt_idx[4][22] in module data_buffer is either unconnected or has no load
WARNING: [Synth 8-7129] Port dt_idx[4][21] in module data_buffer is either unconnected or has no load
WARNING: [Synth 8-7129] Port dt_idx[4][20] in module data_buffer is either unconnected or has no load
INFO: [Common 17-14] Message 'Synth 8-7129' appears 100 times and further instances of the messages will be disabled. Use the Tcl command set_msg_config to change the current settings.
---------------------------------------------------------------------------------
Finished RTL Elaboration : Time (s): cpu = 00:00:04 ; elapsed = 00:00:04 . Memory (MB): peak = 2408.586 ; gain = 474.340 ; free physical = 10175 ; free virtual = 24264
---------------------------------------------------------------------------------
---------------------------------------------------------------------------------
Start Handling Custom Attributes
---------------------------------------------------------------------------------
---------------------------------------------------------------------------------
Finished Handling Custom Attributes : Time (s): cpu = 00:00:04 ; elapsed = 00:00:04 . Memory (MB): peak = 2420.461 ; gain = 486.215 ; free physical = 10175 ; free virtual = 24264
---------------------------------------------------------------------------------
---------------------------------------------------------------------------------
Finished RTL Optimization Phase 1 : Time (s): cpu = 00:00:04 ; elapsed = 00:00:04 . Memory (MB): peak = 2420.461 ; gain = 486.215 ; free physical = 10175 ; free virtual = 24264
---------------------------------------------------------------------------------
Netlist sorting complete. Time (s): cpu = 00:00:00.07 ; elapsed = 00:00:00.07 . Memory (MB): peak = 2426.398 ; gain = 0.000 ; free physical = 10177 ; free virtual = 24266
INFO: [Netlist 29-17] Analyzing 4 Unisim elements for replacement
INFO: [Netlist 29-28] Unisim Transformation completed in 0 CPU seconds
INFO: [Project 1-570] Preparing netlist for logic optimization

Processing XDC Constraints
Initializing timing engine
Parsing XDC File [/home/tiny-gpu-pro-max-main/build/vivado/tiny_gpu.gen/sources_1/ip/clk_wiz_0/clk_wiz_0/clk_wiz_0_in_context.xdc] for cell 'clk_wiz'
Finished Parsing XDC File [/home/tiny-gpu-pro-max-main/build/vivado/tiny_gpu.gen/sources_1/ip/clk_wiz_0/clk_wiz_0/clk_wiz_0_in_context.xdc] for cell 'clk_wiz'
Parsing XDC File [/home/tiny-gpu-pro-max-main/constraints/boolean_mini_gpu.xdc]
Finished Parsing XDC File [/home/tiny-gpu-pro-max-main/constraints/boolean_mini_gpu.xdc]
INFO: [Project 1-236] Implementation specific constraints were found while reading constraint file [/home/tiny-gpu-pro-max-main/constraints/boolean_mini_gpu.xdc]. These constraints will be ignored for synthesis but will be used in implementation. Impacted constraints are listed in the file [.Xil/top_propImpl.xdc].
Resolution: To avoid this warning, move constraints listed in [.Xil/top_propImpl.xdc] to another XDC file and exclude this new file from synthesis with the used_in_synthesis property (File Properties dialog in GUI) and re-run elaboration/synthesis.
Parsing XDC File [/home/tiny-gpu-pro-max-main/build/vivado/tiny_gpu.runs/synth_1/dont_touch.xdc]
Finished Parsing XDC File [/home/tiny-gpu-pro-max-main/build/vivado/tiny_gpu.runs/synth_1/dont_touch.xdc]
Completed Processing XDC Constraints

Netlist sorting complete. Time (s): cpu = 00:00:00 ; elapsed = 00:00:00.01 . Memory (MB): peak = 2532.199 ; gain = 0.000 ; free physical = 10180 ; free virtual = 24270
INFO: [Project 1-111] Unisim Transformation Summary:
  A total of 4 instances were transformed.
  OBUFDS => OBUFDS_DUAL_BUF (INV, OBUFDS(x2)): 4 instances

Constraint Validation Runtime : Time (s): cpu = 00:00:00.02 ; elapsed = 00:00:00.02 . Memory (MB): peak = 2532.234 ; gain = 0.000 ; free physical = 10180 ; free virtual = 24270
---------------------------------------------------------------------------------
Finished Constraint Validation : Time (s): cpu = 00:00:08 ; elapsed = 00:00:08 . Memory (MB): peak = 2532.234 ; gain = 597.988 ; free physical = 10200 ; free virtual = 24289
---------------------------------------------------------------------------------
---------------------------------------------------------------------------------
Start Loading Part and Timing Information
---------------------------------------------------------------------------------
Loading part: xc7s50csga324-1
---------------------------------------------------------------------------------
Finished Loading Part and Timing Information : Time (s): cpu = 00:00:08 ; elapsed = 00:00:08 . Memory (MB): peak = 2540.203 ; gain = 605.957 ; free physical = 10200 ; free virtual = 24289
---------------------------------------------------------------------------------
---------------------------------------------------------------------------------
Start Applying 'set_property' XDC Constraints
---------------------------------------------------------------------------------
---------------------------------------------------------------------------------
Finished applying 'set_property' XDC Constraints : Time (s): cpu = 00:00:08 ; elapsed = 00:00:08 . Memory (MB): peak = 2540.203 ; gain = 605.957 ; free physical = 10200 ; free virtual = 24289
---------------------------------------------------------------------------------
INFO: [Synth 8-802] inferred FSM for state register 'state_reg' in module 'scheduler'
---------------------------------------------------------------------------------------------------
                   State |                     New Encoding |                Previous Encoding 
---------------------------------------------------------------------------------------------------
                 S_FETCH |                           000001 |                             0000
            S_FETCH_WAIT |                           000010 |                             0001
               S_EXECUTE |                           000100 |                             0010
              S_MEM_ADDR |                           001000 |                             0011
              S_MEM_WAIT |                           010000 |                             0100
             S_WRITEBACK |                           100000 |                             0101
---------------------------------------------------------------------------------------------------
INFO: [Synth 8-3354] encoded FSM with state register 'state_reg' using encoding 'one-hot' in module 'scheduler'
---------------------------------------------------------------------------------
Finished RTL Optimization Phase 2 : Time (s): cpu = 00:00:09 ; elapsed = 00:00:09 . Memory (MB): peak = 2540.203 ; gain = 605.957 ; free physical = 10202 ; free virtual = 24293
---------------------------------------------------------------------------------
---------------------------------------------------------------------------------
Start RTL Component Statistics 
---------------------------------------------------------------------------------
Detailed RTL Component Info : 
+---Adders : 
	   3 Input   32 Bit       Adders := 8     
	   2 Input   32 Bit       Adders := 37    
	   2 Input   12 Bit       Adders := 1     
	   4 Input   12 Bit       Adders := 1     
	   2 Input   11 Bit       Adders := 1     
	   4 Input   11 Bit       Adders := 1     
	   2 Input   10 Bit       Adders := 1     
	   5 Input    5 Bit       Adders := 6     
	   4 Input    5 Bit       Adders := 3     
	   8 Input    4 Bit       Adders := 6     
	   2 Input    4 Bit       Adders := 3     
+---XORs : 
	   2 Input     32 Bit         XORs := 8     
	   2 Input      1 Bit         XORs := 42    
+---Registers : 
	               32 Bit    Registers := 323   
	               24 Bit    Registers := 1     
	               11 Bit    Registers := 1     
	               10 Bit    Registers := 4     
	                8 Bit    Registers := 2     
	                5 Bit    Registers := 3     
	                3 Bit    Registers := 9     
	                1 Bit    Registers := 47    
+---Multipliers : 
	              32x32  Multipliers := 8     
+---RAMs : 
	             128K Bit	(4096 X 32 bit)          RAMs := 1     
	              16K Bit	(512 X 32 bit)          RAMs := 8     
+---Muxes : 
	   2 Input   32 Bit        Muxes := 203   
	   4 Input   32 Bit        Muxes := 8     
	   5 Input   32 Bit        Muxes := 2     
	   8 Input   32 Bit        Muxes := 8     
	   4 Input   24 Bit        Muxes := 1     
	   2 Input   18 Bit        Muxes := 1     
	   2 Input   17 Bit        Muxes := 1     
	   2 Input   11 Bit        Muxes := 1     
	   2 Input   10 Bit        Muxes := 12    
	   4 Input   10 Bit        Muxes := 3     
	   8 Input    9 Bit        Muxes := 8     
	   2 Input    8 Bit        Muxes := 12    
	   6 Input    6 Bit        Muxes := 1     
	   4 Input    6 Bit        Muxes := 1     
	   2 Input    6 Bit        Muxes := 2     
	   2 Input    5 Bit        Muxes := 15    
	   2 Input    4 Bit        Muxes := 16    
	   4 Input    4 Bit        Muxes := 8     
	   6 Input    4 Bit        Muxes := 1     
	   2 Input    2 Bit        Muxes := 2     
	   2 Input    1 Bit        Muxes := 583   
	   3 Input    1 Bit        Muxes := 1     
	   8 Input    1 Bit        Muxes := 1     
	   5 Input    1 Bit        Muxes := 1     
---------------------------------------------------------------------------------
Finished RTL Component Statistics 
---------------------------------------------------------------------------------
---------------------------------------------------------------------------------
Start Part Resource Summary
---------------------------------------------------------------------------------
Part Resources:
DSPs: 120 (col length:60)
BRAMs: 150 (col length: RAMB18 60 RAMB36 30)
---------------------------------------------------------------------------------
Finished Part Resource Summary
---------------------------------------------------------------------------------
---------------------------------------------------------------------------------
Start Cross Boundary and Area Optimization
---------------------------------------------------------------------------------
DSP Report: Generating DSP alu_result_comb0, operation Mode is: A*B.
DSP Report: operator alu_result_comb0 is absorbed into DSP alu_result_comb0.
DSP Report: operator alu_result_comb0 is absorbed into DSP alu_result_comb0.
DSP Report: Generating DSP alu_result_comb0, operation Mode is: (PCIN>>17)+A*B.
DSP Report: operator alu_result_comb0 is absorbed into DSP alu_result_comb0.
DSP Report: operator alu_result_comb0 is absorbed into DSP alu_result_comb0.
DSP Report: Generating DSP alu_result_comb0, operation Mode is: A*B.
DSP Report: operator alu_result_comb0 is absorbed into DSP alu_result_comb0.
DSP Report: operator alu_result_comb0 is absorbed into DSP alu_result_comb0.
DSP Report: Generating DSP alu_result_comb0, operation Mode is: (PCIN>>17)+A*B.
DSP Report: operator alu_result_comb0 is absorbed into DSP alu_result_comb0.
DSP Report: operator alu_result_comb0 is absorbed into DSP alu_result_comb0.
INFO: [Synth 8-6851] RAM (u_shared_mem/mem_reg) has partial Byte Wide Write Enable pattern, however no output register found in fanout of RAM. Recommended to use supported Byte Wide Write Enable template. 
INFO: [Synth 8-6851] RAM (u_shared_mem/mem_reg) has partial Byte Wide Write Enable pattern, however no output register found in fanout of RAM. Recommended to use supported Byte Wide Write Enable template. 
---------------------------------------------------------------------------------
Finished Cross Boundary and Area Optimization : Time (s): cpu = 00:01:05 ; elapsed = 00:01:05 . Memory (MB): peak = 3009.938 ; gain = 1075.691 ; free physical = 9758 ; free virtual = 23861
---------------------------------------------------------------------------------
 Sort Area is cpu alu_result_comb0_0 : 0 0 : 3101 5879 : Used 8 time 0
 Sort Area is cpu alu_result_comb0_0 : 0 1 : 2778 5879 : Used 8 time 0
 Sort Area is cpu alu_result_comb0_3 : 0 0 : 2759 5418 : Used 8 time 0
 Sort Area is cpu alu_result_comb0_3 : 0 1 : 2659 5418 : Used 8 time 0
---------------------------------------------------------------------------------
Start ROM, RAM, DSP, Shift Register and Retiming Reporting
---------------------------------------------------------------------------------

Block RAM: Preliminary Mapping Report (see note below)
+-----------------------+-----------------+------------------------+---+---+------------------------+---+---+------------------+--------+--------+
|Module Name            | RTL Object      | PORT A (Depth x Width) | W | R | PORT B (Depth x Width) | W | R | Ports driving FF | RAMB18 | RAMB36 | 
+-----------------------+-----------------+------------------------+---+---+------------------------+---+---+------------------+--------+--------+
|u_gpui_2/u_data_buffer | bank[0].mem_reg | 512 x 32(READ_FIRST)   | W | R | 512 x 32(WRITE_FIRST)  |   | R | Port A and B     | 0      | 1      | 
|u_gpui_2/u_data_buffer | bank[1].mem_reg | 512 x 32(READ_FIRST)   | W | R | 512 x 32(WRITE_FIRST)  |   | R | Port A and B     | 0      | 1      | 
|u_gpui_2/u_data_buffer | bank[2].mem_reg | 512 x 32(READ_FIRST)   | W | R | 512 x 32(WRITE_FIRST)  |   | R | Port A and B     | 0      | 1      | 
|u_gpui_2/u_data_buffer | bank[3].mem_reg | 512 x 32(READ_FIRST)   | W | R | 512 x 32(WRITE_FIRST)  |   | R | Port A and B     | 0      | 1      | 
|u_gpui_2/u_data_buffer | bank[4].mem_reg | 512 x 32(READ_FIRST)   | W | R | 512 x 32(WRITE_FIRST)  |   | R | Port A and B     | 0      | 1      | 
|u_gpui_2/u_data_buffer | bank[5].mem_reg | 512 x 32(READ_FIRST)   | W | R | 512 x 32(WRITE_FIRST)  |   | R | Port A and B     | 0      | 1      | 
|u_gpui_2/u_data_buffer | bank[6].mem_reg | 512 x 32(READ_FIRST)   | W | R | 512 x 32(WRITE_FIRST)  |   | R | Port A and B     | 0      | 1      | 
|u_gpui_2/u_data_buffer | bank[7].mem_reg | 512 x 32(READ_FIRST)   | W | R | 512 x 32(WRITE_FIRST)  |   | R | Port A and B     | 0      | 1      | 
+-----------------------+-----------------+------------------------+---+---+------------------------+---+---+------------------+--------+--------+

Note: The table above is a preliminary report that shows the Block RAMs at the current stage of the synthesis flow. Some Block RAMs may be reimplemented as non Block RAM primitives later in the synthesis flow. Multiple instantiated Block RAMs are reported only once. 

Distributed RAM: Preliminary Mapping Report (see note below)
+------------+----------------------+-----------+----------------------+------------------+
|Module Name | RTL Object           | Inference | Size (Depth x Width) | Primitives       | 
+------------+----------------------+-----------+----------------------+------------------+
|top         | u_shared_mem/mem_reg | Implied   | 4 K x 32             | RAM256X1S x 512  | 
+------------+----------------------+-----------+----------------------+------------------+

Note: The table above is a preliminary report that shows the Distributed RAMs at the current stage of the synthesis flow. Some Distributed RAMs may be reimplemented as non Distributed RAM primitives later in the synthesis flow. Multiple instantiated RAMs are reported only once.

DSP: Preliminary Mapping Report (see note below. The ' indicates corresponding REG is set)
+------------+----------------+--------+--------+--------+--------+--------+------+------+------+------+-------+------+------+
|Module Name | DSP Mapping    | A Size | B Size | C Size | D Size | P Size | AREG | BREG | CREG | DREG | ADREG | MREG | PREG | 
+------------+----------------+--------+--------+--------+--------+--------+------+------+------+------+-------+------+------+
|cpu         | A*B            | 18     | 16     | -      | -      | 48     | 0    | 0    | -    | -    | -     | 0    | 0    | 
|cpu         | (PCIN>>17)+A*B | 16     | 16     | -      | -      | 48     | 0    | 0    | -    | -    | -     | 0    | 0    | 
|cpu         | A*B            | 18     | 18     | -      | -      | 48     | 0    | 0    | -    | -    | -     | 0    | 0    | 
|cpu         | (PCIN>>17)+A*B | 18     | 16     | -      | -      | 48     | 0    | 0    | -    | -    | -     | 0    | 0    | 
+------------+----------------+--------+--------+--------+--------+--------+------+------+------+------+-------+------+------+

Note: The table above is a preliminary report that shows the DSPs inferred at the current stage of the synthesis flow. Some DSP may be reimplemented as non DSP primitives later in the synthesis flow. Multiple instantiated DSPs are reported only once.
---------------------------------------------------------------------------------
Finished ROM, RAM, DSP, Shift Register and Retiming Reporting
---------------------------------------------------------------------------------
---------------------------------------------------------------------------------
Start Applying XDC Timing Constraints
---------------------------------------------------------------------------------
---------------------------------------------------------------------------------
Finished Applying XDC Timing Constraints : Time (s): cpu = 00:01:08 ; elapsed = 00:01:09 . Memory (MB): peak = 3009.938 ; gain = 1075.691 ; free physical = 9756 ; free virtual = 23859
---------------------------------------------------------------------------------
---------------------------------------------------------------------------------
Start Timing Optimization
---------------------------------------------------------------------------------
---------------------------------------------------------------------------------
Finished Timing Optimization : Time (s): cpu = 00:01:16 ; elapsed = 00:01:16 . Memory (MB): peak = 3009.938 ; gain = 1075.691 ; free physical = 9759 ; free virtual = 23863
---------------------------------------------------------------------------------
---------------------------------------------------------------------------------
Start ROM, RAM, DSP, Shift Register and Retiming Reporting
---------------------------------------------------------------------------------

Block RAM: Final Mapping Report
+-----------------------+-----------------+------------------------+---+---+------------------------+---+---+------------------+--------+--------+
|Module Name            | RTL Object      | PORT A (Depth x Width) | W | R | PORT B (Depth x Width) | W | R | Ports driving FF | RAMB18 | RAMB36 | 
+-----------------------+-----------------+------------------------+---+---+------------------------+---+---+------------------+--------+--------+
|u_gpui_2/u_data_buffer | bank[0].mem_reg | 512 x 32(READ_FIRST)   | W | R | 512 x 32(WRITE_FIRST)  |   | R | Port A and B     | 0      | 1      | 
|u_gpui_2/u_data_buffer | bank[1].mem_reg | 512 x 32(READ_FIRST)   | W | R | 512 x 32(WRITE_FIRST)  |   | R | Port A and B     | 0      | 1      | 
|u_gpui_2/u_data_buffer | bank[2].mem_reg | 512 x 32(READ_FIRST)   | W | R | 512 x 32(WRITE_FIRST)  |   | R | Port A and B     | 0      | 1      | 
|u_gpui_2/u_data_buffer | bank[3].mem_reg | 512 x 32(READ_FIRST)   | W | R | 512 x 32(WRITE_FIRST)  |   | R | Port A and B     | 0      | 1      | 
|u_gpui_2/u_data_buffer | bank[4].mem_reg | 512 x 32(READ_FIRST)   | W | R | 512 x 32(WRITE_FIRST)  |   | R | Port A and B     | 0      | 1      | 
|u_gpui_2/u_data_buffer | bank[5].mem_reg | 512 x 32(READ_FIRST)   | W | R | 512 x 32(WRITE_FIRST)  |   | R | Port A and B     | 0      | 1      | 
|u_gpui_2/u_data_buffer | bank[6].mem_reg | 512 x 32(READ_FIRST)   | W | R | 512 x 32(WRITE_FIRST)  |   | R | Port A and B     | 0      | 1      | 
|u_gpui_2/u_data_buffer | bank[7].mem_reg | 512 x 32(READ_FIRST)   | W | R | 512 x 32(WRITE_FIRST)  |   | R | Port A and B     | 0      | 1      | 
+-----------------------+-----------------+------------------------+---+---+------------------------+---+---+------------------+--------+--------+


Distributed RAM: Final Mapping Report
+------------+----------------------+-----------+----------------------+------------------+
|Module Name | RTL Object           | Inference | Size (Depth x Width) | Primitives       | 
+------------+----------------------+-----------+----------------------+------------------+
|top         | u_shared_mem/mem_reg | Implied   | 4 K x 32             | RAM256X1S x 512  | 
+------------+----------------------+-----------+----------------------+------------------+

---------------------------------------------------------------------------------
Finished ROM, RAM, DSP, Shift Register and Retiming Reporting
---------------------------------------------------------------------------------
---------------------------------------------------------------------------------
Start Technology Mapping
---------------------------------------------------------------------------------
INFO: [Synth 8-7052] The timing for the instance u_gpu/u_data_buffer/bank[0].mem_reg (implemented as a Block RAM) might be sub-optimal as no optional output register could be merged into the ram block. Providing additional output register may help in improving timing.
INFO: [Synth 8-7052] The timing for the instance u_gpu/u_data_buffer/bank[0].mem_reg (implemented as a Block RAM) might be sub-optimal as no optional output register could be merged into the ram block. Providing additional output register may help in improving timing.
INFO: [Synth 8-7052] The timing for the instance u_gpu/u_data_buffer/bank[1].mem_reg (implemented as a Block RAM) might be sub-optimal as no optional output register could be merged into the ram block. Providing additional output register may help in improving timing.
INFO: [Synth 8-7052] The timing for the instance u_gpu/u_data_buffer/bank[1].mem_reg (implemented as a Block RAM) might be sub-optimal as no optional output register could be merged into the ram block. Providing additional output register may help in improving timing.
INFO: [Synth 8-7052] The timing for the instance u_gpu/u_data_buffer/bank[2].mem_reg (implemented as a Block RAM) might be sub-optimal as no optional output register could be merged into the ram block. Providing additional output register may help in improving timing.
INFO: [Synth 8-7052] The timing for the instance u_gpu/u_data_buffer/bank[2].mem_reg (implemented as a Block RAM) might be sub-optimal as no optional output register could be merged into the ram block. Providing additional output register may help in improving timing.
INFO: [Synth 8-7052] The timing for the instance u_gpu/u_data_buffer/bank[3].mem_reg (implemented as a Block RAM) might be sub-optimal as no optional output register could be merged into the ram block. Providing additional output register may help in improving timing.
INFO: [Synth 8-7052] The timing for the instance u_gpu/u_data_buffer/bank[3].mem_reg (implemented as a Block RAM) might be sub-optimal as no optional output register could be merged into the ram block. Providing additional output register may help in improving timing.
INFO: [Synth 8-7052] The timing for the instance u_gpu/u_data_buffer/bank[4].mem_reg (implemented as a Block RAM) might be sub-optimal as no optional output register could be merged into the ram block. Providing additional output register may help in improving timing.
INFO: [Synth 8-7052] The timing for the instance u_gpu/u_data_buffer/bank[4].mem_reg (implemented as a Block RAM) might be sub-optimal as no optional output register could be merged into the ram block. Providing additional output register may help in improving timing.
INFO: [Synth 8-7052] The timing for the instance u_gpu/u_data_buffer/bank[5].mem_reg (implemented as a Block RAM) might be sub-optimal as no optional output register could be merged into the ram block. Providing additional output register may help in improving timing.
INFO: [Synth 8-7052] The timing for the instance u_gpu/u_data_buffer/bank[5].mem_reg (implemented as a Block RAM) might be sub-optimal as no optional output register could be merged into the ram block. Providing additional output register may help in improving timing.
INFO: [Synth 8-7052] The timing for the instance u_gpu/u_data_buffer/bank[6].mem_reg (implemented as a Block RAM) might be sub-optimal as no optional output register could be merged into the ram block. Providing additional output register may help in improving timing.
INFO: [Synth 8-7052] The timing for the instance u_gpu/u_data_buffer/bank[6].mem_reg (implemented as a Block RAM) might be sub-optimal as no optional output register could be merged into the ram block. Providing additional output register may help in improving timing.
INFO: [Synth 8-7052] The timing for the instance u_gpu/u_data_buffer/bank[7].mem_reg (implemented as a Block RAM) might be sub-optimal as no optional output register could be merged into the ram block. Providing additional output register may help in improving timing.
INFO: [Synth 8-7052] The timing for the instance u_gpu/u_data_buffer/bank[7].mem_reg (implemented as a Block RAM) might be sub-optimal as no optional output register could be merged into the ram block. Providing additional output register may help in improving timing.
---------------------------------------------------------------------------------
Finished Technology Mapping : Time (s): cpu = 00:01:22 ; elapsed = 00:01:22 . Memory (MB): peak = 3009.938 ; gain = 1075.691 ; free physical = 9766 ; free virtual = 23869
---------------------------------------------------------------------------------
---------------------------------------------------------------------------------
Start IO Insertion
---------------------------------------------------------------------------------
---------------------------------------------------------------------------------
Start Flattening Before IO Insertion
---------------------------------------------------------------------------------
---------------------------------------------------------------------------------
Finished Flattening Before IO Insertion
---------------------------------------------------------------------------------
---------------------------------------------------------------------------------
Start Final Netlist Cleanup
---------------------------------------------------------------------------------
---------------------------------------------------------------------------------
Finished Final Netlist Cleanup
---------------------------------------------------------------------------------
---------------------------------------------------------------------------------
Finished IO Insertion : Time (s): cpu = 00:01:25 ; elapsed = 00:01:25 . Memory (MB): peak = 3009.938 ; gain = 1075.691 ; free physical = 9766 ; free virtual = 23869
---------------------------------------------------------------------------------
---------------------------------------------------------------------------------
Start Renaming Generated Instances
---------------------------------------------------------------------------------
---------------------------------------------------------------------------------
Finished Renaming Generated Instances : Time (s): cpu = 00:01:25 ; elapsed = 00:01:25 . Memory (MB): peak = 3009.938 ; gain = 1075.691 ; free physical = 9766 ; free virtual = 23869
---------------------------------------------------------------------------------
---------------------------------------------------------------------------------
Start Rebuilding User Hierarchy
---------------------------------------------------------------------------------
---------------------------------------------------------------------------------
Finished Rebuilding User Hierarchy : Time (s): cpu = 00:01:27 ; elapsed = 00:01:27 . Memory (MB): peak = 3009.938 ; gain = 1075.691 ; free physical = 9765 ; free virtual = 23868
---------------------------------------------------------------------------------
---------------------------------------------------------------------------------
Start Renaming Generated Ports
---------------------------------------------------------------------------------
---------------------------------------------------------------------------------
Finished Renaming Generated Ports : Time (s): cpu = 00:01:27 ; elapsed = 00:01:27 . Memory (MB): peak = 3009.938 ; gain = 1075.691 ; free physical = 9765 ; free virtual = 23868
---------------------------------------------------------------------------------
---------------------------------------------------------------------------------
Start Handling Custom Attributes
---------------------------------------------------------------------------------
---------------------------------------------------------------------------------
Finished Handling Custom Attributes : Time (s): cpu = 00:01:27 ; elapsed = 00:01:27 . Memory (MB): peak = 3009.938 ; gain = 1075.691 ; free physical = 9764 ; free virtual = 23867
---------------------------------------------------------------------------------
---------------------------------------------------------------------------------
Start Renaming Generated Nets
---------------------------------------------------------------------------------
---------------------------------------------------------------------------------
Finished Renaming Generated Nets : Time (s): cpu = 00:01:27 ; elapsed = 00:01:27 . Memory (MB): peak = 3009.938 ; gain = 1075.691 ; free physical = 9764 ; free virtual = 23867
---------------------------------------------------------------------------------
---------------------------------------------------------------------------------
Start Writing Synthesis Report
---------------------------------------------------------------------------------

DSP Final Report (the ' indicates corresponding REG is set)
+------------+--------------+--------+--------+--------+--------+--------+------+------+------+------+-------+------+------+
|Module Name | DSP Mapping  | A Size | B Size | C Size | D Size | P Size | AREG | BREG | CREG | DREG | ADREG | MREG | PREG | 
+------------+--------------+--------+--------+--------+--------+--------+------+------+------+------+-------+------+------+
|cpu         | A*B          | 17     | 15     | -      | -      | 48     | 0    | 0    | -    | -    | -     | 0    | 0    | 
|cpu         | A*B          | 17     | 17     | -      | -      | 48     | 0    | 0    | -    | -    | -     | 0    | 0    | 
|cpu         | PCIN>>17+A*B | 17     | 15     | -      | -      | 48     | 0    | 0    | -    | -    | -     | 0    | 0    | 
|cpu         | A*B          | 17     | 15     | -      | -      | 48     | 0    | 0    | -    | -    | -     | 0    | 0    | 
|cpu         | A*B          | 17     | 17     | -      | -      | 48     | 0    | 0    | -    | -    | -     | 0    | 0    | 
|cpu         | PCIN>>17+A*B | 0      | 15     | -      | -      | 48     | 0    | 0    | -    | -    | -     | 0    | 0    | 
|cpu         | A*B          | 17     | 15     | -      | -      | 48     | 0    | 0    | -    | -    | -     | 0    | 0    | 
|cpu         | A*B          | 17     | 17     | -      | -      | 48     | 0    | 0    | -    | -    | -     | 0    | 0    | 
|cpu         | PCIN>>17+A*B | 0      | 15     | -      | -      | 48     | 0    | 0    | -    | -    | -     | 0    | 0    | 
|cpu         | A*B          | 17     | 15     | -      | -      | 48     | 0    | 0    | -    | -    | -     | 0    | 0    | 
|cpu         | A*B          | 17     | 17     | -      | -      | 48     | 0    | 0    | -    | -    | -     | 0    | 0    | 
|cpu         | PCIN>>17+A*B | 0      | 15     | -      | -      | 48     | 0    | 0    | -    | -    | -     | 0    | 0    | 
|cpu         | A*B          | 17     | 15     | -      | -      | 48     | 0    | 0    | -    | -    | -     | 0    | 0    | 
|cpu         | A*B          | 17     | 17     | -      | -      | 48     | 0    | 0    | -    | -    | -     | 0    | 0    | 
|cpu         | PCIN>>17+A*B | 0      | 15     | -      | -      | 48     | 0    | 0    | -    | -    | -     | 0    | 0    | 
|cpu         | A*B          | 17     | 15     | -      | -      | 48     | 0    | 0    | -    | -    | -     | 0    | 0    | 
|cpu         | A*B          | 17     | 17     | -      | -      | 48     | 0    | 0    | -    | -    | -     | 0    | 0    | 
|cpu         | PCIN>>17+A*B | 0      | 15     | -      | -      | 48     | 0    | 0    | -    | -    | -     | 0    | 0    | 
|cpu         | A*B          | 17     | 15     | -      | -      | 48     | 0    | 0    | -    | -    | -     | 0    | 0    | 
|cpu         | A*B          | 17     | 17     | -      | -      | 48     | 0    | 0    | -    | -    | -     | 0    | 0    | 
|cpu         | PCIN>>17+A*B | 0      | 15     | -      | -      | 48     | 0    | 0    | -    | -    | -     | 0    | 0    | 
|cpu         | A*B          | 17     | 15     | -      | -      | 48     | 0    | 0    | -    | -    | -     | 0    | 0    | 
|cpu         | A*B          | 17     | 17     | -      | -      | 48     | 0    | 0    | -    | -    | -     | 0    | 0    | 
|cpu         | PCIN>>17+A*B | 0      | 15     | -      | -      | 48     | 0    | 0    | -    | -    | -     | 0    | 0    | 
+------------+--------------+--------+--------+--------+--------+--------+------+------+------+------+-------+------+------+


Report BlackBoxes: 
+------+--------------+----------+
|      |BlackBox name |Instances |
+------+--------------+----------+
|1     |clk_wiz_0     |         1|
+------+--------------+----------+

Report Cell Usage: 
+------+----------+------+
|      |Cell      |Count |
+------+----------+------+
|1     |clk_wiz   |     1|
|2     |CARRY4    |   467|
|3     |DSP48E1   |    24|
|4     |LUT1      |   838|
|5     |LUT2      |  1262|
|6     |LUT3      |  1295|
|7     |LUT4      |  1754|
|8     |LUT5      |  2925|
|9     |LUT6      |  8860|
|10    |MUXF7     |  1459|
|11    |MUXF8     |    48|
|12    |OSERDESE2 |     8|
|14    |RAM256X1S |   512|
|15    |RAMB36E1  |     8|
|16    |FDCE      |    27|
|17    |FDPE      |    15|
|18    |FDRE      |  9811|
|19    |FDSE      |     1|
|20    |IBUF      |     1|
|21    |OBUF      |     4|
|22    |OBUFDS    |     4|
+------+----------+------+
---------------------------------------------------------------------------------
Finished Writing Synthesis Report : Time (s): cpu = 00:01:27 ; elapsed = 00:01:27 . Memory (MB): peak = 3009.938 ; gain = 1075.691 ; free physical = 9764 ; free virtual = 23867
---------------------------------------------------------------------------------
Synthesis finished with 0 errors, 0 critical warnings and 3 warnings.
Synthesis Optimization Runtime : Time (s): cpu = 00:01:25 ; elapsed = 00:01:26 . Memory (MB): peak = 3009.938 ; gain = 963.918 ; free physical = 9764 ; free virtual = 23867
Synthesis Optimization Complete : Time (s): cpu = 00:01:27 ; elapsed = 00:01:28 . Memory (MB): peak = 3009.945 ; gain = 1075.691 ; free physical = 9764 ; free virtual = 23867
INFO: [Project 1-571] Translating synthesized netlist
Netlist sorting complete. Time (s): cpu = 00:00:00.11 ; elapsed = 00:00:00.12 . Memory (MB): peak = 3009.945 ; gain = 0.000 ; free physical = 9935 ; free virtual = 24038
INFO: [Netlist 29-17] Analyzing 2522 Unisim elements for replacement
INFO: [Netlist 29-28] Unisim Transformation completed in 0 CPU seconds
INFO: [Project 1-570] Preparing netlist for logic optimization
INFO: [Opt 31-138] Pushed 0 inverter(s) to 0 load pin(s).
Netlist sorting complete. Time (s): cpu = 00:00:00 ; elapsed = 00:00:00 . Memory (MB): peak = 3065.965 ; gain = 0.000 ; free physical = 9930 ; free virtual = 24033
INFO: [Project 1-111] Unisim Transformation Summary:
  A total of 516 instances were transformed.
  OBUFDS => OBUFDS_DUAL_BUF (INV, OBUFDS(x2)): 4 instances
  RAM256X1S => RAM256X1S (MUXF7(x2), MUXF8, RAMS64E(x4)): 512 instances

Synth Design complete | Checksum: 498f07f5
INFO: [Common 17-83] Releasing license: Synthesis
112 Infos, 233 Warnings, 0 Critical Warnings and 0 Errors encountered.
synth_design completed successfully
synth_design: Time (s): cpu = 00:01:33 ; elapsed = 00:01:33 . Memory (MB): peak = 3066.000 ; gain = 1387.617 ; free physical = 9929 ; free virtual = 24031
INFO: [Common 17-2834] synth_design peak Physical Memory [PSS] (MB): overall = 2320.940; main = 2090.794; forked = 261.578
INFO: [Common 17-2834] synth_design peak Virtual Memory [VSS] (MB): overall = 3996.562; main = 3065.969; forked = 986.621
Write ShapeDB Complete: Time (s): cpu = 00:00:00.06 ; elapsed = 00:00:00.02 . Memory (MB): peak = 3089.977 ; gain = 0.000 ; free physical = 9929 ; free virtual = 24033
INFO: [Common 17-1381] The checkpoint '/home/tiny-gpu-pro-max-main/build/vivado/tiny_gpu.runs/synth_1/top.dcp' has been generated.
INFO: [Vivado 12-24828] Executing command : report_utilization -file top_utilization_synth.rpt -pb top_utilization_synth.pb
INFO: [Common 17-206] Exiting Vivado at Wed Jul 29 00:08:58 2026...
[Wed Jul 29 00:08:58 2026] synth_1 finished
wait_on_runs: Time (s): cpu = 00:01:44 ; elapsed = 00:01:38 . Memory (MB): peak = 1929.273 ; gain = 0.000 ; free physical = 11813 ; free virtual = 25905
# if {[get_property PROGRESS [get_runs synth_1]] != "100%"} {
#     puts "ERROR: synthesis failed -- see $proj/tiny_gpu.runs/synth_1/runme.log"
#     exit 1
# }
# open_run synth_1 -name synth_1
Design is defaulting to impl run constrset: constrs_1
Design is defaulting to synth run part: xc7s50csga324-1
INFO: [Device 21-403] Loading part xc7s50csga324-1
INFO: [Project 1-5699] Read binary netlist with skipMacroContent - 1
INFO: [Project 1-454] Reading design checkpoint '/home/tiny-gpu-pro-max-main/build/vivado/tiny_gpu.gen/sources_1/ip/clk_wiz_0/clk_wiz_0.dcp' for cell 'clk_wiz'
Netlist sorting complete. Time (s): cpu = 00:00:00.07 ; elapsed = 00:00:00.07 . Memory (MB): peak = 1929.273 ; gain = 0.000 ; free physical = 11665 ; free virtual = 25756
INFO: [Netlist 29-17] Analyzing 2523 Unisim elements for replacement
INFO: [Netlist 29-28] Unisim Transformation completed in 0 CPU seconds
INFO: [Project 1-479] Netlist was created with Vivado 2025.2
INFO: [Project 1-570] Preparing netlist for logic optimization
Parsing XDC File [/home/tiny-gpu-pro-max-main/build/vivado/tiny_gpu.gen/sources_1/ip/clk_wiz_0/clk_wiz_0_board.xdc] for cell 'clk_wiz/inst'
Finished Parsing XDC File [/home/tiny-gpu-pro-max-main/build/vivado/tiny_gpu.gen/sources_1/ip/clk_wiz_0/clk_wiz_0_board.xdc] for cell 'clk_wiz/inst'
Parsing XDC File [/home/tiny-gpu-pro-max-main/build/vivado/tiny_gpu.gen/sources_1/ip/clk_wiz_0/clk_wiz_0.xdc] for cell 'clk_wiz/inst'
INFO: [Timing 38-35] Done setting XDC timing constraints. [/home/tiny-gpu-pro-max-main/build/vivado/tiny_gpu.gen/sources_1/ip/clk_wiz_0/clk_wiz_0.xdc:54]
INFO: [Timing 38-2] Deriving generated clocks [/home/tiny-gpu-pro-max-main/build/vivado/tiny_gpu.gen/sources_1/ip/clk_wiz_0/clk_wiz_0.xdc:54]
Finished Parsing XDC File [/home/tiny-gpu-pro-max-main/build/vivado/tiny_gpu.gen/sources_1/ip/clk_wiz_0/clk_wiz_0.xdc] for cell 'clk_wiz/inst'
Parsing XDC File [/home/tiny-gpu-pro-max-main/constraints/boolean_mini_gpu.xdc]
Finished Parsing XDC File [/home/tiny-gpu-pro-max-main/constraints/boolean_mini_gpu.xdc]
INFO: [Opt 31-138] Pushed 0 inverter(s) to 0 load pin(s).
Netlist sorting complete. Time (s): cpu = 00:00:00 ; elapsed = 00:00:00 . Memory (MB): peak = 2505.094 ; gain = 0.000 ; free physical = 11158 ; free virtual = 25250
INFO: [Project 1-111] Unisim Transformation Summary:
  A total of 516 instances were transformed.
  OBUFDS => OBUFDS: 4 instances
  RAM256X1S => RAM256X1S (MUXF7(x2), MUXF8, RAMS64E(x4)): 512 instances

open_run: Time (s): cpu = 00:00:06 ; elapsed = 00:00:06 . Memory (MB): peak = 2505.129 ; gain = 575.855 ; free physical = 11158 ; free virtual = 25250
# report_utilization -file $repo/build/reports/post_synth_utilization.rpt
# report_timing_summary -file $repo/build/reports/post_synth_timing.rpt
INFO: [Timing 38-35] Done setting XDC timing constraints.
INFO: [Timing 38-91] UpdateTimingParams: Speed grade: -1, Delay Type: min_max.
INFO: [Timing 38-191] Multithreading enabled for timing update using a maximum of 8 CPUs
# puts "### implementation + bitstream"
### implementation + bitstream
# file mkdir $proj/tiny_gpu.runs/impl_1
# stage_mems $repo $proj/tiny_gpu.runs/impl_1
# launch_runs impl_1 -to_step write_bitstream -jobs 8
INFO: [Vivado 12-4149] The synthesis checkpoint for IP '/home/tiny-gpu-pro-max-main/build/vivado/tiny_gpu.srcs/sources_1/ip/clk_wiz_0/clk_wiz_0.xci' is already up-to-date
INFO: [Timing 38-480] Writing timing data to binary archive.
Wrote PlaceDB: Time (s): cpu = 00:00:00 ; elapsed = 00:00:00 . Memory (MB): peak = 2622.766 ; gain = 0.000 ; free physical = 11069 ; free virtual = 25162
Wrote PulsedLatchDB: Time (s): cpu = 00:00:00 ; elapsed = 00:00:00 . Memory (MB): peak = 2622.766 ; gain = 0.000 ; free physical = 11069 ; free virtual = 25162
Writing XDEF routing.
Writing XDEF routing logical nets.
Writing XDEF routing special nets.
Wrote RouteStorage: Time (s): cpu = 00:00:00.03 ; elapsed = 00:00:00.01 . Memory (MB): peak = 2628.703 ; gain = 5.938 ; free physical = 11069 ; free virtual = 25162
Wrote PlaceStorage: Time (s): cpu = 00:00:00 ; elapsed = 00:00:00 . Memory (MB): peak = 2632.195 ; gain = 3.492 ; free physical = 11069 ; free virtual = 25162
Wrote Netlist Cache: Time (s): cpu = 00:00:00 ; elapsed = 00:00:00 . Memory (MB): peak = 2632.195 ; gain = 0.000 ; free physical = 11069 ; free virtual = 25162
Wrote Device Cache: Time (s): cpu = 00:00:00.01 ; elapsed = 00:00:00 . Memory (MB): peak = 2632.195 ; gain = 0.000 ; free physical = 11068 ; free virtual = 25161
Write Physdb Complete: Time (s): cpu = 00:00:00.05 ; elapsed = 00:00:00.01 . Memory (MB): peak = 2632.195 ; gain = 9.430 ; free physical = 11068 ; free virtual = 25161
Write ShapeDB Complete: Time (s): cpu = 00:00:00.11 ; elapsed = 00:00:00.03 . Memory (MB): peak = 2635.688 ; gain = 12.922 ; free physical = 11064 ; free virtual = 25160
[Wed Jul 29 00:09:07 2026] Launched impl_1...
Run output will be captured here: /home/tiny-gpu-pro-max-main/build/vivado/tiny_gpu.runs/impl_1/runme.log
# wait_on_run impl_1
[Wed Jul 29 00:09:07 2026] Waiting for impl_1 to finish...

*** Running vivado
    with args -log top.vdi -applog -m64 -product Vivado -messageDb vivado.pb -mode batch -source top.tcl -notrace


****** Vivado v2025.2 (64-bit)
  **** SW Build 6299465 on Fri Nov 14 12:34:56 MST 2025
  **** IP Build 6300035 on Fri Nov 14 10:48:45 MST 2025
  **** SharedData Build 6298862 on Thu Nov 13 04:50:51 MST 2025
  **** Start of session at: Wed Jul 29 00:09:08 2026
    ** Copyright 1986-2022 Xilinx, Inc. All Rights Reserved.
    ** Copyright 2022-2025 Advanced Micro Devices, Inc. All Rights Reserved.

source top.tcl -notrace
Command: open_checkpoint /home/tiny-gpu-pro-max-main/build/vivado/tiny_gpu.runs/impl_1/top.dcp
INFO: [Device 21-403] Loading part xc7s50csga324-1
Netlist sorting complete. Time (s): cpu = 00:00:00.06 ; elapsed = 00:00:00.07 . Memory (MB): peak = 1843.301 ; gain = 0.000 ; free physical = 10264 ; free virtual = 24362
INFO: [Netlist 29-17] Analyzing 2523 Unisim elements for replacement
INFO: [Netlist 29-28] Unisim Transformation completed in 0 CPU seconds
INFO: [Project 1-479] Netlist was created with Vivado 2025.2
INFO: [Project 1-570] Preparing netlist for logic optimization
Read ShapeDB Complete: Time (s): cpu = 00:00:00.02 ; elapsed = 00:00:00.01 . Memory (MB): peak = 1932.988 ; gain = 4.000 ; free physical = 10142 ; free virtual = 24240
INFO: [Timing 38-478] Restoring timing data from binary archive.
INFO: [Timing 38-479] Binary timing data restore complete.
INFO: [Project 1-856] Restoring constraints from binary archive.
INFO: [Project 1-853] Binary constraint restore complete.
INFO: [Designutils 20-5722] Start Reading Physical Databases.
Reading placement.
Read Netlist Cache: Time (s): cpu = 00:00:00 ; elapsed = 00:00:00 . Memory (MB): peak = 2444.402 ; gain = 0.000 ; free physical = 9699 ; free virtual = 23797
Reading placer database...
Read Device Cache: Time (s): cpu = 00:00:00 ; elapsed = 00:00:00.01 . Memory (MB): peak = 2444.402 ; gain = 0.000 ; free physical = 9699 ; free virtual = 23797
Read PlaceDB: Time (s): cpu = 00:00:00 ; elapsed = 00:00:00 . Memory (MB): peak = 2444.402 ; gain = 0.000 ; free physical = 9699 ; free virtual = 23797
Read placeStorage: Time (s): cpu = 00:00:00 ; elapsed = 00:00:00 . Memory (MB): peak = 2444.402 ; gain = 0.000 ; free physical = 9699 ; free virtual = 23797
Read PulsedLatchDB: Time (s): cpu = 00:00:00 ; elapsed = 00:00:00 . Memory (MB): peak = 2444.402 ; gain = 0.000 ; free physical = 9699 ; free virtual = 23797
Reading routing.
Read RouteStorage: Time (s): cpu = 00:00:00 ; elapsed = 00:00:00 . Memory (MB): peak = 2444.402 ; gain = 0.000 ; free physical = 9699 ; free virtual = 23797
Read Physdb Files: Time (s): cpu = 00:00:00 ; elapsed = 00:00:00.01 . Memory (MB): peak = 2444.402 ; gain = 0.000 ; free physical = 9699 ; free virtual = 23797
Restored from archive | CPU: 0.020000 secs | Memory: 1.119644 MB |
Finished XDEF File Restore: Time (s): cpu = 00:00:00.02 ; elapsed = 00:00:00.03 . Memory (MB): peak = 2444.402 ; gain = 5.938 ; free physical = 9699 ; free virtual = 23797
Netlist sorting complete. Time (s): cpu = 00:00:00.01 ; elapsed = 00:00:00.01 . Memory (MB): peak = 2444.402 ; gain = 0.000 ; free physical = 9699 ; free virtual = 23797
INFO: [Project 1-111] Unisim Transformation Summary:
  A total of 512 instances were transformed.
  RAM256X1S => RAM256X1S (MUXF7(x2), MUXF8, RAMS64E(x4)): 512 instances

INFO: [Project 1-604] Checkpoint was created with Vivado v2025.2 (64-bit) build 6299465
open_checkpoint: Time (s): cpu = 00:00:11 ; elapsed = 00:00:07 . Memory (MB): peak = 2444.438 ; gain = 884.977 ; free physical = 9699 ; free virtual = 23797
Command: opt_design
Attempting to get a license for feature 'Implementation' and/or device 'xc7s50'
INFO: [Common 17-349] Got license for feature 'Implementation' and/or device 'xc7s50'
Running DRC as a precondition to command opt_design

Starting DRC Task
INFO: [DRC 23-27] Running DRC with 8 threads
INFO: [Project 1-461] DRC finished with 0 Errors
INFO: [Project 1-462] Please refer to the DRC report (report_drc) for more information.

Time (s): cpu = 00:00:00.94 ; elapsed = 00:00:00.31 . Memory (MB): peak = 2520.574 ; gain = 76.137 ; free physical = 9662 ; free virtual = 23760

Starting Cache Timing Information Task
Ending Cache Timing Information Task | Checksum: 1a4d23159

Time (s): cpu = 00:00:00.02 ; elapsed = 00:00:00.02 . Memory (MB): peak = 2520.574 ; gain = 0.000 ; free physical = 9662 ; free virtual = 23760

Starting Logic Optimization Task

Phase 1 Initialization

Phase 1.1 Core Generation And Design Setup
Phase 1.1 Core Generation And Design Setup | Checksum: 1a4d23159

Time (s): cpu = 00:00:00.01 ; elapsed = 00:00:00.02 . Memory (MB): peak = 2837.387 ; gain = 0.000 ; free physical = 9323 ; free virtual = 23421

Phase 1.2 Setup Constraints And Sort Netlist
Phase 1.2 Setup Constraints And Sort Netlist | Checksum: 1a4d23159

Time (s): cpu = 00:00:00.01 ; elapsed = 00:00:00.02 . Memory (MB): peak = 2837.387 ; gain = 0.000 ; free physical = 9323 ; free virtual = 23421
Phase 1 Initialization | Checksum: 1a4d23159

Time (s): cpu = 00:00:00.02 ; elapsed = 00:00:00.02 . Memory (MB): peak = 2837.387 ; gain = 0.000 ; free physical = 9323 ; free virtual = 23421

Phase 2 Timer Update And Timing Data Collection

Phase 2.1 Detect if minReqCache needed
Phase 2.1 Detect if minReqCache needed | Checksum: 1a4d23159

Time (s): cpu = 00:00:00.02 ; elapsed = 00:00:00.03 . Memory (MB): peak = 2837.387 ; gain = 0.000 ; free physical = 9308 ; free virtual = 23406

Phase 2.2 Timer Update
Phase 2.2 Timer Update | Checksum: 1a4d23159

Time (s): cpu = 00:00:01 ; elapsed = 00:00:00.31 . Memory (MB): peak = 2837.387 ; gain = 0.000 ; free physical = 9308 ; free virtual = 23406

Phase 2.3 Timing Data Collection
Phase 2.3 Timing Data Collection | Checksum: 1a4d23159

Time (s): cpu = 00:00:01 ; elapsed = 00:00:00.32 . Memory (MB): peak = 2837.387 ; gain = 0.000 ; free physical = 9308 ; free virtual = 23406
Phase 2 Timer Update And Timing Data Collection | Checksum: 1a4d23159

Time (s): cpu = 00:00:01 ; elapsed = 00:00:00.32 . Memory (MB): peak = 2837.387 ; gain = 0.000 ; free physical = 9308 ; free virtual = 23406

Phase 3 Retarget
INFO: [Opt 31-1851] Number of loadless carry chains removed were: 0
INFO: [Opt 31-1834] Total Chains To Be Transformed Were: 0 AND Number of Transformed insts Created are: 0
INFO: [Opt 31-1566] Pulled 524 inverters resulting in an inversion of 11429 pins
INFO: [Opt 31-138] Pushed 0 inverter(s) to 0 load pin(s).
INFO: [Opt 31-49] Retargeted 0 cell(s).
Phase 3 Retarget | Checksum: 20b786276

Time (s): cpu = 00:00:02 ; elapsed = 00:00:00.7 . Memory (MB): peak = 2893.414 ; gain = 56.027 ; free physical = 9314 ; free virtual = 23412
Retarget | Checksum: 20b786276
INFO: [Opt 31-389] Phase Retarget created 10 cells and removed 814 cells
INFO: [Opt 31-1021] In phase Retarget, 1 netlist objects are constrained preventing optimization. Please run opt_design with -debug_log to get more detail. 

Phase 4 Constant propagation
INFO: [Opt 31-138] Pushed 0 inverter(s) to 0 load pin(s).
Phase 4 Constant propagation | Checksum: 27b55d670

Time (s): cpu = 00:00:02 ; elapsed = 00:00:00.79 . Memory (MB): peak = 2893.414 ; gain = 56.027 ; free physical = 9314 ; free virtual = 23412
Constant propagation | Checksum: 27b55d670
INFO: [Opt 31-389] Phase Constant propagation created 0 cells and removed 0 cells

Phase 5 Sweep
INFO: [Constraints 18-11670] Building netlist checker database with flags, 0x8
Done building netlist checker database: Time (s): cpu = 00:00:00.01 ; elapsed = 00:00:00 . Memory (MB): peak = 2893.414 ; gain = 0.000 ; free physical = 9314 ; free virtual = 23412
Phase 5 Sweep | Checksum: 1fb3eba33

Time (s): cpu = 00:00:02 ; elapsed = 00:00:00.93 . Memory (MB): peak = 2893.414 ; gain = 56.027 ; free physical = 9314 ; free virtual = 23412
Sweep | Checksum: 1fb3eba33
INFO: [Opt 31-389] Phase Sweep created 0 cells and removed 0 cells

Phase 6 BUFG optimization
Phase 6 BUFG optimization | Checksum: 1fb3eba33

Time (s): cpu = 00:00:02 ; elapsed = 00:00:01 . Memory (MB): peak = 2925.430 ; gain = 88.043 ; free physical = 9314 ; free virtual = 23412
BUFG optimization | Checksum: 1fb3eba33
INFO: [Opt 31-662] Phase BUFG optimization created 0 cells of which 0 are BUFGs and removed 0 cells.

Phase 7 Shift Register Optimization
INFO: [Opt 31-1064] SRL Remap converted 0 SRLs to 0 registers and converted 0 registers of register chains to 0 SRLs
Phase 7 Shift Register Optimization | Checksum: 1fb3eba33

Time (s): cpu = 00:00:02 ; elapsed = 00:00:01 . Memory (MB): peak = 2925.430 ; gain = 88.043 ; free physical = 9314 ; free virtual = 23412
Shift Register Optimization | Checksum: 1fb3eba33
INFO: [Opt 31-389] Phase Shift Register Optimization created 0 cells and removed 0 cells

Phase 8 Post Processing Netlist
Phase 8 Post Processing Netlist | Checksum: 1fb3eba33

Time (s): cpu = 00:00:02 ; elapsed = 00:00:01 . Memory (MB): peak = 2925.430 ; gain = 88.043 ; free physical = 9314 ; free virtual = 23412
Post Processing Netlist | Checksum: 1fb3eba33
INFO: [Opt 31-389] Phase Post Processing Netlist created 0 cells and removed 0 cells

Phase 9 Finalization

Phase 9.1 Finalizing Design Cores and Updating Shapes
Phase 9.1 Finalizing Design Cores and Updating Shapes | Checksum: 1b2012ec8

Time (s): cpu = 00:00:02 ; elapsed = 00:00:01 . Memory (MB): peak = 2925.430 ; gain = 88.043 ; free physical = 9314 ; free virtual = 23412

Phase 9.2 Verifying Netlist Connectivity

Starting Connectivity Check Task

Time (s): cpu = 00:00:00.02 ; elapsed = 00:00:00.03 . Memory (MB): peak = 2925.430 ; gain = 0.000 ; free physical = 9314 ; free virtual = 23412
Phase 9.2 Verifying Netlist Connectivity | Checksum: 1b2012ec8

Time (s): cpu = 00:00:02 ; elapsed = 00:00:01 . Memory (MB): peak = 2925.430 ; gain = 88.043 ; free physical = 9314 ; free virtual = 23412
Phase 9 Finalization | Checksum: 1b2012ec8

Time (s): cpu = 00:00:02 ; elapsed = 00:00:01 . Memory (MB): peak = 2925.430 ; gain = 88.043 ; free physical = 9314 ; free virtual = 23412
Opt_design Change Summary
=========================


-------------------------------------------------------------------------------------------------------------------------
|  Phase                        |  #Cells created  |  #Cells Removed  |  #Constrained objects preventing optimizations  |
-------------------------------------------------------------------------------------------------------------------------
|  Retarget                     |              10  |             814  |                                              1  |
|  Constant propagation         |               0  |               0  |                                              0  |
|  Sweep                        |               0  |               0  |                                              0  |
|  BUFG optimization            |               0  |               0  |                                              0  |
|  Shift Register Optimization  |               0  |               0  |                                              0  |
|  Post Processing Netlist      |               0  |               0  |                                              0  |
-------------------------------------------------------------------------------------------------------------------------


Ending Logic Optimization Task | Checksum: 1b2012ec8

Time (s): cpu = 00:00:02 ; elapsed = 00:00:01 . Memory (MB): peak = 2925.430 ; gain = 88.043 ; free physical = 9314 ; free virtual = 23412

Starting Power Optimization Task
INFO: [Pwropt 34-132] Skipping clock gating for clocks with a period < 2.00 ns.
INFO: [Timing 38-35] Done setting XDC timing constraints.
Running Vector-less Activity Propagation...
INFO: [Pwropt 34-9] Applying IDT optimizations ...
INFO: [Pwropt 34-10] Applying ODC optimizations ...

Finished Running Vector-less Activity Propagation


Starting PowerOpt Patch Enables Task
INFO: [Pwropt 34-162] WRITE_MODE attribute of 0 BRAM(s) out of a total of 8 has been updated to save power. Run report_power_opt to get a complete listing of the BRAMs updated.
INFO: [Pwropt 34-201] Structural ODC has moved 0 WE to EN ports
Number of BRAM Ports augmented: 0 newly gated: 0 Total Ports: 16
Ending PowerOpt Patch Enables Task | Checksum: 1b2012ec8

Time (s): cpu = 00:00:00.07 ; elapsed = 00:00:00.07 . Memory (MB): peak = 3037.488 ; gain = 0.000 ; free physical = 9269 ; free virtual = 23367
Ending Power Optimization Task | Checksum: 1b2012ec8

Time (s): cpu = 00:00:05 ; elapsed = 00:00:02 . Memory (MB): peak = 3037.488 ; gain = 112.059 ; free physical = 9269 ; free virtual = 23367

Starting Final Cleanup Task
Ending Final Cleanup Task | Checksum: 1b2012ec8

Time (s): cpu = 00:00:00 ; elapsed = 00:00:00 . Memory (MB): peak = 3037.488 ; gain = 0.000 ; free physical = 9269 ; free virtual = 23367
Netlist sorting complete. Time (s): cpu = 00:00:00.01 ; elapsed = 00:00:00 . Memory (MB): peak = 3037.488 ; gain = 0.000 ; free physical = 9269 ; free virtual = 23367
INFO: [Common 17-83] Releasing license: Implementation
38 Infos, 0 Warnings, 0 Critical Warnings and 0 Errors encountered.
opt_design completed successfully
INFO: [Vivado 12-24828] Executing command : report_drc -file top_drc_opted.rpt -pb top_drc_opted.pb -rpx top_drc_opted.rpx
Command: report_drc -file top_drc_opted.rpt -pb top_drc_opted.pb -rpx top_drc_opted.rpx
INFO: [IP_Flow 19-234] Refreshing IP repositories
INFO: [IP_Flow 19-1704] No user IP repositories specified
INFO: [IP_Flow 19-2313] Loaded Vivado IP repository '/mnt/opt/xilinx/data/ip'.
INFO: [DRC 23-27] Running DRC with 8 threads
INFO: [Vivado_Tcl 2-168] The results of DRC are in file /home/tiny-gpu-pro-max-main/build/vivado/tiny_gpu.runs/impl_1/top_drc_opted.rpt.
report_drc completed successfully
INFO: [Timing 38-480] Writing timing data to binary archive.
Wrote PlaceDB: Time (s): cpu = 00:00:00 ; elapsed = 00:00:00 . Memory (MB): peak = 3037.488 ; gain = 0.000 ; free physical = 9273 ; free virtual = 23371
Wrote PulsedLatchDB: Time (s): cpu = 00:00:00 ; elapsed = 00:00:00 . Memory (MB): peak = 3037.488 ; gain = 0.000 ; free physical = 9273 ; free virtual = 23371
Writing XDEF routing.
Writing XDEF routing logical nets.
Write ShapeDB Complete: Time (s): cpu = 00:00:00.12 ; elapsed = 00:00:00.03 . Memory (MB): peak = 3037.488 ; gain = 0.000 ; free physical = 9273 ; free virtual = 23373
Writing XDEF routing special nets.
Wrote RouteStorage: Time (s): cpu = 00:00:00.15 ; elapsed = 00:00:00.04 . Memory (MB): peak = 3037.488 ; gain = 0.000 ; free physical = 9273 ; free virtual = 23373
Wrote PlaceStorage: Time (s): cpu = 00:00:00 ; elapsed = 00:00:00 . Memory (MB): peak = 3037.488 ; gain = 0.000 ; free physical = 9273 ; free virtual = 23373
Wrote Netlist Cache: Time (s): cpu = 00:00:00 ; elapsed = 00:00:00 . Memory (MB): peak = 3037.488 ; gain = 0.000 ; free physical = 9273 ; free virtual = 23373
Wrote Device Cache: Time (s): cpu = 00:00:00.01 ; elapsed = 00:00:00 . Memory (MB): peak = 3037.488 ; gain = 0.000 ; free physical = 9273 ; free virtual = 23373
Write Physdb Complete: Time (s): cpu = 00:00:00.17 ; elapsed = 00:00:00.04 . Memory (MB): peak = 3037.488 ; gain = 0.000 ; free physical = 9273 ; free virtual = 23373
INFO: [Common 17-1381] The checkpoint '/home/tiny-gpu-pro-max-main/build/vivado/tiny_gpu.runs/impl_1/top_opt.dcp' has been generated.
Command: place_design
Attempting to get a license for feature 'Implementation' and/or device 'xc7s50'
INFO: [Common 17-349] Got license for feature 'Implementation' and/or device 'xc7s50'
INFO: [Common 17-83] Releasing license: Implementation
INFO: [DRC 23-27] Running DRC with 8 threads
INFO: [Vivado_Tcl 4-198] DRC finished with 0 Errors
INFO: [Vivado_Tcl 4-199] Please refer to the DRC report (report_drc) for more information.
INFO: [Timing 38-35] Done setting XDC timing constraints.
Running DRC as a precondition to command place_design
INFO: [DRC 23-27] Running DRC with 8 threads
INFO: [Vivado_Tcl 4-198] DRC finished with 0 Errors
INFO: [Vivado_Tcl 4-199] Please refer to the DRC report (report_drc) for more information.
INFO: [Place 30-611] Multithreading enabled for place_design using a maximum of 8 CPUs

Starting Placer Task

Phase 1 Placer Initialization

Phase 1.1 Placer Initialization Netlist Sorting
Netlist sorting complete. Time (s): cpu = 00:00:00 ; elapsed = 00:00:00.01 . Memory (MB): peak = 3037.488 ; gain = 0.000 ; free physical = 9262 ; free virtual = 23364
Phase 1.1 Placer Initialization Netlist Sorting | Checksum: 116150d82

Time (s): cpu = 00:00:00.01 ; elapsed = 00:00:00.02 . Memory (MB): peak = 3037.488 ; gain = 0.000 ; free physical = 9262 ; free virtual = 23364
Netlist sorting complete. Time (s): cpu = 00:00:00.01 ; elapsed = 00:00:00 . Memory (MB): peak = 3037.488 ; gain = 0.000 ; free physical = 9262 ; free virtual = 23364

Phase 1.2 IO Placement/ Clock Placement/ Build Placer Device
Phase 1.2 IO Placement/ Clock Placement/ Build Placer Device | Checksum: 16fd3ebf1

Time (s): cpu = 00:00:00.82 ; elapsed = 00:00:00.42 . Memory (MB): peak = 3037.488 ; gain = 0.000 ; free physical = 9262 ; free virtual = 23364

Phase 1.3 Build Placer Netlist Model
Phase 1.3 Build Placer Netlist Model | Checksum: 1e07724f4

Time (s): cpu = 00:00:07 ; elapsed = 00:00:03 . Memory (MB): peak = 3037.488 ; gain = 0.000 ; free physical = 9254 ; free virtual = 23356

Phase 1.4 Constrain Clocks/Macros
Phase 1.4 Constrain Clocks/Macros | Checksum: 1e07724f4

Time (s): cpu = 00:00:07 ; elapsed = 00:00:03 . Memory (MB): peak = 3037.488 ; gain = 0.000 ; free physical = 9254 ; free virtual = 23356
Phase 1 Placer Initialization | Checksum: 1e07724f4

Time (s): cpu = 00:00:07 ; elapsed = 00:00:03 . Memory (MB): peak = 3037.488 ; gain = 0.000 ; free physical = 9254 ; free virtual = 23356

Phase 2 Global Placement

Phase 2.1 Floorplanning
Phase 2.1 Floorplanning | Checksum: 1e4dd3017

Time (s): cpu = 00:00:10 ; elapsed = 00:00:04 . Memory (MB): peak = 3037.488 ; gain = 0.000 ; free physical = 9285 ; free virtual = 23386

Phase 2.2 Update Timing before SLR Path Opt
Phase 2.2 Update Timing before SLR Path Opt | Checksum: 1c2d82ecf

Time (s): cpu = 00:00:13 ; elapsed = 00:00:05 . Memory (MB): peak = 3037.488 ; gain = 0.000 ; free physical = 9283 ; free virtual = 23385

Phase 2.3 Post-Processing in Floorplanning
Phase 2.3 Post-Processing in Floorplanning | Checksum: 1c2d82ecf

Time (s): cpu = 00:00:13 ; elapsed = 00:00:05 . Memory (MB): peak = 3037.488 ; gain = 0.000 ; free physical = 9283 ; free virtual = 23385

Phase 2.4 Global Place Phase1
Phase 2.4 Global Place Phase1 | Checksum: 19f178842

Time (s): cpu = 00:00:34 ; elapsed = 00:00:11 . Memory (MB): peak = 3037.488 ; gain = 0.000 ; free physical = 9299 ; free virtual = 23400

Phase 2.5 Global Place Phase2

Phase 2.5.1 UpdateTiming Before Physical Synthesis
Phase 2.5.1 UpdateTiming Before Physical Synthesis | Checksum: 19f178842

Time (s): cpu = 00:00:36 ; elapsed = 00:00:12 . Memory (MB): peak = 3037.488 ; gain = 0.000 ; free physical = 9294 ; free virtual = 23396

Phase 2.5.2 Physical Synthesis In Placer
INFO: [Physopt 32-1035] Found 0 LUTNM shape to break, 641 LUT instances to create LUTNM shape
INFO: [Physopt 32-1044] Break lutnm for timing: one critical 0, two critical 0, total 0, new lutff created 0
INFO: [Physopt 32-1138] End 1 Pass. Optimized 278 nets or LUTs. Breaked 0 LUT, combined 278 existing LUTs and moved 0 existing LUT
INFO: [Physopt 32-1132] Very high fanout net 'u_gpu/u_core/u_scheduler/mem_addr[0]' is not considered as a candidate in VHFN optimization. The fanout considered for this optimization is changed from 2048 to 513 due to a timing constraint or macro primitives that prevent optimization on all of the loads. To force replication, set the FORCE_MAX_FANOUT property on the net to a number less than 513.
INFO: [Physopt 32-1132] Very high fanout net 'u_gpu/u_core/u_scheduler/mem_addr[7]' is not considered as a candidate in VHFN optimization. The fanout considered for this optimization is changed from 2560 to 513 due to a timing constraint or macro primitives that prevent optimization on all of the loads. To force replication, set the FORCE_MAX_FANOUT property on the net to a number less than 513.
INFO: [Physopt 32-1132] Very high fanout net 'u_gpu/u_core/u_scheduler/mem_addr[6]' is not considered as a candidate in VHFN optimization. The fanout considered for this optimization is changed from 3072 to 513 due to a timing constraint or macro primitives that prevent optimization on all of the loads. To force replication, set the FORCE_MAX_FANOUT property on the net to a number less than 513.
INFO: [Physopt 32-1132] Very high fanout net 'u_gpu/u_core/u_scheduler/mem_addr[5]' is not considered as a candidate in VHFN optimization. The fanout considered for this optimization is changed from 2048 to 513 due to a timing constraint or macro primitives that prevent optimization on all of the loads. To force replication, set the FORCE_MAX_FANOUT property on the net to a number less than 513.
INFO: [Physopt 32-1132] Very high fanout net 'u_gpu/u_core/u_scheduler/mem_addr[4]' is not considered as a candidate in VHFN optimization. The fanout considered for this optimization is changed from 2048 to 513 due to a timing constraint or macro primitives that prevent optimization on all of the loads. To force replication, set the FORCE_MAX_FANOUT property on the net to a number less than 513.
INFO: [Physopt 32-1132] Very high fanout net 'u_gpu/u_core/u_scheduler/mem_addr[3]' is not considered as a candidate in VHFN optimization. The fanout considered for this optimization is changed from 2048 to 513 due to a timing constraint or macro primitives that prevent optimization on all of the loads. To force replication, set the FORCE_MAX_FANOUT property on the net to a number less than 513.
INFO: [Physopt 32-1132] Very high fanout net 'u_gpu/u_core/u_scheduler/mem_addr[2]' is not considered as a candidate in VHFN optimization. The fanout considered for this optimization is changed from 2048 to 513 due to a timing constraint or macro primitives that prevent optimization on all of the loads. To force replication, set the FORCE_MAX_FANOUT property on the net to a number less than 513.
INFO: [Physopt 32-1132] Very high fanout net 'u_gpu/u_core/u_scheduler/mem_addr[1]' is not considered as a candidate in VHFN optimization. The fanout considered for this optimization is changed from 2048 to 513 due to a timing constraint or macro primitives that prevent optimization on all of the loads. To force replication, set the FORCE_MAX_FANOUT property on the net to a number less than 513.
INFO: [Physopt 32-65] No nets found for high-fanout optimization.
INFO: [Physopt 32-232] Optimized 0 net. Created 0 new instance.
INFO: [Physopt 32-775] End 1 Pass. Optimized 0 net or cell. Created 0 new cell, deleted 0 existing cell and moved 0 existing cell
INFO: [Physopt 32-670] No setup violation found.  DSP Register Optimization was not performed.
INFO: [Physopt 32-670] No setup violation found.  Shift Register to Pipeline Optimization was not performed.
INFO: [Physopt 32-670] No setup violation found.  Shift Register Optimization was not performed.
INFO: [Physopt 32-670] No setup violation found.  BRAM Register Optimization was not performed.
INFO: [Physopt 32-670] No setup violation found.  URAM Register Optimization was not performed.
INFO: [Physopt 32-949] No candidate nets found for dynamic/static region interface net replication
INFO: [Physopt 32-775] End 1 Pass. Optimized 0 net or cell. Created 0 new cell, deleted 0 existing cell and moved 0 existing cell
Netlist sorting complete. Time (s): cpu = 00:00:00 ; elapsed = 00:00:00.01 . Memory (MB): peak = 3037.488 ; gain = 0.000 ; free physical = 9292 ; free virtual = 23394

Summary of Physical Synthesis Optimizations
============================================


-----------------------------------------------------------------------------------------------------------------------------------------------------------
|  Optimization                                     |  Added Cells  |  Removed Cells  |  Optimized Cells/Nets  |  Dont Touch  |  Iterations  |  Elapsed   |
-----------------------------------------------------------------------------------------------------------------------------------------------------------
|  LUT Combining                                    |            0  |            278  |                   278  |           0  |           1  |  00:00:00  |
|  Retime                                           |            0  |              0  |                     0  |           0  |           1  |  00:00:00  |
|  Very High Fanout                                 |            0  |              0  |                     0  |           0  |           1  |  00:00:00  |
|  DSP Register                                     |            0  |              0  |                     0  |           0  |           0  |  00:00:00  |
|  Shift Register to Pipeline                       |            0  |              0  |                     0  |           0  |           0  |  00:00:00  |
|  Shift Register                                   |            0  |              0  |                     0  |           0  |           0  |  00:00:00  |
|  BRAM Register                                    |            0  |              0  |                     0  |           0  |           0  |  00:00:00  |
|  URAM Register                                    |            0  |              0  |                     0  |           0  |           0  |  00:00:00  |
|  Dynamic/Static Region Interface Net Replication  |            0  |              0  |                     0  |           0  |           1  |  00:00:00  |
|  Total                                            |            0  |            278  |                   278  |           0  |           4  |  00:00:00  |
-----------------------------------------------------------------------------------------------------------------------------------------------------------


Phase 2.5.2 Physical Synthesis In Placer | Checksum: 1b625be9e

Time (s): cpu = 00:00:40 ; elapsed = 00:00:13 . Memory (MB): peak = 3037.488 ; gain = 0.000 ; free physical = 9295 ; free virtual = 23396
Phase 2.5 Global Place Phase2 | Checksum: 20c7d9357

Time (s): cpu = 00:00:42 ; elapsed = 00:00:14 . Memory (MB): peak = 3037.488 ; gain = 0.000 ; free physical = 9295 ; free virtual = 23396
Phase 2 Global Placement | Checksum: 20c7d9357

Time (s): cpu = 00:00:42 ; elapsed = 00:00:14 . Memory (MB): peak = 3037.488 ; gain = 0.000 ; free physical = 9295 ; free virtual = 23396

Phase 3 Detail Placement

Phase 3.1 Commit Multi Column Macros
Phase 3.1 Commit Multi Column Macros | Checksum: 1c3305ee2

Time (s): cpu = 00:00:45 ; elapsed = 00:00:14 . Memory (MB): peak = 3037.488 ; gain = 0.000 ; free physical = 9292 ; free virtual = 23393

Phase 3.2 Commit Most Macros & LUTRAMs
Phase 3.2 Commit Most Macros & LUTRAMs | Checksum: 1a35fa6f7

Time (s): cpu = 00:00:51 ; elapsed = 00:00:16 . Memory (MB): peak = 3037.488 ; gain = 0.000 ; free physical = 9287 ; free virtual = 23389

Phase 3.3 Area Swap Optimization
Phase 3.3 Area Swap Optimization | Checksum: 1522d3a96

Time (s): cpu = 00:00:51 ; elapsed = 00:00:16 . Memory (MB): peak = 3037.488 ; gain = 0.000 ; free physical = 9287 ; free virtual = 23389

Phase 3.4 Pipeline Register Optimization
Phase 3.4 Pipeline Register Optimization | Checksum: 1146aee7c

Time (s): cpu = 00:00:51 ; elapsed = 00:00:16 . Memory (MB): peak = 3037.488 ; gain = 0.000 ; free physical = 9287 ; free virtual = 23389

Phase 3.5 Small Shape Detail Placement
Phase 3.5 Small Shape Detail Placement | Checksum: 1d304bbd5

Time (s): cpu = 00:00:58 ; elapsed = 00:00:23 . Memory (MB): peak = 3037.488 ; gain = 0.000 ; free physical = 9283 ; free virtual = 23385

Phase 3.6 Re-assign LUT pins
Phase 3.6 Re-assign LUT pins | Checksum: 19608f064

Time (s): cpu = 00:00:59 ; elapsed = 00:00:24 . Memory (MB): peak = 3037.488 ; gain = 0.000 ; free physical = 9277 ; free virtual = 23379

Phase 3.7 Pipeline Register Optimization
Phase 3.7 Pipeline Register Optimization | Checksum: d8463c3e

Time (s): cpu = 00:00:59 ; elapsed = 00:00:24 . Memory (MB): peak = 3037.488 ; gain = 0.000 ; free physical = 9277 ; free virtual = 23379
Phase 3 Detail Placement | Checksum: d8463c3e

Time (s): cpu = 00:00:59 ; elapsed = 00:00:24 . Memory (MB): peak = 3037.488 ; gain = 0.000 ; free physical = 9277 ; free virtual = 23379

Phase 4 Post Placement Optimization and Clean-Up

Phase 4.1 Post Commit Optimization
INFO: [Timing 38-35] Done setting XDC timing constraints.

Phase 4.1.1 Post Placement Optimization
Post Placement Optimization Initialization | Checksum: 21ae4cf9d

Phase 4.1.1.1 BUFG Insertion

Starting Physical Synthesis Task

Phase 1 Physical Synthesis Initialization
INFO: [Physopt 32-721] Multithreading enabled for phys_opt_design using a maximum of 8 CPUs
INFO: [Physopt 32-619] Estimated Timing Summary | WNS=3.893 | TNS=0.000 |
Phase 1 Physical Synthesis Initialization | Checksum: 1f56dca8a

Time (s): cpu = 00:00:00.86 ; elapsed = 00:00:00.21 . Memory (MB): peak = 3037.488 ; gain = 0.000 ; free physical = 9284 ; free virtual = 23386
INFO: [Place 46-33] Processed net sync_reset/reset_sync, BUFG insertion was skipped due to placement/routing conflicts.
INFO: [Place 46-56] BUFG insertion identified 1 candidate nets. Inserted BUFG: 0, Replicated BUFG Driver: 0, Skipped due to Placement/Routing Conflicts: 1, Skipped due to Timing Degradation: 0, Skipped due to netlist editing failed: 0.
Ending Physical Synthesis Task | Checksum: 1caf0e87f

Time (s): cpu = 00:00:02 ; elapsed = 00:00:00.57 . Memory (MB): peak = 3037.488 ; gain = 0.000 ; free physical = 9285 ; free virtual = 23387
Phase 4.1.1.1 BUFG Insertion | Checksum: 21ae4cf9d

Time (s): cpu = 00:01:07 ; elapsed = 00:00:27 . Memory (MB): peak = 3037.488 ; gain = 0.000 ; free physical = 9285 ; free virtual = 23387

Phase 4.1.1.2 Post Placement Timing Optimization
INFO: [Place 30-746] Post Placement Timing Summary WNS=3.893. For the most accurate timing information please run report_timing.
Phase 4.1.1.2 Post Placement Timing Optimization | Checksum: 211415e6a

Time (s): cpu = 00:01:08 ; elapsed = 00:00:27 . Memory (MB): peak = 3037.488 ; gain = 0.000 ; free physical = 9285 ; free virtual = 23387

Time (s): cpu = 00:01:08 ; elapsed = 00:00:27 . Memory (MB): peak = 3037.488 ; gain = 0.000 ; free physical = 9285 ; free virtual = 23387
Phase 4.1 Post Commit Optimization | Checksum: 211415e6a

Time (s): cpu = 00:01:08 ; elapsed = 00:00:27 . Memory (MB): peak = 3037.488 ; gain = 0.000 ; free physical = 9285 ; free virtual = 23387

Phase 4.2 Post Placement Cleanup
Phase 4.2 Post Placement Cleanup | Checksum: 211415e6a

Time (s): cpu = 00:01:08 ; elapsed = 00:00:27 . Memory (MB): peak = 3037.488 ; gain = 0.000 ; free physical = 9285 ; free virtual = 23387

Phase 4.3 Placer Reporting

Phase 4.3.1 Print Estimated Congestion
INFO: [Place 30-612] Post-Placement Estimated Congestion 
 ____________________________________________________
|           | Global Congestion | Short Congestion  |
| Direction | Region Size       | Region Size       |
|___________|___________________|___________________|
|      North|                2x2|                2x2|
|___________|___________________|___________________|
|      South|                1x1|                4x4|
|___________|___________________|___________________|
|       East|                1x1|                2x2|
|___________|___________________|___________________|
|       West|                1x1|                1x1|
|___________|___________________|___________________|

Phase 4.3.1 Print Estimated Congestion | Checksum: 211415e6a

Time (s): cpu = 00:01:08 ; elapsed = 00:00:27 . Memory (MB): peak = 3037.488 ; gain = 0.000 ; free physical = 9285 ; free virtual = 23387
Phase 4.3 Placer Reporting | Checksum: 211415e6a

Time (s): cpu = 00:01:08 ; elapsed = 00:00:27 . Memory (MB): peak = 3037.488 ; gain = 0.000 ; free physical = 9285 ; free virtual = 23387

Phase 4.4 Final Placement Cleanup
Netlist sorting complete. Time (s): cpu = 00:00:00.01 ; elapsed = 00:00:00 . Memory (MB): peak = 3037.488 ; gain = 0.000 ; free physical = 9285 ; free virtual = 23387

Time (s): cpu = 00:01:08 ; elapsed = 00:00:27 . Memory (MB): peak = 3037.488 ; gain = 0.000 ; free physical = 9285 ; free virtual = 23387
Phase 4 Post Placement Optimization and Clean-Up | Checksum: 1c9e32e6c

Time (s): cpu = 00:01:08 ; elapsed = 00:00:27 . Memory (MB): peak = 3037.488 ; gain = 0.000 ; free physical = 9285 ; free virtual = 23386
Ending Placer Task | Checksum: e7a6973b

Time (s): cpu = 00:01:08 ; elapsed = 00:00:27 . Memory (MB): peak = 3037.488 ; gain = 0.000 ; free physical = 9285 ; free virtual = 23386
84 Infos, 0 Warnings, 0 Critical Warnings and 0 Errors encountered.
place_design completed successfully
place_design: Time (s): cpu = 00:01:11 ; elapsed = 00:00:28 . Memory (MB): peak = 3037.488 ; gain = 0.000 ; free physical = 9285 ; free virtual = 23386
INFO: [Vivado 12-24838] Running report commands "report_control_sets, report_io, report_utilization" in parallel.
Running report generation with 3 threads.
INFO: [Vivado 12-24828] Executing command : report_io -file top_io_placed.rpt
report_io: Time (s): cpu = 00:00:00.12 ; elapsed = 00:00:00.06 . Memory (MB): peak = 3037.488 ; gain = 0.000 ; free physical = 9263 ; free virtual = 23364
INFO: [Vivado 12-24828] Executing command : report_control_sets -verbose -file top_control_sets_placed.rpt
report_control_sets: Time (s): cpu = 00:00:00.13 ; elapsed = 00:00:00.07 . Memory (MB): peak = 3037.488 ; gain = 0.000 ; free physical = 9263 ; free virtual = 23364
INFO: [Vivado 12-24828] Executing command : report_utilization -file top_utilization_placed.rpt -pb top_utilization_placed.pb
INFO: [Timing 38-480] Writing timing data to binary archive.
Wrote PlaceDB: Time (s): cpu = 00:00:00 ; elapsed = 00:00:00 . Memory (MB): peak = 3037.488 ; gain = 0.000 ; free physical = 9272 ; free virtual = 23374
Wrote PulsedLatchDB: Time (s): cpu = 00:00:00 ; elapsed = 00:00:00 . Memory (MB): peak = 3037.488 ; gain = 0.000 ; free physical = 9272 ; free virtual = 23374
Writing XDEF routing.
Writing XDEF routing logical nets.
Writing XDEF routing special nets.
Wrote RouteStorage: Time (s): cpu = 00:00:00.12 ; elapsed = 00:00:00.03 . Memory (MB): peak = 3037.488 ; gain = 0.000 ; free physical = 9272 ; free virtual = 23375
Write ShapeDB Complete: Time (s): cpu = 00:00:00.12 ; elapsed = 00:00:00.03 . Memory (MB): peak = 3037.488 ; gain = 0.000 ; free physical = 9272 ; free virtual = 23375
Wrote PlaceStorage: Time (s): cpu = 00:00:01 ; elapsed = 00:00:00.47 . Memory (MB): peak = 3037.488 ; gain = 0.000 ; free physical = 9246 ; free virtual = 23372
Wrote Netlist Cache: Time (s): cpu = 00:00:00.01 ; elapsed = 00:00:00.02 . Memory (MB): peak = 3037.488 ; gain = 0.000 ; free physical = 9246 ; free virtual = 23374
Wrote Device Cache: Time (s): cpu = 00:00:00.01 ; elapsed = 00:00:00 . Memory (MB): peak = 3037.488 ; gain = 0.000 ; free physical = 9246 ; free virtual = 23375
Write Physdb Complete: Time (s): cpu = 00:00:01 ; elapsed = 00:00:00.53 . Memory (MB): peak = 3037.488 ; gain = 0.000 ; free physical = 9246 ; free virtual = 23375
INFO: [Common 17-1381] The checkpoint '/home/tiny-gpu-pro-max-main/build/vivado/tiny_gpu.runs/impl_1/top_placed.dcp' has been generated.
Command: phys_opt_design
Attempting to get a license for feature 'Implementation' and/or device 'xc7s50'
INFO: [Common 17-349] Got license for feature 'Implementation' and/or device 'xc7s50'

Starting Initial Update Timing Task

Time (s): cpu = 00:00:07 ; elapsed = 00:00:02 . Memory (MB): peak = 3037.488 ; gain = 0.000 ; free physical = 9240 ; free virtual = 23350
INFO: [Vivado_Tcl 4-2279] Estimated Timing Summary | WNS= 3.893 | TNS= 0.000 | 
INFO: [Vivado_Tcl 4-383] Design worst setup slack (WNS) is greater than or equal to 0.000 ns. All physical synthesis setup optimizations will be skipped.
INFO: [Vivado_Tcl 4-232] No setup violation found. The netlist was not modified.
INFO: [Common 17-83] Releasing license: Implementation
95 Infos, 0 Warnings, 0 Critical Warnings and 0 Errors encountered.
phys_opt_design completed successfully
INFO: [Timing 38-480] Writing timing data to binary archive.
Wrote PlaceDB: Time (s): cpu = 00:00:00 ; elapsed = 00:00:00 . Memory (MB): peak = 3037.488 ; gain = 0.000 ; free physical = 9240 ; free virtual = 23350
Wrote PulsedLatchDB: Time (s): cpu = 00:00:00 ; elapsed = 00:00:00 . Memory (MB): peak = 3037.488 ; gain = 0.000 ; free physical = 9240 ; free virtual = 23350
Writing XDEF routing.
Writing XDEF routing logical nets.
Write ShapeDB Complete: Time (s): cpu = 00:00:00.1 ; elapsed = 00:00:00.02 . Memory (MB): peak = 3037.488 ; gain = 0.000 ; free physical = 9240 ; free virtual = 23351
Writing XDEF routing special nets.
Wrote RouteStorage: Time (s): cpu = 00:00:00.13 ; elapsed = 00:00:00.03 . Memory (MB): peak = 3037.488 ; gain = 0.000 ; free physical = 9240 ; free virtual = 23351
Wrote PlaceStorage: Time (s): cpu = 00:00:01 ; elapsed = 00:00:00.48 . Memory (MB): peak = 3037.488 ; gain = 0.000 ; free physical = 9216 ; free virtual = 23350
Wrote Netlist Cache: Time (s): cpu = 00:00:00.02 ; elapsed = 00:00:00.01 . Memory (MB): peak = 3037.488 ; gain = 0.000 ; free physical = 9208 ; free virtual = 23344
Wrote Device Cache: Time (s): cpu = 00:00:00 ; elapsed = 00:00:00.01 . Memory (MB): peak = 3037.488 ; gain = 0.000 ; free physical = 9208 ; free virtual = 23344
Write Physdb Complete: Time (s): cpu = 00:00:01 ; elapsed = 00:00:00.53 . Memory (MB): peak = 3037.488 ; gain = 0.000 ; free physical = 9208 ; free virtual = 23344
INFO: [Common 17-1381] The checkpoint '/home/tiny-gpu-pro-max-main/build/vivado/tiny_gpu.runs/impl_1/top_physopt.dcp' has been generated.
Command: route_design
Attempting to get a license for feature 'Implementation' and/or device 'xc7s50'
INFO: [Common 17-349] Got license for feature 'Implementation' and/or device 'xc7s50'


Starting Routing Task
INFO: [Route 35-254] Multithreading enabled for route_design using a maximum of 8 CPUs

Phase 1 Build RT Design
Checksum: PlaceDB: 2fdd6531 ConstDB: 0 ShapeSum: d37fed4 RouteDB: aa913336
Post Restoration Checksum: NetGraph: 907e5a93 | NumContArr: 2e7fa4f0 | Constraints: c2a8fa9d | Timing: c2a8fa9d
Phase 1 Build RT Design | Checksum: 2444ff4bd

Time (s): cpu = 00:00:16 ; elapsed = 00:00:08 . Memory (MB): peak = 3037.488 ; gain = 0.000 ; free physical = 9278 ; free virtual = 23395

Phase 2 Router Initialization

Phase 2.1 Fix Topology Constraints
Phase 2.1 Fix Topology Constraints | Checksum: 2444ff4bd

Time (s): cpu = 00:00:17 ; elapsed = 00:00:09 . Memory (MB): peak = 3037.488 ; gain = 0.000 ; free physical = 9277 ; free virtual = 23394

Phase 2.2 Pre Route Cleanup
Phase 2.2 Pre Route Cleanup | Checksum: 2444ff4bd

Time (s): cpu = 00:00:17 ; elapsed = 00:00:09 . Memory (MB): peak = 3037.488 ; gain = 0.000 ; free physical = 9277 ; free virtual = 23394
 Number of Nodes with overlaps = 0

Phase 2.3 Update Timing
Phase 2.3 Update Timing | Checksum: 23887cdb4

Time (s): cpu = 00:00:28 ; elapsed = 00:00:11 . Memory (MB): peak = 3037.488 ; gain = 0.000 ; free physical = 9261 ; free virtual = 23379
INFO: [Route 35-416] Intermediate Timing Summary | WNS=4.064  | TNS=0.000  | WHS=-0.117 | THS=-9.718 |


Phase 2.4 Soft Constraint Pins - Fast Budgeting
Phase 2.4 Soft Constraint Pins - Fast Budgeting | Checksum: 22826d653

Time (s): cpu = 00:00:31 ; elapsed = 00:00:12 . Memory (MB): peak = 3037.488 ; gain = 0.000 ; free physical = 9261 ; free virtual = 23379

Router Utilization Summary
  Global Vertical Routing Utilization    = 0 %
  Global Horizontal Routing Utilization  = 0 %
  Routable Net Status*
  *Does not include unroutable nets such as driverless and loadless.
  Run report_route_status for detailed report.
  Number of Failed Nets               = 25430
    (Failed Nets is the sum of unrouted and partially routed nets)
  Number of Unrouted Nets             = 25430
  Number of Partially Routed Nets     = 0
  Number of Node Overlaps             = 0

Phase 2 Router Initialization | Checksum: 2ace284a5

Time (s): cpu = 00:00:32 ; elapsed = 00:00:12 . Memory (MB): peak = 3037.488 ; gain = 0.000 ; free physical = 9264 ; free virtual = 23382

Phase 3 Global Routing
Phase 3 Global Routing | Checksum: 2ace284a5

Time (s): cpu = 00:00:32 ; elapsed = 00:00:12 . Memory (MB): peak = 3037.488 ; gain = 0.000 ; free physical = 9264 ; free virtual = 23382

Phase 4 Initial Routing

Phase 4.1 Initial Net Routing Pass
Phase 4.1 Initial Net Routing Pass | Checksum: 3088161ca

Time (s): cpu = 00:00:40 ; elapsed = 00:00:15 . Memory (MB): peak = 3037.488 ; gain = 0.000 ; free physical = 9204 ; free virtual = 23322
Phase 4 Initial Routing | Checksum: 3088161ca

Time (s): cpu = 00:00:40 ; elapsed = 00:00:15 . Memory (MB): peak = 3037.488 ; gain = 0.000 ; free physical = 9204 ; free virtual = 23322

Phase 5 Rip-up And Reroute

Phase 5.1 Global Iteration 0
 Number of Nodes with overlaps = 8274
 Number of Nodes with overlaps = 1392
 Number of Nodes with overlaps = 417
 Number of Nodes with overlaps = 134
 Number of Nodes with overlaps = 48
 Number of Nodes with overlaps = 17
 Number of Nodes with overlaps = 6
 Number of Nodes with overlaps = 0
INFO: [Route 35-416] Intermediate Timing Summary | WNS=3.512  | TNS=0.000  | WHS=N/A    | THS=N/A    |

Phase 5.1 Global Iteration 0 | Checksum: 20bbc3f57

Time (s): cpu = 00:01:12 ; elapsed = 00:00:33 . Memory (MB): peak = 3037.488 ; gain = 0.000 ; free physical = 9197 ; free virtual = 23315
Phase 5 Rip-up And Reroute | Checksum: 20bbc3f57

Time (s): cpu = 00:01:12 ; elapsed = 00:00:33 . Memory (MB): peak = 3037.488 ; gain = 0.000 ; free physical = 9197 ; free virtual = 23315

Phase 6 Delay and Skew Optimization

Phase 6.1 Delay CleanUp

Phase 6.1.1 Update Timing
Phase 6.1.1 Update Timing | Checksum: 20355997e

Time (s): cpu = 00:01:14 ; elapsed = 00:00:33 . Memory (MB): peak = 3037.488 ; gain = 0.000 ; free physical = 9197 ; free virtual = 23315
INFO: [Route 35-416] Intermediate Timing Summary | WNS=3.520  | TNS=0.000  | WHS=N/A    | THS=N/A    |

Phase 6.1 Delay CleanUp | Checksum: 20355997e

Time (s): cpu = 00:01:14 ; elapsed = 00:00:33 . Memory (MB): peak = 3037.488 ; gain = 0.000 ; free physical = 9197 ; free virtual = 23315

Phase 6.2 Clock Skew Optimization
Phase 6.2 Clock Skew Optimization | Checksum: 20355997e

Time (s): cpu = 00:01:14 ; elapsed = 00:00:33 . Memory (MB): peak = 3037.488 ; gain = 0.000 ; free physical = 9197 ; free virtual = 23315
Phase 6 Delay and Skew Optimization | Checksum: 20355997e

Time (s): cpu = 00:01:14 ; elapsed = 00:00:33 . Memory (MB): peak = 3037.488 ; gain = 0.000 ; free physical = 9197 ; free virtual = 23315

Phase 7 Post Hold Fix

Phase 7.1 Hold Fix Iter
INFO: [Route 35-416] Intermediate Timing Summary | WNS=3.520  | TNS=0.000  | WHS=0.023  | THS=0.000  |

Phase 7.1 Hold Fix Iter | Checksum: 286345b8f

Time (s): cpu = 00:01:17 ; elapsed = 00:00:34 . Memory (MB): peak = 3037.488 ; gain = 0.000 ; free physical = 9204 ; free virtual = 23322
Phase 7 Post Hold Fix | Checksum: 286345b8f

Time (s): cpu = 00:01:17 ; elapsed = 00:00:34 . Memory (MB): peak = 3037.488 ; gain = 0.000 ; free physical = 9204 ; free virtual = 23322

Phase 8 Route finalize

Router Utilization Summary
  Global Vertical Routing Utilization    = 19.4067 %
  Global Horizontal Routing Utilization  = 19.6474 %
  Routable Net Status*
  *Does not include unroutable nets such as driverless and loadless.
  Run report_route_status for detailed report.
  Number of Failed Nets               = 0
    (Failed Nets is the sum of unrouted and partially routed nets)
  Number of Unrouted Nets             = 0
  Number of Partially Routed Nets     = 0
  Number of Node Overlaps             = 0

Phase 8 Route finalize | Checksum: 286345b8f

Time (s): cpu = 00:01:18 ; elapsed = 00:00:34 . Memory (MB): peak = 3037.488 ; gain = 0.000 ; free physical = 9204 ; free virtual = 23322

Phase 9 Verifying routed nets

 Verification completed successfully
Phase 9 Verifying routed nets | Checksum: 286345b8f

Time (s): cpu = 00:01:18 ; elapsed = 00:00:34 . Memory (MB): peak = 3037.488 ; gain = 0.000 ; free physical = 9204 ; free virtual = 23322

Phase 10 Depositing Routes
Phase 10 Depositing Routes | Checksum: 2309591c7

Time (s): cpu = 00:01:20 ; elapsed = 00:00:35 . Memory (MB): peak = 3037.488 ; gain = 0.000 ; free physical = 9205 ; free virtual = 23323

Phase 11 Post Process Routing
Phase 11 Post Process Routing | Checksum: 2309591c7

Time (s): cpu = 00:01:20 ; elapsed = 00:00:35 . Memory (MB): peak = 3037.488 ; gain = 0.000 ; free physical = 9205 ; free virtual = 23323

Phase 12 Post Router Timing
INFO: [Route 35-57] Estimated Timing Summary | WNS=3.520  | TNS=0.000  | WHS=0.023  | THS=0.000  |

INFO: [Route 35-327] The final timing numbers are based on the router estimated timing analysis. For a complete and accurate timing signoff, please run report_timing_summary.
Phase 12 Post Router Timing | Checksum: 2309591c7

Time (s): cpu = 00:01:20 ; elapsed = 00:00:35 . Memory (MB): peak = 3037.488 ; gain = 0.000 ; free physical = 9205 ; free virtual = 23323
Total Elapsed time in route_design: 34.96 secs

Phase 13 Post-Route Event Processing
Phase 13 Post-Route Event Processing | Checksum: ad445aaa

Time (s): cpu = 00:01:20 ; elapsed = 00:00:35 . Memory (MB): peak = 3037.488 ; gain = 0.000 ; free physical = 9205 ; free virtual = 23322
INFO: [Route 35-16] Router Completed Successfully
Ending Routing Task | Checksum: ad445aaa

Time (s): cpu = 00:01:20 ; elapsed = 00:00:35 . Memory (MB): peak = 3037.488 ; gain = 0.000 ; free physical = 9205 ; free virtual = 23322

Routing Is Done.
INFO: [Common 17-83] Releasing license: Implementation
107 Infos, 0 Warnings, 0 Critical Warnings and 0 Errors encountered.
route_design completed successfully
route_design: Time (s): cpu = 00:01:20 ; elapsed = 00:00:35 . Memory (MB): peak = 3037.488 ; gain = 0.000 ; free physical = 9205 ; free virtual = 23322
INFO: [Vivado 12-24828] Executing command : report_drc -file top_drc_routed.rpt -pb top_drc_routed.pb -rpx top_drc_routed.rpx
Command: report_drc -file top_drc_routed.rpt -pb top_drc_routed.pb -rpx top_drc_routed.rpx
INFO: [IP_Flow 19-1839] IP Catalog is up to date.
INFO: [DRC 23-27] Running DRC with 8 threads
INFO: [Vivado_Tcl 2-168] The results of DRC are in file /home/tiny-gpu-pro-max-main/build/vivado/tiny_gpu.runs/impl_1/top_drc_routed.rpt.
report_drc completed successfully
INFO: [Vivado 12-24828] Executing command : report_methodology -file top_methodology_drc_routed.rpt -pb top_methodology_drc_routed.pb -rpx top_methodology_drc_routed.rpx
Command: report_methodology -file top_methodology_drc_routed.rpt -pb top_methodology_drc_routed.pb -rpx top_methodology_drc_routed.rpx
INFO: [Timing 38-35] Done setting XDC timing constraints.
INFO: [DRC 23-133] Running Methodology with 8 threads
INFO: [Vivado_Tcl 2-1520] The results of Report Methodology are in file /home/tiny-gpu-pro-max-main/build/vivado/tiny_gpu.runs/impl_1/top_methodology_drc_routed.rpt.
report_methodology completed successfully
INFO: [Vivado 12-24828] Executing command : report_timing_summary -max_paths 10 -routable_nets -report_unconstrained -file top_timing_summary_routed.rpt -pb top_timing_summary_routed.pb -rpx top_timing_summary_routed.rpx -warn_on_violation 
INFO: [Timing 38-35] Done setting XDC timing constraints.
INFO: [Timing 38-91] UpdateTimingParams: Speed grade: -1, Delay Type: min_max.
INFO: [Timing 38-191] Multithreading enabled for timing update using a maximum of 8 CPUs
INFO: [Vivado 12-24838] Running report commands "report_bus_skew, report_incremental_reuse, report_route_status" in parallel.
Running report generation with 3 threads.
INFO: [Vivado 12-24828] Executing command : report_incremental_reuse -file top_incremental_reuse_routed.rpt
INFO: [Vivado_Tcl 4-1062] Incremental flow is disabled. No incremental reuse Info to report.
INFO: [Vivado 12-24828] Executing command : report_bus_skew -warn_on_violation -file top_bus_skew_routed.rpt -pb top_bus_skew_routed.pb -rpx top_bus_skew_routed.rpx
INFO: [Timing 38-91] UpdateTimingParams: Speed grade: -1, Delay Type: min_max.
INFO: [Timing 38-191] Multithreading enabled for timing update using a maximum of 8 CPUs
INFO: [Vivado 12-24828] Executing command : report_route_status -file top_route_status.rpt -pb top_route_status.pb
INFO: [Vivado 12-24828] Executing command : report_power -file top_power_routed.rpt -pb top_power_summary_routed.pb -rpx top_power_routed.rpx
Command: report_power -file top_power_routed.rpt -pb top_power_summary_routed.pb -rpx top_power_routed.rpx
Running Vector-less Activity Propagation...

Finished Running Vector-less Activity Propagation
127 Infos, 0 Warnings, 0 Critical Warnings and 0 Errors encountered.
report_power completed successfully
INFO: [Vivado 12-24828] Executing command : report_clock_utilization -file top_clock_utilization_routed.rpt
generate_parallel_reports: Time (s): cpu = 00:00:40 ; elapsed = 00:00:11 . Memory (MB): peak = 3052.098 ; gain = 14.609 ; free physical = 9176 ; free virtual = 23303
INFO: [Timing 38-480] Writing timing data to binary archive.
Wrote PlaceDB: Time (s): cpu = 00:00:00 ; elapsed = 00:00:00 . Memory (MB): peak = 3052.098 ; gain = 0.000 ; free physical = 9176 ; free virtual = 23303
Wrote PulsedLatchDB: Time (s): cpu = 00:00:00 ; elapsed = 00:00:00 . Memory (MB): peak = 3052.098 ; gain = 0.000 ; free physical = 9176 ; free virtual = 23303
Writing XDEF routing.
Writing XDEF routing logical nets.
Write ShapeDB Complete: Time (s): cpu = 00:00:00.13 ; elapsed = 00:00:00.03 . Memory (MB): peak = 3052.098 ; gain = 0.000 ; free physical = 9176 ; free virtual = 23304
Writing XDEF routing special nets.
Wrote RouteStorage: Time (s): cpu = 00:00:00.91 ; elapsed = 00:00:00.18 . Memory (MB): peak = 3052.098 ; gain = 0.000 ; free physical = 9168 ; free virtual = 23307
Wrote PlaceStorage: Time (s): cpu = 00:00:00.74 ; elapsed = 00:00:00.45 . Memory (MB): peak = 3052.098 ; gain = 0.000 ; free physical = 9145 ; free virtual = 23301
Wrote Netlist Cache: Time (s): cpu = 00:00:00.01 ; elapsed = 00:00:00.02 . Memory (MB): peak = 3052.098 ; gain = 0.000 ; free physical = 9145 ; free virtual = 23303
Wrote Device Cache: Time (s): cpu = 00:00:00.01 ; elapsed = 00:00:00 . Memory (MB): peak = 3052.098 ; gain = 0.000 ; free physical = 9145 ; free virtual = 23304
Write Physdb Complete: Time (s): cpu = 00:00:02 ; elapsed = 00:00:00.66 . Memory (MB): peak = 3052.098 ; gain = 0.000 ; free physical = 9145 ; free virtual = 23304
INFO: [Common 17-1381] The checkpoint '/home/tiny-gpu-pro-max-main/build/vivado/tiny_gpu.runs/impl_1/top_routed.dcp' has been generated.
Command: write_bitstream -force top.bit
Attempting to get a license for feature 'Implementation' and/or device 'xc7s50'
INFO: [Common 17-349] Got license for feature 'Implementation' and/or device 'xc7s50'
Running DRC as a precondition to command write_bitstream
INFO: [IP_Flow 19-1839] IP Catalog is up to date.
INFO: [DRC 23-27] Running DRC with 8 threads
INFO: [Vivado 12-3199] DRC finished with 0 Errors
INFO: [Vivado 12-3200] Please refer to the DRC report (report_drc) for more information.
Integrating Hard IP ELF/MEM with the PDI.
INFO: [Designutils 20-2272] Running write_bitstream with 8 threads.
Loading data files...
Loading site data...
Loading route data...
Processing options...
Creating bitmap...
Creating bitstream...
Writing bitstream ./top.bit...
INFO: [Vivado 12-1842] Bitgen Completed Successfully.
INFO: [Common 17-83] Releasing license: Implementation
138 Infos, 0 Warnings, 0 Critical Warnings and 0 Errors encountered.
write_bitstream completed successfully
write_bitstream: Time (s): cpu = 00:00:23 ; elapsed = 00:00:06 . Memory (MB): peak = 3332.652 ; gain = 280.555 ; free physical = 8873 ; free virtual = 23011
INFO: [Common 17-206] Exiting Vivado at Wed Jul 29 00:10:48 2026...
[Wed Jul 29 00:10:48 2026] impl_1 finished
wait_on_runs: Time (s): cpu = 00:04:16 ; elapsed = 00:01:42 . Memory (MB): peak = 2635.723 ; gain = 0.000 ; free physical = 11002 ; free virtual = 25141
# if {[get_property PROGRESS [get_runs impl_1]] != "100%"} {
#     puts "ERROR: implementation failed -- see $proj/tiny_gpu.runs/impl_1/runme.log"
#     exit 1
# }
# open_run impl_1
Netlist sorting complete. Time (s): cpu = 00:00:00.07 ; elapsed = 00:00:00.08 . Memory (MB): peak = 2635.723 ; gain = 0.000 ; free physical = 11006 ; free virtual = 25144
INFO: [Netlist 29-17] Analyzing 2523 Unisim elements for replacement
INFO: [Netlist 29-28] Unisim Transformation completed in 0 CPU seconds
INFO: [Project 1-479] Netlist was created with Vivado 2025.2
INFO: [Project 1-570] Preparing netlist for logic optimization
Read ShapeDB Complete: Time (s): cpu = 00:00:00.02 ; elapsed = 00:00:00.02 . Memory (MB): peak = 2704.531 ; gain = 4.000 ; free physical = 10934 ; free virtual = 25072
INFO: [Timing 38-478] Restoring timing data from binary archive.
INFO: [Timing 38-479] Binary timing data restore complete.
INFO: [Project 1-856] Restoring constraints from binary archive.
INFO: [Project 1-853] Binary constraint restore complete.
INFO: [Designutils 20-5722] Start Reading Physical Databases.
Reading placement.
Read Netlist Cache: Time (s): cpu = 00:00:00.01 ; elapsed = 00:00:00.01 . Memory (MB): peak = 2837.367 ; gain = 0.000 ; free physical = 10821 ; free virtual = 24960
Reading placer database...
Read Device Cache: Time (s): cpu = 00:00:00.01 ; elapsed = 00:00:00.01 . Memory (MB): peak = 2837.367 ; gain = 0.000 ; free physical = 10821 ; free virtual = 24960
Read PlaceDB: Time (s): cpu = 00:00:00 ; elapsed = 00:00:00 . Memory (MB): peak = 2837.367 ; gain = 0.000 ; free physical = 10821 ; free virtual = 24960
Read placeStorage: Time (s): cpu = 00:00:00.3 ; elapsed = 00:00:00.3 . Memory (MB): peak = 2842.367 ; gain = 5.000 ; free physical = 10805 ; free virtual = 24944
Read PulsedLatchDB: Time (s): cpu = 00:00:00 ; elapsed = 00:00:00 . Memory (MB): peak = 2842.367 ; gain = 0.000 ; free physical = 10805 ; free virtual = 24944
Reading routing.
Read RouteStorage: Time (s): cpu = 00:00:00.41 ; elapsed = 00:00:00.11 . Memory (MB): peak = 2857.695 ; gain = 15.328 ; free physical = 10789 ; free virtual = 24927
Read Physdb Files: Time (s): cpu = 00:00:00.73 ; elapsed = 00:00:00.43 . Memory (MB): peak = 2857.695 ; gain = 20.328 ; free physical = 10789 ; free virtual = 24927
Restored from archive | CPU: 0.730000 secs | Memory: 24.847076 MB |
Finished XDEF File Restore: Time (s): cpu = 00:00:00.73 ; elapsed = 00:00:00.43 . Memory (MB): peak = 2857.695 ; gain = 20.328 ; free physical = 10789 ; free virtual = 24927
Netlist sorting complete. Time (s): cpu = 00:00:00 ; elapsed = 00:00:00.01 . Memory (MB): peak = 2870.375 ; gain = 0.000 ; free physical = 10773 ; free virtual = 24912
INFO: [Project 1-111] Unisim Transformation Summary:
  A total of 512 instances were transformed.
  RAM256X1S => RAM256X1S (MUXF7(x2), MUXF8, RAMS64E(x4)): 512 instances

# report_utilization        -file $repo/build/reports/post_impl_utilization.rpt
# report_timing_summary     -file $repo/build/reports/post_impl_timing.rpt
INFO: [Timing 38-91] UpdateTimingParams: Speed grade: -1, Delay Type: min_max.
INFO: [Timing 38-191] Multithreading enabled for timing update using a maximum of 8 CPUs
# set wns [get_property SLACK [get_timing_paths -max_paths 1 -nworst 1 -setup]]
# set whs [get_property SLACK [get_timing_paths -max_paths 1 -nworst 1 -hold]]
# puts "### worst setup slack (WNS) = $wns ns"
### worst setup slack (WNS) = 3.523 ns
# puts "### worst hold  slack (WHS) = $whs ns"
### worst hold  slack (WHS) = 0.023 ns
# set bit $proj/tiny_gpu.runs/impl_1/top.bit
# if {[file exists $bit]} {
#     file copy -force $bit $repo/build/tiny_gpu.bit
#     puts "### BITSTREAM: build/tiny_gpu.bit"
# } else {
#     puts "ERROR: no bitstream produced"
#     exit 1
# }
### BITSTREAM: build/tiny_gpu.bit
# if {$wns < 0 || $whs < 0} {
#     puts "### WARNING: TIMING NOT MET -- the bitstream exists but may not work on hardware"
#     exit 2
# }
# puts "### TIMING MET"
### TIMING MET
INFO: [Common 17-206] Exiting Vivado at Wed Jul 29 00:10:54 2026...
