Copyright 1986-2022 Xilinx, Inc. All Rights Reserved. Copyright 2022-2025 Advanced Micro Devices, Inc. All Rights Reserved.
---------------------------------------------------------------------------------------------------------------------------------------------------------------------------------------------------------------------
| Tool Version : Vivado v.2025.2 (lin64) Build 6299465 Fri Nov 14 12:34:56 MST 2025
| Date         : Wed Jul 29 00:53:58 2026
| Host         : 0m5awdtvxwbq595qv625cz735n running 64-bit Ubuntu 24.04.4 LTS
| Command      : report_timing_summary -max_paths 10 -routable_nets -report_unconstrained -file top_timing_summary_routed.rpt -pb top_timing_summary_routed.pb -rpx top_timing_summary_routed.rpx -warn_on_violation
| Design       : top
| Device       : 7s50-csga324
| Speed File   : -1  PRODUCTION 1.23 2018-06-13
| Design State : Routed
---------------------------------------------------------------------------------------------------------------------------------------------------------------------------------------------------------------------

Timing Summary Report

------------------------------------------------------------------------------------------------
| Timer Settings
| --------------
------------------------------------------------------------------------------------------------

  Enable Multi Corner Analysis               :  Yes
  Enable Pessimism Removal                   :  Yes
  Pessimism Removal Resolution               :  Nearest Common Node
  Enable Input Delay Default Clock           :  No
  Enable Preset / Clear Arcs                 :  No
  Disable Flight Delays                      :  No
  Ignore I/O Paths                           :  No
  Timing Early Launch at Borrowing Latches   :  No
  Borrow Time for Max Delay Exceptions       :  Yes
  Merge Timing Exceptions                    :  Yes
  Inter-SLR Compensation                     :  Conservative

  Corner  Analyze    Analyze    
  Name    Max Paths  Min Paths  
  ------  ---------  ---------  
  Slow    Yes        Yes        
  Fast    Yes        Yes        


------------------------------------------------------------------------------------------------
| Report Methodology
| ------------------
------------------------------------------------------------------------------------------------

Rule      Severity  Description                                                Violations  
--------  --------  ---------------------------------------------------------  ----------  
SYNTH-5   Warning   Mapped onto distributed RAM because of timing constraints  512         
SYNTH-6   Warning   Timing of a RAM block might be sub-optimal                 8           
SYNTH-10  Warning   Wide multiplier                                            24          

Note: This report is based on the most recent report_methodology run and may not be up-to-date. Run report_methodology on the current design for the latest report.



check_timing report

Table of Contents
-----------------
1. checking no_clock (0)
2. checking constant_clock (0)
3. checking pulse_width_clock (0)
4. checking unconstrained_internal_endpoints (0)
5. checking no_input_delay (1)
6. checking no_output_delay (7)
7. checking multiple_clock (0)
8. checking generated_clocks (0)
9. checking loops (0)
10. checking partial_input_delay (0)
11. checking partial_output_delay (0)
12. checking latch_loops (0)

1. checking no_clock (0)
------------------------
 There are 0 register/latch pins with no clock.


2. checking constant_clock (0)
------------------------------
 There are 0 register/latch pins with constant_clock.


3. checking pulse_width_clock (0)
---------------------------------
 There are 0 register/latch pins which need pulse_width check


4. checking unconstrained_internal_endpoints (0)
------------------------------------------------
 There are 0 pins that are not constrained for maximum delay.

 There are 0 pins that are not constrained for maximum delay due to constant clock.


5. checking no_input_delay (1)
------------------------------
 There is 1 input port with no input delay specified. (HIGH)

 There are 0 input ports with no input delay but user has a false path constraint.


6. checking no_output_delay (7)
-------------------------------
 There are 7 ports with no output delay specified. (HIGH)

 There are 0 ports with no output delay but user has a false path constraint

 There are 0 ports with no output delay but with a timing clock defined on it or propagating through it


7. checking multiple_clock (0)
------------------------------
 There are 0 register/latch pins with multiple clocks.


8. checking generated_clocks (0)
--------------------------------
 There are 0 generated clocks that are not connected to a clock source.


9. checking loops (0)
---------------------
 There are 0 combinational loops in the design.


10. checking partial_input_delay (0)
------------------------------------
 There are 0 input ports with partial input delay specified.


11. checking partial_output_delay (0)
-------------------------------------
 There are 0 ports with partial output delay specified.


12. checking latch_loops (0)
----------------------------
 There are 0 combinational latch loops in the design through latch input



------------------------------------------------------------------------------------------------
| Design Timing Summary
| ---------------------
------------------------------------------------------------------------------------------------

    WNS(ns)      TNS(ns)  TNS Failing Endpoints  TNS Total Endpoints      WHS(ns)      THS(ns)  THS Failing Endpoints  THS Total Endpoints     WPWS(ns)     TPWS(ns)  TPWS Failing Endpoints  TPWS Total Endpoints  
    -------      -------  ---------------------  -------------------      -------      -------  ---------------------  -------------------     --------     --------  ----------------------  --------------------  
      3.523        0.000                      0                49047        0.023        0.000                      0                49047        2.845        0.000                       0                 11942  


All user specified timing constraints are met.


------------------------------------------------------------------------------------------------
| Clock Summary
| -------------
------------------------------------------------------------------------------------------------

Clock                 Waveform(ns)         Period(ns)      Frequency(MHz)
-----                 ------------         ----------      --------------
CLOCK_100             {0.000 5.000}        10.000          100.000         
  clk_out1_clk_wiz_0  {0.000 12.500}       25.000          40.000          
  clk_out2_clk_wiz_0  {0.000 2.500}        5.000           200.000         
  clkfbout_clk_wiz_0  {0.000 5.000}        10.000          100.000         


------------------------------------------------------------------------------------------------
| Intra Clock Table
| -----------------
------------------------------------------------------------------------------------------------

Clock                     WNS(ns)      TNS(ns)  TNS Failing Endpoints  TNS Total Endpoints      WHS(ns)      THS(ns)  THS Failing Endpoints  THS Total Endpoints     WPWS(ns)     TPWS(ns)  TPWS Failing Endpoints  TPWS Total Endpoints  
-----                     -------      -------  ---------------------  -------------------      -------      -------  ---------------------  -------------------     --------     --------  ----------------------  --------------------  
CLOCK_100                                                                                                                                                               3.000        0.000                       0                     1  
  clk_out1_clk_wiz_0        3.523        0.000                      0                49047        0.023        0.000                      0                49047       11.250        0.000                       0                 11928  
  clk_out2_clk_wiz_0                                                                                                                                                    2.845        0.000                       0                    10  
  clkfbout_clk_wiz_0                                                                                                                                                    7.845        0.000                       0                     3  


------------------------------------------------------------------------------------------------
| Inter Clock Table
| -----------------
------------------------------------------------------------------------------------------------

From Clock    To Clock          WNS(ns)      TNS(ns)  TNS Failing Endpoints  TNS Total Endpoints      WHS(ns)      THS(ns)  THS Failing Endpoints  THS Total Endpoints  
----------    --------          -------      -------  ---------------------  -------------------      -------      -------  ---------------------  -------------------  


------------------------------------------------------------------------------------------------
| Other Path Groups Table
| -----------------------
------------------------------------------------------------------------------------------------

Path Group    From Clock    To Clock          WNS(ns)      TNS(ns)  TNS Failing Endpoints  TNS Total Endpoints      WHS(ns)      THS(ns)  THS Failing Endpoints  THS Total Endpoints  
----------    ----------    --------          -------      -------  ---------------------  -------------------      -------      -------  ---------------------  -------------------  


------------------------------------------------------------------------------------------------
| User Ignored Path Table
| -----------------------
------------------------------------------------------------------------------------------------

Path Group    From Clock    To Clock    
----------    ----------    --------    


------------------------------------------------------------------------------------------------
| Unconstrained Path Table
| ------------------------
------------------------------------------------------------------------------------------------

Path Group          From Clock          To Clock          
----------          ----------          --------          
(none)              clk_out1_clk_wiz_0                      
(none)              clk_out2_clk_wiz_0                      
(none)                                  clk_out1_clk_wiz_0  


------------------------------------------------------------------------------------------------
| Timing Details
| --------------
------------------------------------------------------------------------------------------------


---------------------------------------------------------------------------------------------------
From Clock:  CLOCK_100
  To Clock:  CLOCK_100

Setup :           NA  Failing Endpoints,  Worst Slack           NA  ,  Total Violation           NA
Hold  :           NA  Failing Endpoints,  Worst Slack           NA  ,  Total Violation           NA
PW    :            0  Failing Endpoints,  Worst Slack        3.000ns,  Total Violation        0.000ns
---------------------------------------------------------------------------------------------------


Pulse Width Checks
--------------------------------------------------------------------------------------
Clock Name:         CLOCK_100
Waveform(ns):       { 0.000 5.000 }
Period(ns):         10.000
Sources:            { CLOCK_100 }

Check Type        Corner  Lib Pin            Reference Pin  Required(ns)  Actual(ns)  Slack(ns)  Location         Pin
Min Period        n/a     MMCME2_ADV/CLKIN1  n/a            1.249         10.000      8.751      MMCME2_ADV_X0Y1  clk_wiz/inst/mmcm_adv_inst/CLKIN1
Max Period        n/a     MMCME2_ADV/CLKIN1  n/a            100.000       10.000      90.000     MMCME2_ADV_X0Y1  clk_wiz/inst/mmcm_adv_inst/CLKIN1
Low Pulse Width   Slow    MMCME2_ADV/CLKIN1  n/a            2.000         5.000       3.000      MMCME2_ADV_X0Y1  clk_wiz/inst/mmcm_adv_inst/CLKIN1
Low Pulse Width   Fast    MMCME2_ADV/CLKIN1  n/a            2.000         5.000       3.000      MMCME2_ADV_X0Y1  clk_wiz/inst/mmcm_adv_inst/CLKIN1
High Pulse Width  Slow    MMCME2_ADV/CLKIN1  n/a            2.000         5.000       3.000      MMCME2_ADV_X0Y1  clk_wiz/inst/mmcm_adv_inst/CLKIN1
High Pulse Width  Fast    MMCME2_ADV/CLKIN1  n/a            2.000         5.000       3.000      MMCME2_ADV_X0Y1  clk_wiz/inst/mmcm_adv_inst/CLKIN1



---------------------------------------------------------------------------------------------------
From Clock:  clk_out1_clk_wiz_0
  To Clock:  clk_out1_clk_wiz_0

Setup :            0  Failing Endpoints,  Worst Slack        3.523ns,  Total Violation        0.000ns
Hold  :            0  Failing Endpoints,  Worst Slack        0.023ns,  Total Violation        0.000ns
PW    :            0  Failing Endpoints,  Worst Slack       11.250ns,  Total Violation        0.000ns
---------------------------------------------------------------------------------------------------


Max Delay Paths
--------------------------------------------------------------------------------------
Slack (MET) :             3.523ns  (required time - arrival time)
  Source:                 u_gpu/u_core/u_fetcher/instr_reg[19]_rep/C
                            (rising edge-triggered cell FDRE clocked by clk_out1_clk_wiz_0  {rise@0.000ns fall@12.500ns period=25.000ns})
  Destination:            u_gpu/u_core/lane[4].u_cpu/alu_result_reg[22]/D
                            (rising edge-triggered cell FDRE clocked by clk_out1_clk_wiz_0  {rise@0.000ns fall@12.500ns period=25.000ns})
  Path Group:             clk_out1_clk_wiz_0
  Path Type:              Setup (Max at Slow Process Corner)
  Requirement:            25.000ns  (clk_out1_clk_wiz_0 rise@25.000ns - clk_out1_clk_wiz_0 rise@0.000ns)
  Data Path Delay:        21.307ns  (logic 8.181ns (38.395%)  route 13.126ns (61.605%))
  Logic Levels:           12  (CARRY4=2 DSP48E1=2 LUT2=1 LUT3=2 LUT6=5)
  Clock Path Skew:        -0.111ns (DCD - SCD + CPR)
    Destination Clock Delay (DCD):    -1.548ns = ( 23.452 - 25.000 ) 
    Source Clock Delay      (SCD):    -0.945ns
    Clock Pessimism Removal (CPR):    0.491ns
  Clock Uncertainty:      0.087ns  ((TSJ^2 + DJ^2)^1/2) / 2 + PE
    Total System Jitter     (TSJ):    0.071ns
    Discrete Jitter          (DJ):    0.159ns
    Phase Error              (PE):    0.000ns

    Location             Delay type                Incr(ns)  Path(ns)    Netlist Resource(s)
  -------------------------------------------------------------------    -------------------
                         (clock clk_out1_clk_wiz_0 rise edge)
                                                      0.000     0.000 r  
    F14                                               0.000     0.000 r  CLOCK_100 (IN)
                         net (fo=0)                   0.000     0.000    clk_wiz/inst/clk_in1
    F14                  IBUF (Prop_ibuf_I_O)         1.458     1.458 r  clk_wiz/inst/clkin1_ibufg/O
                         net (fo=1, routed)           1.233     2.692    clk_wiz/inst/clk_in1_clk_wiz_0
    MMCME2_ADV_X0Y1      MMCME2_ADV (Prop_mmcme2_adv_CLKIN1_CLKOUT0)
                                                     -6.950    -4.259 r  clk_wiz/inst/mmcm_adv_inst/CLKOUT0
                         net (fo=1, routed)           1.666    -2.592    clk_wiz/inst/clk_out1_clk_wiz_0
    BUFGCTRL_X0Y16       BUFG (Prop_bufg_I_O)         0.096    -2.496 r  clk_wiz/inst/clkout1_buf/O
                         net (fo=11926, routed)       1.551    -0.945    u_gpu/u_core/u_fetcher/clk_out1
    SLICE_X32Y54         FDRE                                         r  u_gpu/u_core/u_fetcher/instr_reg[19]_rep/C
  -------------------------------------------------------------------    -------------------
    SLICE_X32Y54         FDRE (Prop_fdre_C_Q)         0.456    -0.489 r  u_gpu/u_core/u_fetcher/instr_reg[19]_rep/Q
                         net (fo=116, routed)         3.479     2.989    u_gpu/u_core/lane[4].u_cpu/ea_reg[19]_1
    SLICE_X14Y2          LUT6 (Prop_lut6_I4_O)        0.124     3.113 r  u_gpu/u_core/lane[4].u_cpu/i___62_i_5/O
                         net (fo=1, routed)           1.000     4.114    u_gpu/u_core/lane[4].u_cpu/i___62_i_5_n_0
    SLICE_X14Y2          LUT6 (Prop_lut6_I0_O)        0.124     4.238 f  u_gpu/u_core/lane[4].u_cpu/i___62_i_3__0/O
                         net (fo=1, routed)           0.941     5.179    u_gpu/u_core/lane[4].u_cpu/i___62_i_3__0_n_0
    SLICE_X13Y4          LUT3 (Prop_lut3_I0_O)        0.152     5.331 r  u_gpu/u_core/lane[4].u_cpu/i___62_i_1__0/O
                         net (fo=23, routed)          3.536     8.867    u_gpu/u_core/lane[4].u_cpu/alu_result_comb0__0_i_8__3_n_0
    DSP48_X1Y23          DSP48E1 (Prop_dsp48e1_A[9]_PCOUT[47])
                                                      4.238    13.105 r  u_gpu/u_core/lane[4].u_cpu/alu_result_comb0__0/PCOUT[47]
                         net (fo=1, routed)           0.002    13.107    u_gpu/u_core/lane[4].u_cpu/alu_result_comb0__0_n_106
    DSP48_X1Y24          DSP48E1 (Prop_dsp48e1_PCIN[47]_P[0])
                                                      1.518    14.625 r  u_gpu/u_core/lane[4].u_cpu/alu_result_comb0__1/P[0]
                         net (fo=2, routed)           0.766    15.391    u_gpu/u_core/lane[4].u_cpu/alu_result_comb0__1_n_105
    SLICE_X54Y60         LUT2 (Prop_lut2_I0_O)        0.124    15.515 r  u_gpu/u_core/lane[4].u_cpu/i___22_i_21/O
                         net (fo=1, routed)           0.000    15.515    u_gpu/u_core/lane[4].u_cpu/i___22_i_21_n_0
    SLICE_X54Y60         CARRY4 (Prop_carry4_S[1]_CO[3])
                                                      0.533    16.048 r  u_gpu/u_core/lane[4].u_cpu/i___22_i_14/CO[3]
                         net (fo=1, routed)           0.000    16.048    u_gpu/u_core/lane[4].u_cpu/i___22_i_14_n_0
    SLICE_X54Y61         CARRY4 (Prop_carry4_CI_O[2])
                                                      0.239    16.287 r  u_gpu/u_core/lane[4].u_cpu/i___25_i_8/O[2]
                         net (fo=1, routed)           0.543    16.831    u_gpu/u_core/u_fetcher/i___28_i_1__1_1[2]
    SLICE_X58Y61         LUT6 (Prop_lut6_I3_O)        0.301    17.132 f  u_gpu/u_core/u_fetcher/i___27_i_3__1/O
                         net (fo=1, routed)           1.367    18.499    u_gpu/u_core/u_fetcher/i___27_i_3__1_n_0
    SLICE_X49Y42         LUT3 (Prop_lut3_I2_O)        0.124    18.623 f  u_gpu/u_core/u_fetcher/i___27_i_1__1/O
                         net (fo=1, routed)           1.188    19.811    u_gpu/u_core/lane[4].u_cpu/alu_result_reg[22]_0
    SLICE_X49Y66         LUT6 (Prop_lut6_I0_O)        0.124    19.935 f  u_gpu/u_core/lane[4].u_cpu/i___27/O
                         net (fo=1, routed)           0.303    20.238    u_gpu/u_core/u_fetcher/alu_result_reg[22]_12
    SLICE_X48Y65         LUT6 (Prop_lut6_I2_O)        0.124    20.362 r  u_gpu/u_core/u_fetcher/alu_result[22]_i_1__3/O
                         net (fo=1, routed)           0.000    20.362    u_gpu/u_core/lane[4].u_cpu/alu_result_reg[31]_2[22]
    SLICE_X48Y65         FDRE                                         r  u_gpu/u_core/lane[4].u_cpu/alu_result_reg[22]/D
  -------------------------------------------------------------------    -------------------

                         (clock clk_out1_clk_wiz_0 rise edge)
                                                     25.000    25.000 r  
    F14                                               0.000    25.000 r  CLOCK_100 (IN)
                         net (fo=0)                   0.000    25.000    clk_wiz/inst/clk_in1
    F14                  IBUF (Prop_ibuf_I_O)         1.388    26.388 r  clk_wiz/inst/clkin1_ibufg/O
                         net (fo=1, routed)           1.162    27.550    clk_wiz/inst/clk_in1_clk_wiz_0
    MMCME2_ADV_X0Y1      MMCME2_ADV (Prop_mmcme2_adv_CLKIN1_CLKOUT0)
                                                     -7.208    20.342 r  clk_wiz/inst/mmcm_adv_inst/CLKOUT0
                         net (fo=1, routed)           1.587    21.929    clk_wiz/inst/clk_out1_clk_wiz_0
    BUFGCTRL_X0Y16       BUFG (Prop_bufg_I_O)         0.091    22.020 r  clk_wiz/inst/clkout1_buf/O
                         net (fo=11926, routed)       1.432    23.452    u_gpu/u_core/lane[4].u_cpu/clk_out1
    SLICE_X48Y65         FDRE                                         r  u_gpu/u_core/lane[4].u_cpu/alu_result_reg[22]/C
                         clock pessimism              0.491    23.943    
                         clock uncertainty           -0.087    23.856    
    SLICE_X48Y65         FDRE (Setup_fdre_C_D)        0.029    23.885    u_gpu/u_core/lane[4].u_cpu/alu_result_reg[22]
  -------------------------------------------------------------------
                         required time                         23.885    
                         arrival time                         -20.362    
  -------------------------------------------------------------------
                         slack                                  3.523    

Slack (MET) :             3.554ns  (required time - arrival time)
  Source:                 u_gpu/u_core/u_fetcher/instr_reg[19]_rep__4/C
                            (rising edge-triggered cell FDRE clocked by clk_out1_clk_wiz_0  {rise@0.000ns fall@12.500ns period=25.000ns})
  Destination:            u_gpu/u_core/lane[6].u_cpu/alu_result_reg[31]/D
                            (rising edge-triggered cell FDRE clocked by clk_out1_clk_wiz_0  {rise@0.000ns fall@12.500ns period=25.000ns})
  Path Group:             clk_out1_clk_wiz_0
  Path Type:              Setup (Max at Slow Process Corner)
  Requirement:            25.000ns  (clk_out1_clk_wiz_0 rise@25.000ns - clk_out1_clk_wiz_0 rise@0.000ns)
  Data Path Delay:        21.279ns  (logic 8.860ns (41.638%)  route 12.419ns (58.362%))
  Logic Levels:           14  (CARRY4=4 DSP48E1=2 LUT2=1 LUT3=2 LUT5=2 LUT6=3)
  Clock Path Skew:        -0.109ns (DCD - SCD + CPR)
    Destination Clock Delay (DCD):    -1.543ns = ( 23.457 - 25.000 ) 
    Source Clock Delay      (SCD):    -0.942ns
    Clock Pessimism Removal (CPR):    0.491ns
  Clock Uncertainty:      0.087ns  ((TSJ^2 + DJ^2)^1/2) / 2 + PE
    Total System Jitter     (TSJ):    0.071ns
    Discrete Jitter          (DJ):    0.159ns
    Phase Error              (PE):    0.000ns

    Location             Delay type                Incr(ns)  Path(ns)    Netlist Resource(s)
  -------------------------------------------------------------------    -------------------
                         (clock clk_out1_clk_wiz_0 rise edge)
                                                      0.000     0.000 r  
    F14                                               0.000     0.000 r  CLOCK_100 (IN)
                         net (fo=0)                   0.000     0.000    clk_wiz/inst/clk_in1
    F14                  IBUF (Prop_ibuf_I_O)         1.458     1.458 r  clk_wiz/inst/clkin1_ibufg/O
                         net (fo=1, routed)           1.233     2.692    clk_wiz/inst/clk_in1_clk_wiz_0
    MMCME2_ADV_X0Y1      MMCME2_ADV (Prop_mmcme2_adv_CLKIN1_CLKOUT0)
                                                     -6.950    -4.259 r  clk_wiz/inst/mmcm_adv_inst/CLKOUT0
                         net (fo=1, routed)           1.666    -2.592    clk_wiz/inst/clk_out1_clk_wiz_0
    BUFGCTRL_X0Y16       BUFG (Prop_bufg_I_O)         0.096    -2.496 r  clk_wiz/inst/clkout1_buf/O
                         net (fo=11926, routed)       1.554    -0.942    u_gpu/u_core/u_fetcher/clk_out1
    SLICE_X51Y88         FDRE                                         r  u_gpu/u_core/u_fetcher/instr_reg[19]_rep__4/C
  -------------------------------------------------------------------    -------------------
    SLICE_X51Y88         FDRE (Prop_fdre_C_Q)         0.419    -0.523 r  u_gpu/u_core/u_fetcher/instr_reg[19]_rep__4/Q
                         net (fo=116, routed)         4.565     4.041    u_gpu/u_core/lane[6].u_cpu/i___62_i_4__0_0
    SLICE_X6Y13          LUT6 (Prop_lut6_I4_O)        0.296     4.337 r  u_gpu/u_core/lane[6].u_cpu/i___62_i_6__0/O
                         net (fo=1, routed)           0.658     4.995    u_gpu/u_core/lane[6].u_cpu/i___62_i_6__0_n_0
    SLICE_X6Y12          LUT6 (Prop_lut6_I1_O)        0.124     5.119 f  u_gpu/u_core/lane[6].u_cpu/i___62_i_3__1/O
                         net (fo=1, routed)           1.572     6.691    u_gpu/u_core/lane[6].u_cpu/i___62_i_3__1_n_0
    SLICE_X1Y26          LUT3 (Prop_lut3_I0_O)        0.152     6.843 r  u_gpu/u_core/lane[6].u_cpu/i___62_i_1__1/O
                         net (fo=24, routed)          1.680     8.524    u_gpu/u_core/lane[6].u_cpu/alu_result_comb0__0_i_6__5_n_0
    DSP48_X0Y21          DSP48E1 (Prop_dsp48e1_A[11]_PCOUT[47])
                                                      4.238    12.762 r  u_gpu/u_core/lane[6].u_cpu/alu_result_comb0__0/PCOUT[47]
                         net (fo=1, routed)           0.002    12.764    u_gpu/u_core/lane[6].u_cpu/alu_result_comb0__0_n_106
    DSP48_X0Y22          DSP48E1 (Prop_dsp48e1_PCIN[47]_P[0])
                                                      1.518    14.282 r  u_gpu/u_core/lane[6].u_cpu/alu_result_comb0__1/P[0]
                         net (fo=2, routed)           1.139    15.421    u_gpu/u_core/lane[6].u_cpu/alu_result_comb0__1_n_105
    SLICE_X10Y51         LUT2 (Prop_lut2_I0_O)        0.124    15.545 r  u_gpu/u_core/lane[6].u_cpu/i___16_i_21/O
                         net (fo=1, routed)           0.000    15.545    u_gpu/u_core/lane[6].u_cpu/i___16_i_21_n_0
    SLICE_X10Y51         CARRY4 (Prop_carry4_S[1]_CO[3])
                                                      0.533    16.078 r  u_gpu/u_core/lane[6].u_cpu/i___16_i_17/CO[3]
                         net (fo=1, routed)           0.000    16.078    u_gpu/u_core/lane[6].u_cpu/i___16_i_17_n_0
    SLICE_X10Y52         CARRY4 (Prop_carry4_CI_CO[3])
                                                      0.117    16.195 r  u_gpu/u_core/lane[6].u_cpu/i___15_i_17/CO[3]
                         net (fo=1, routed)           0.000    16.195    u_gpu/u_core/lane[6].u_cpu/i___15_i_17_n_0
    SLICE_X10Y53         CARRY4 (Prop_carry4_CI_CO[3])
                                                      0.117    16.312 r  u_gpu/u_core/lane[6].u_cpu/i___14_i_18/CO[3]
                         net (fo=1, routed)           0.000    16.312    u_gpu/u_core/lane[6].u_cpu/i___14_i_18_n_0
    SLICE_X10Y54         CARRY4 (Prop_carry4_CI_O[3])
                                                      0.315    16.627 r  u_gpu/u_core/lane[6].u_cpu/i___12_i_21/O[3]
                         net (fo=1, routed)           0.744    17.372    u_gpu/u_core/u_fetcher/alu_result[31]_i_7__2_0[3]
    SLICE_X7Y58          LUT5 (Prop_lut5_I0_O)        0.307    17.679 r  u_gpu/u_core/u_fetcher/alu_result[31]_i_15__2/O
                         net (fo=1, routed)           0.852    18.530    u_gpu/u_core/u_fetcher/alu_result[31]_i_15__2_n_0
    SLICE_X6Y60          LUT3 (Prop_lut3_I2_O)        0.148    18.678 f  u_gpu/u_core/u_fetcher/alu_result[31]_i_7__2/O
                         net (fo=1, routed)           0.436    19.114    u_gpu/u_core/u_fetcher/alu_result[31]_i_7__2_n_0
    SLICE_X4Y58          LUT6 (Prop_lut6_I3_O)        0.328    19.442 r  u_gpu/u_core/u_fetcher/alu_result[31]_i_4__3/O
                         net (fo=1, routed)           0.770    20.212    u_gpu/u_core/u_fetcher/alu_result[31]_i_4__3_n_0
    SLICE_X13Y55         LUT5 (Prop_lut5_I4_O)        0.124    20.336 r  u_gpu/u_core/u_fetcher/alu_result[31]_i_1__5/O
                         net (fo=1, routed)           0.000    20.336    u_gpu/u_core/lane[6].u_cpu/alu_result_reg[31]_2[31]
    SLICE_X13Y55         FDRE                                         r  u_gpu/u_core/lane[6].u_cpu/alu_result_reg[31]/D
  -------------------------------------------------------------------    -------------------

                         (clock clk_out1_clk_wiz_0 rise edge)
                                                     25.000    25.000 r  
    F14                                               0.000    25.000 r  CLOCK_100 (IN)
                         net (fo=0)                   0.000    25.000    clk_wiz/inst/clk_in1
    F14                  IBUF (Prop_ibuf_I_O)         1.388    26.388 r  clk_wiz/inst/clkin1_ibufg/O
                         net (fo=1, routed)           1.162    27.550    clk_wiz/inst/clk_in1_clk_wiz_0
    MMCME2_ADV_X0Y1      MMCME2_ADV (Prop_mmcme2_adv_CLKIN1_CLKOUT0)
                                                     -7.208    20.342 r  clk_wiz/inst/mmcm_adv_inst/CLKOUT0
                         net (fo=1, routed)           1.587    21.929    clk_wiz/inst/clk_out1_clk_wiz_0
    BUFGCTRL_X0Y16       BUFG (Prop_bufg_I_O)         0.091    22.020 r  clk_wiz/inst/clkout1_buf/O
                         net (fo=11926, routed)       1.437    23.457    u_gpu/u_core/lane[6].u_cpu/clk_out1
    SLICE_X13Y55         FDRE                                         r  u_gpu/u_core/lane[6].u_cpu/alu_result_reg[31]/C
                         clock pessimism              0.491    23.948    
                         clock uncertainty           -0.087    23.861    
    SLICE_X13Y55         FDRE (Setup_fdre_C_D)        0.029    23.890    u_gpu/u_core/lane[6].u_cpu/alu_result_reg[31]
  -------------------------------------------------------------------
                         required time                         23.890    
                         arrival time                         -20.336    
  -------------------------------------------------------------------
                         slack                                  3.554    

Slack (MET) :             3.703ns  (required time - arrival time)
  Source:                 u_gpu/u_core/u_fetcher/instr_reg[19]_rep__4/C
                            (rising edge-triggered cell FDRE clocked by clk_out1_clk_wiz_0  {rise@0.000ns fall@12.500ns period=25.000ns})
  Destination:            u_gpu/u_core/lane[6].u_cpu/alu_result_reg[17]/D
                            (rising edge-triggered cell FDRE clocked by clk_out1_clk_wiz_0  {rise@0.000ns fall@12.500ns period=25.000ns})
  Path Group:             clk_out1_clk_wiz_0
  Path Type:              Setup (Max at Slow Process Corner)
  Requirement:            25.000ns  (clk_out1_clk_wiz_0 rise@25.000ns - clk_out1_clk_wiz_0 rise@0.000ns)
  Data Path Delay:        21.130ns  (logic 8.139ns (38.519%)  route 12.991ns (61.481%))
  Logic Levels:           12  (CARRY4=1 DSP48E1=2 LUT2=1 LUT3=2 LUT5=2 LUT6=4)
  Clock Path Skew:        -0.108ns (DCD - SCD + CPR)
    Destination Clock Delay (DCD):    -1.542ns = ( 23.458 - 25.000 ) 
    Source Clock Delay      (SCD):    -0.942ns
    Clock Pessimism Removal (CPR):    0.491ns
  Clock Uncertainty:      0.087ns  ((TSJ^2 + DJ^2)^1/2) / 2 + PE
    Total System Jitter     (TSJ):    0.071ns
    Discrete Jitter          (DJ):    0.159ns
    Phase Error              (PE):    0.000ns

    Location             Delay type                Incr(ns)  Path(ns)    Netlist Resource(s)
  -------------------------------------------------------------------    -------------------
                         (clock clk_out1_clk_wiz_0 rise edge)
                                                      0.000     0.000 r  
    F14                                               0.000     0.000 r  CLOCK_100 (IN)
                         net (fo=0)                   0.000     0.000    clk_wiz/inst/clk_in1
    F14                  IBUF (Prop_ibuf_I_O)         1.458     1.458 r  clk_wiz/inst/clkin1_ibufg/O
                         net (fo=1, routed)           1.233     2.692    clk_wiz/inst/clk_in1_clk_wiz_0
    MMCME2_ADV_X0Y1      MMCME2_ADV (Prop_mmcme2_adv_CLKIN1_CLKOUT0)
                                                     -6.950    -4.259 r  clk_wiz/inst/mmcm_adv_inst/CLKOUT0
                         net (fo=1, routed)           1.666    -2.592    clk_wiz/inst/clk_out1_clk_wiz_0
    BUFGCTRL_X0Y16       BUFG (Prop_bufg_I_O)         0.096    -2.496 r  clk_wiz/inst/clkout1_buf/O
                         net (fo=11926, routed)       1.554    -0.942    u_gpu/u_core/u_fetcher/clk_out1
    SLICE_X51Y88         FDRE                                         r  u_gpu/u_core/u_fetcher/instr_reg[19]_rep__4/C
  -------------------------------------------------------------------    -------------------
    SLICE_X51Y88         FDRE (Prop_fdre_C_Q)         0.419    -0.523 r  u_gpu/u_core/u_fetcher/instr_reg[19]_rep__4/Q
                         net (fo=116, routed)         4.565     4.041    u_gpu/u_core/lane[6].u_cpu/i___62_i_4__0_0
    SLICE_X6Y13          LUT6 (Prop_lut6_I4_O)        0.296     4.337 r  u_gpu/u_core/lane[6].u_cpu/i___62_i_6__0/O
                         net (fo=1, routed)           0.658     4.995    u_gpu/u_core/lane[6].u_cpu/i___62_i_6__0_n_0
    SLICE_X6Y12          LUT6 (Prop_lut6_I1_O)        0.124     5.119 f  u_gpu/u_core/lane[6].u_cpu/i___62_i_3__1/O
                         net (fo=1, routed)           1.572     6.691    u_gpu/u_core/lane[6].u_cpu/i___62_i_3__1_n_0
    SLICE_X1Y26          LUT3 (Prop_lut3_I0_O)        0.152     6.843 r  u_gpu/u_core/lane[6].u_cpu/i___62_i_1__1/O
                         net (fo=24, routed)          1.680     8.524    u_gpu/u_core/lane[6].u_cpu/alu_result_comb0__0_i_6__5_n_0
    DSP48_X0Y21          DSP48E1 (Prop_dsp48e1_A[11]_PCOUT[47])
                                                      4.238    12.762 r  u_gpu/u_core/lane[6].u_cpu/alu_result_comb0__0/PCOUT[47]
                         net (fo=1, routed)           0.002    12.764    u_gpu/u_core/lane[6].u_cpu/alu_result_comb0__0_n_106
    DSP48_X0Y22          DSP48E1 (Prop_dsp48e1_PCIN[47]_P[0])
                                                      1.518    14.282 r  u_gpu/u_core/lane[6].u_cpu/alu_result_comb0__1/P[0]
                         net (fo=2, routed)           1.139    15.421    u_gpu/u_core/lane[6].u_cpu/alu_result_comb0__1_n_105
    SLICE_X10Y51         LUT2 (Prop_lut2_I0_O)        0.124    15.545 r  u_gpu/u_core/lane[6].u_cpu/i___16_i_21/O
                         net (fo=1, routed)           0.000    15.545    u_gpu/u_core/lane[6].u_cpu/i___16_i_21_n_0
    SLICE_X10Y51         CARRY4 (Prop_carry4_S[1]_O[1])
                                                      0.230    15.775 r  u_gpu/u_core/lane[6].u_cpu/i___16_i_17/O[1]
                         net (fo=1, routed)           0.608    16.383    u_gpu/u_core/u_fetcher/i___19_i_1__3_0[1]
    SLICE_X9Y56          LUT5 (Prop_lut5_I1_O)        0.306    16.689 f  u_gpu/u_core/u_fetcher/i___33_i_2__4/O
                         net (fo=1, routed)           1.100    17.789    u_gpu/u_core/u_fetcher/i___33_i_2__4_n_0
    SLICE_X6Y61          LUT3 (Prop_lut3_I0_O)        0.153    17.942 f  u_gpu/u_core/u_fetcher/i___33_i_1__4/O
                         net (fo=1, routed)           0.644    18.587    u_gpu/u_core/lane[6].u_cpu/alu_result[17]_i_3__5
    SLICE_X2Y54          LUT6 (Prop_lut6_I0_O)        0.331    18.918 f  u_gpu/u_core/lane[6].u_cpu/i___33/O
                         net (fo=1, routed)           0.306    19.224    u_gpu/u_core/u_fetcher/alu_result_reg[17]_23
    SLICE_X2Y52          LUT6 (Prop_lut6_I5_O)        0.124    19.348 r  u_gpu/u_core/u_fetcher/alu_result[17]_i_3__5/O
                         net (fo=1, routed)           0.716    20.064    u_gpu/u_core/u_fetcher/alu_result[17]_i_3__5_n_0
    SLICE_X13Y52         LUT5 (Prop_lut5_I4_O)        0.124    20.188 r  u_gpu/u_core/u_fetcher/alu_result[17]_i_1__5/O
                         net (fo=1, routed)           0.000    20.188    u_gpu/u_core/lane[6].u_cpu/alu_result_reg[31]_2[17]
    SLICE_X13Y52         FDRE                                         r  u_gpu/u_core/lane[6].u_cpu/alu_result_reg[17]/D
  -------------------------------------------------------------------    -------------------

                         (clock clk_out1_clk_wiz_0 rise edge)
                                                     25.000    25.000 r  
    F14                                               0.000    25.000 r  CLOCK_100 (IN)
                         net (fo=0)                   0.000    25.000    clk_wiz/inst/clk_in1
    F14                  IBUF (Prop_ibuf_I_O)         1.388    26.388 r  clk_wiz/inst/clkin1_ibufg/O
                         net (fo=1, routed)           1.162    27.550    clk_wiz/inst/clk_in1_clk_wiz_0
    MMCME2_ADV_X0Y1      MMCME2_ADV (Prop_mmcme2_adv_CLKIN1_CLKOUT0)
                                                     -7.208    20.342 r  clk_wiz/inst/mmcm_adv_inst/CLKOUT0
                         net (fo=1, routed)           1.587    21.929    clk_wiz/inst/clk_out1_clk_wiz_0
    BUFGCTRL_X0Y16       BUFG (Prop_bufg_I_O)         0.091    22.020 r  clk_wiz/inst/clkout1_buf/O
                         net (fo=11926, routed)       1.438    23.458    u_gpu/u_core/lane[6].u_cpu/clk_out1
    SLICE_X13Y52         FDRE                                         r  u_gpu/u_core/lane[6].u_cpu/alu_result_reg[17]/C
                         clock pessimism              0.491    23.949    
                         clock uncertainty           -0.087    23.862    
    SLICE_X13Y52         FDRE (Setup_fdre_C_D)        0.029    23.891    u_gpu/u_core/lane[6].u_cpu/alu_result_reg[17]
  -------------------------------------------------------------------
                         required time                         23.891    
                         arrival time                         -20.188    
  -------------------------------------------------------------------
                         slack                                  3.703    

Slack (MET) :             3.791ns  (required time - arrival time)
  Source:                 u_gpu/u_core/u_fetcher/instr_reg[19]_rep__4/C
                            (rising edge-triggered cell FDRE clocked by clk_out1_clk_wiz_0  {rise@0.000ns fall@12.500ns period=25.000ns})
  Destination:            u_gpu/u_core/lane[6].u_cpu/alu_result_reg[21]/D
                            (rising edge-triggered cell FDRE clocked by clk_out1_clk_wiz_0  {rise@0.000ns fall@12.500ns period=25.000ns})
  Path Group:             clk_out1_clk_wiz_0
  Path Type:              Setup (Max at Slow Process Corner)
  Requirement:            25.000ns  (clk_out1_clk_wiz_0 rise@25.000ns - clk_out1_clk_wiz_0 rise@0.000ns)
  Data Path Delay:        21.110ns  (logic 8.637ns (40.914%)  route 12.473ns (59.086%))
  Logic Levels:           12  (CARRY4=2 DSP48E1=2 LUT2=1 LUT3=2 LUT5=1 LUT6=4)
  Clock Path Skew:        -0.042ns (DCD - SCD + CPR)
    Destination Clock Delay (DCD):    -1.476ns = ( 23.524 - 25.000 ) 
    Source Clock Delay      (SCD):    -0.942ns
    Clock Pessimism Removal (CPR):    0.491ns
  Clock Uncertainty:      0.087ns  ((TSJ^2 + DJ^2)^1/2) / 2 + PE
    Total System Jitter     (TSJ):    0.071ns
    Discrete Jitter          (DJ):    0.159ns
    Phase Error              (PE):    0.000ns

    Location             Delay type                Incr(ns)  Path(ns)    Netlist Resource(s)
  -------------------------------------------------------------------    -------------------
                         (clock clk_out1_clk_wiz_0 rise edge)
                                                      0.000     0.000 r  
    F14                                               0.000     0.000 r  CLOCK_100 (IN)
                         net (fo=0)                   0.000     0.000    clk_wiz/inst/clk_in1
    F14                  IBUF (Prop_ibuf_I_O)         1.458     1.458 r  clk_wiz/inst/clkin1_ibufg/O
                         net (fo=1, routed)           1.233     2.692    clk_wiz/inst/clk_in1_clk_wiz_0
    MMCME2_ADV_X0Y1      MMCME2_ADV (Prop_mmcme2_adv_CLKIN1_CLKOUT0)
                                                     -6.950    -4.259 r  clk_wiz/inst/mmcm_adv_inst/CLKOUT0
                         net (fo=1, routed)           1.666    -2.592    clk_wiz/inst/clk_out1_clk_wiz_0
    BUFGCTRL_X0Y16       BUFG (Prop_bufg_I_O)         0.096    -2.496 r  clk_wiz/inst/clkout1_buf/O
                         net (fo=11926, routed)       1.554    -0.942    u_gpu/u_core/u_fetcher/clk_out1
    SLICE_X51Y88         FDRE                                         r  u_gpu/u_core/u_fetcher/instr_reg[19]_rep__4/C
  -------------------------------------------------------------------    -------------------
    SLICE_X51Y88         FDRE (Prop_fdre_C_Q)         0.419    -0.523 r  u_gpu/u_core/u_fetcher/instr_reg[19]_rep__4/Q
                         net (fo=116, routed)         4.565     4.041    u_gpu/u_core/lane[6].u_cpu/i___62_i_4__0_0
    SLICE_X6Y13          LUT6 (Prop_lut6_I4_O)        0.296     4.337 r  u_gpu/u_core/lane[6].u_cpu/i___62_i_6__0/O
                         net (fo=1, routed)           0.658     4.995    u_gpu/u_core/lane[6].u_cpu/i___62_i_6__0_n_0
    SLICE_X6Y12          LUT6 (Prop_lut6_I1_O)        0.124     5.119 f  u_gpu/u_core/lane[6].u_cpu/i___62_i_3__1/O
                         net (fo=1, routed)           1.572     6.691    u_gpu/u_core/lane[6].u_cpu/i___62_i_3__1_n_0
    SLICE_X1Y26          LUT3 (Prop_lut3_I0_O)        0.152     6.843 r  u_gpu/u_core/lane[6].u_cpu/i___62_i_1__1/O
                         net (fo=24, routed)          1.680     8.524    u_gpu/u_core/lane[6].u_cpu/alu_result_comb0__0_i_6__5_n_0
    DSP48_X0Y21          DSP48E1 (Prop_dsp48e1_A[11]_PCOUT[47])
                                                      4.238    12.762 r  u_gpu/u_core/lane[6].u_cpu/alu_result_comb0__0/PCOUT[47]
                         net (fo=1, routed)           0.002    12.764    u_gpu/u_core/lane[6].u_cpu/alu_result_comb0__0_n_106
    DSP48_X0Y22          DSP48E1 (Prop_dsp48e1_PCIN[47]_P[0])
                                                      1.518    14.282 r  u_gpu/u_core/lane[6].u_cpu/alu_result_comb0__1/P[0]
                         net (fo=2, routed)           1.139    15.421    u_gpu/u_core/lane[6].u_cpu/alu_result_comb0__1_n_105
    SLICE_X10Y51         LUT2 (Prop_lut2_I0_O)        0.124    15.545 r  u_gpu/u_core/lane[6].u_cpu/i___16_i_21/O
                         net (fo=1, routed)           0.000    15.545    u_gpu/u_core/lane[6].u_cpu/i___16_i_21_n_0
    SLICE_X10Y51         CARRY4 (Prop_carry4_S[1]_CO[3])
                                                      0.533    16.078 r  u_gpu/u_core/lane[6].u_cpu/i___16_i_17/CO[3]
                         net (fo=1, routed)           0.000    16.078    u_gpu/u_core/lane[6].u_cpu/i___16_i_17_n_0
    SLICE_X10Y52         CARRY4 (Prop_carry4_CI_O[1])
                                                      0.323    16.401 r  u_gpu/u_core/lane[6].u_cpu/i___15_i_17/O[1]
                         net (fo=1, routed)           0.670    17.071    u_gpu/u_core/u_fetcher/i___36_i_1__3_0[1]
    SLICE_X9Y56          LUT5 (Prop_lut5_I1_O)        0.306    17.377 f  u_gpu/u_core/u_fetcher/i___35_i_2__1/O
                         net (fo=1, routed)           1.016    18.393    u_gpu/u_core/u_fetcher/i___35_i_2__1_n_0
    SLICE_X7Y61          LUT3 (Prop_lut3_I0_O)        0.153    18.546 f  u_gpu/u_core/u_fetcher/i___35_i_1__3/O
                         net (fo=1, routed)           0.686    19.232    u_gpu/u_core/lane[6].u_cpu/alu_result_reg[21]_1
    SLICE_X5Y57          LUT6 (Prop_lut6_I0_O)        0.327    19.559 f  u_gpu/u_core/lane[6].u_cpu/i___35/O
                         net (fo=1, routed)           0.485    20.044    u_gpu/u_core/u_fetcher/alu_result_reg[21]_19
    SLICE_X5Y55          LUT6 (Prop_lut6_I2_O)        0.124    20.168 r  u_gpu/u_core/u_fetcher/alu_result[21]_i_1__5/O
                         net (fo=1, routed)           0.000    20.168    u_gpu/u_core/lane[6].u_cpu/alu_result_reg[31]_2[21]
    SLICE_X5Y55          FDRE                                         r  u_gpu/u_core/lane[6].u_cpu/alu_result_reg[21]/D
  -------------------------------------------------------------------    -------------------

                         (clock clk_out1_clk_wiz_0 rise edge)
                                                     25.000    25.000 r  
    F14                                               0.000    25.000 r  CLOCK_100 (IN)
                         net (fo=0)                   0.000    25.000    clk_wiz/inst/clk_in1
    F14                  IBUF (Prop_ibuf_I_O)         1.388    26.388 r  clk_wiz/inst/clkin1_ibufg/O
                         net (fo=1, routed)           1.162    27.550    clk_wiz/inst/clk_in1_clk_wiz_0
    MMCME2_ADV_X0Y1      MMCME2_ADV (Prop_mmcme2_adv_CLKIN1_CLKOUT0)
                                                     -7.208    20.342 r  clk_wiz/inst/mmcm_adv_inst/CLKOUT0
                         net (fo=1, routed)           1.587    21.929    clk_wiz/inst/clk_out1_clk_wiz_0
    BUFGCTRL_X0Y16       BUFG (Prop_bufg_I_O)         0.091    22.020 r  clk_wiz/inst/clkout1_buf/O
                         net (fo=11926, routed)       1.504    23.524    u_gpu/u_core/lane[6].u_cpu/clk_out1
    SLICE_X5Y55          FDRE                                         r  u_gpu/u_core/lane[6].u_cpu/alu_result_reg[21]/C
                         clock pessimism              0.491    24.015    
                         clock uncertainty           -0.087    23.928    
    SLICE_X5Y55          FDRE (Setup_fdre_C_D)        0.031    23.959    u_gpu/u_core/lane[6].u_cpu/alu_result_reg[21]
  -------------------------------------------------------------------
                         required time                         23.959    
                         arrival time                         -20.168    
  -------------------------------------------------------------------
                         slack                                  3.791    

Slack (MET) :             3.828ns  (required time - arrival time)
  Source:                 u_gpu/u_core/u_fetcher/instr_reg[19]_rep/C
                            (rising edge-triggered cell FDRE clocked by clk_out1_clk_wiz_0  {rise@0.000ns fall@12.500ns period=25.000ns})
  Destination:            u_gpu/u_core/lane[4].u_cpu/alu_result_reg[21]/D
                            (rising edge-triggered cell FDRE clocked by clk_out1_clk_wiz_0  {rise@0.000ns fall@12.500ns period=25.000ns})
  Path Group:             clk_out1_clk_wiz_0
  Path Type:              Setup (Max at Slow Process Corner)
  Requirement:            25.000ns  (clk_out1_clk_wiz_0 rise@25.000ns - clk_out1_clk_wiz_0 rise@0.000ns)
  Data Path Delay:        21.001ns  (logic 8.270ns (39.378%)  route 12.731ns (60.622%))
  Logic Levels:           12  (CARRY4=2 DSP48E1=2 LUT2=1 LUT3=2 LUT6=5)
  Clock Path Skew:        -0.112ns (DCD - SCD + CPR)
    Destination Clock Delay (DCD):    -1.549ns = ( 23.451 - 25.000 ) 
    Source Clock Delay      (SCD):    -0.945ns
    Clock Pessimism Removal (CPR):    0.491ns
  Clock Uncertainty:      0.087ns  ((TSJ^2 + DJ^2)^1/2) / 2 + PE
    Total System Jitter     (TSJ):    0.071ns
    Discrete Jitter          (DJ):    0.159ns
    Phase Error              (PE):    0.000ns

    Location             Delay type                Incr(ns)  Path(ns)    Netlist Resource(s)
  -------------------------------------------------------------------    -------------------
                         (clock clk_out1_clk_wiz_0 rise edge)
                                                      0.000     0.000 r  
    F14                                               0.000     0.000 r  CLOCK_100 (IN)
                         net (fo=0)                   0.000     0.000    clk_wiz/inst/clk_in1
    F14                  IBUF (Prop_ibuf_I_O)         1.458     1.458 r  clk_wiz/inst/clkin1_ibufg/O
                         net (fo=1, routed)           1.233     2.692    clk_wiz/inst/clk_in1_clk_wiz_0
    MMCME2_ADV_X0Y1      MMCME2_ADV (Prop_mmcme2_adv_CLKIN1_CLKOUT0)
                                                     -6.950    -4.259 r  clk_wiz/inst/mmcm_adv_inst/CLKOUT0
                         net (fo=1, routed)           1.666    -2.592    clk_wiz/inst/clk_out1_clk_wiz_0
    BUFGCTRL_X0Y16       BUFG (Prop_bufg_I_O)         0.096    -2.496 r  clk_wiz/inst/clkout1_buf/O
                         net (fo=11926, routed)       1.551    -0.945    u_gpu/u_core/u_fetcher/clk_out1
    SLICE_X32Y54         FDRE                                         r  u_gpu/u_core/u_fetcher/instr_reg[19]_rep/C
  -------------------------------------------------------------------    -------------------
    SLICE_X32Y54         FDRE (Prop_fdre_C_Q)         0.456    -0.489 r  u_gpu/u_core/u_fetcher/instr_reg[19]_rep/Q
                         net (fo=116, routed)         3.479     2.989    u_gpu/u_core/lane[4].u_cpu/ea_reg[19]_1
    SLICE_X14Y2          LUT6 (Prop_lut6_I4_O)        0.124     3.113 r  u_gpu/u_core/lane[4].u_cpu/i___62_i_5/O
                         net (fo=1, routed)           1.000     4.114    u_gpu/u_core/lane[4].u_cpu/i___62_i_5_n_0
    SLICE_X14Y2          LUT6 (Prop_lut6_I0_O)        0.124     4.238 f  u_gpu/u_core/lane[4].u_cpu/i___62_i_3__0/O
                         net (fo=1, routed)           0.941     5.179    u_gpu/u_core/lane[4].u_cpu/i___62_i_3__0_n_0
    SLICE_X13Y4          LUT3 (Prop_lut3_I0_O)        0.152     5.331 r  u_gpu/u_core/lane[4].u_cpu/i___62_i_1__0/O
                         net (fo=23, routed)          3.536     8.867    u_gpu/u_core/lane[4].u_cpu/alu_result_comb0__0_i_8__3_n_0
    DSP48_X1Y23          DSP48E1 (Prop_dsp48e1_A[9]_PCOUT[47])
                                                      4.238    13.105 r  u_gpu/u_core/lane[4].u_cpu/alu_result_comb0__0/PCOUT[47]
                         net (fo=1, routed)           0.002    13.107    u_gpu/u_core/lane[4].u_cpu/alu_result_comb0__0_n_106
    DSP48_X1Y24          DSP48E1 (Prop_dsp48e1_PCIN[47]_P[0])
                                                      1.518    14.625 r  u_gpu/u_core/lane[4].u_cpu/alu_result_comb0__1/P[0]
                         net (fo=2, routed)           0.766    15.391    u_gpu/u_core/lane[4].u_cpu/alu_result_comb0__1_n_105
    SLICE_X54Y60         LUT2 (Prop_lut2_I0_O)        0.124    15.515 r  u_gpu/u_core/lane[4].u_cpu/i___22_i_21/O
                         net (fo=1, routed)           0.000    15.515    u_gpu/u_core/lane[4].u_cpu/i___22_i_21_n_0
    SLICE_X54Y60         CARRY4 (Prop_carry4_S[1]_CO[3])
                                                      0.533    16.048 r  u_gpu/u_core/lane[4].u_cpu/i___22_i_14/CO[3]
                         net (fo=1, routed)           0.000    16.048    u_gpu/u_core/lane[4].u_cpu/i___22_i_14_n_0
    SLICE_X54Y61         CARRY4 (Prop_carry4_CI_O[1])
                                                      0.323    16.371 r  u_gpu/u_core/lane[4].u_cpu/i___25_i_8/O[1]
                         net (fo=1, routed)           0.533    16.904    u_gpu/u_core/u_fetcher/i___28_i_1__1_1[1]
    SLICE_X58Y61         LUT6 (Prop_lut6_I3_O)        0.306    17.210 f  u_gpu/u_core/u_fetcher/i___26_i_3__0/O
                         net (fo=1, routed)           0.833    18.043    u_gpu/u_core/u_fetcher/i___26_i_3__0_n_0
    SLICE_X57Y55         LUT3 (Prop_lut3_I2_O)        0.124    18.167 f  u_gpu/u_core/u_fetcher/i___26_i_1__1/O
                         net (fo=1, routed)           0.907    19.075    u_gpu/u_core/lane[4].u_cpu/alu_result_reg[21]_0
    SLICE_X58Y66         LUT6 (Prop_lut6_I0_O)        0.124    19.199 f  u_gpu/u_core/lane[4].u_cpu/i___26/O
                         net (fo=1, routed)           0.733    19.932    u_gpu/u_core/u_fetcher/alu_result_reg[21]_13
    SLICE_X49Y66         LUT6 (Prop_lut6_I2_O)        0.124    20.056 r  u_gpu/u_core/u_fetcher/alu_result[21]_i_1__3/O
                         net (fo=1, routed)           0.000    20.056    u_gpu/u_core/lane[4].u_cpu/alu_result_reg[31]_2[21]
    SLICE_X49Y66         FDRE                                         r  u_gpu/u_core/lane[4].u_cpu/alu_result_reg[21]/D
  -------------------------------------------------------------------    -------------------

                         (clock clk_out1_clk_wiz_0 rise edge)
                                                     25.000    25.000 r  
    F14                                               0.000    25.000 r  CLOCK_100 (IN)
                         net (fo=0)                   0.000    25.000    clk_wiz/inst/clk_in1
    F14                  IBUF (Prop_ibuf_I_O)         1.388    26.388 r  clk_wiz/inst/clkin1_ibufg/O
                         net (fo=1, routed)           1.162    27.550    clk_wiz/inst/clk_in1_clk_wiz_0
    MMCME2_ADV_X0Y1      MMCME2_ADV (Prop_mmcme2_adv_CLKIN1_CLKOUT0)
                                                     -7.208    20.342 r  clk_wiz/inst/mmcm_adv_inst/CLKOUT0
                         net (fo=1, routed)           1.587    21.929    clk_wiz/inst/clk_out1_clk_wiz_0
    BUFGCTRL_X0Y16       BUFG (Prop_bufg_I_O)         0.091    22.020 r  clk_wiz/inst/clkout1_buf/O
                         net (fo=11926, routed)       1.431    23.451    u_gpu/u_core/lane[4].u_cpu/clk_out1
    SLICE_X49Y66         FDRE                                         r  u_gpu/u_core/lane[4].u_cpu/alu_result_reg[21]/C
                         clock pessimism              0.491    23.942    
                         clock uncertainty           -0.087    23.855    
    SLICE_X49Y66         FDRE (Setup_fdre_C_D)        0.029    23.884    u_gpu/u_core/lane[4].u_cpu/alu_result_reg[21]
  -------------------------------------------------------------------
                         required time                         23.884    
                         arrival time                         -20.056    
  -------------------------------------------------------------------
                         slack                                  3.828    

Slack (MET) :             3.981ns  (required time - arrival time)
  Source:                 u_gpu/u_core/u_fetcher/instr_reg[18]/C
                            (rising edge-triggered cell FDRE clocked by clk_out1_clk_wiz_0  {rise@0.000ns fall@12.500ns period=25.000ns})
  Destination:            u_gpu/u_core/lane[3].u_cpu/alu_result_reg[24]/D
                            (rising edge-triggered cell FDRE clocked by clk_out1_clk_wiz_0  {rise@0.000ns fall@12.500ns period=25.000ns})
  Path Group:             clk_out1_clk_wiz_0
  Path Type:              Setup (Max at Slow Process Corner)
  Requirement:            25.000ns  (clk_out1_clk_wiz_0 rise@25.000ns - clk_out1_clk_wiz_0 rise@0.000ns)
  Data Path Delay:        20.811ns  (logic 8.353ns (40.138%)  route 12.458ns (59.862%))
  Logic Levels:           12  (CARRY4=2 DSP48E1=2 LUT2=1 LUT3=2 LUT5=1 LUT6=4)
  Clock Path Skew:        -0.153ns (DCD - SCD + CPR)
    Destination Clock Delay (DCD):    -1.559ns = ( 23.441 - 25.000 ) 
    Source Clock Delay      (SCD):    -0.923ns
    Clock Pessimism Removal (CPR):    0.483ns
  Clock Uncertainty:      0.087ns  ((TSJ^2 + DJ^2)^1/2) / 2 + PE
    Total System Jitter     (TSJ):    0.071ns
    Discrete Jitter          (DJ):    0.159ns
    Phase Error              (PE):    0.000ns

    Location             Delay type                Incr(ns)  Path(ns)    Netlist Resource(s)
  -------------------------------------------------------------------    -------------------
                         (clock clk_out1_clk_wiz_0 rise edge)
                                                      0.000     0.000 r  
    F14                                               0.000     0.000 r  CLOCK_100 (IN)
                         net (fo=0)                   0.000     0.000    clk_wiz/inst/clk_in1
    F14                  IBUF (Prop_ibuf_I_O)         1.458     1.458 r  clk_wiz/inst/clkin1_ibufg/O
                         net (fo=1, routed)           1.233     2.692    clk_wiz/inst/clk_in1_clk_wiz_0
    MMCME2_ADV_X0Y1      MMCME2_ADV (Prop_mmcme2_adv_CLKIN1_CLKOUT0)
                                                     -6.950    -4.259 r  clk_wiz/inst/mmcm_adv_inst/CLKOUT0
                         net (fo=1, routed)           1.666    -2.592    clk_wiz/inst/clk_out1_clk_wiz_0
    BUFGCTRL_X0Y16       BUFG (Prop_bufg_I_O)         0.096    -2.496 r  clk_wiz/inst/clkout1_buf/O
                         net (fo=11926, routed)       1.573    -0.923    u_gpu/u_core/u_fetcher/clk_out1
    SLICE_X55Y46         FDRE                                         r  u_gpu/u_core/u_fetcher/instr_reg[18]/C
  -------------------------------------------------------------------    -------------------
    SLICE_X55Y46         FDRE (Prop_fdre_C_Q)         0.456    -0.467 r  u_gpu/u_core/u_fetcher/instr_reg[18]/Q
                         net (fo=2059, routed)        3.967     3.500    u_gpu/u_core/lane[3].u_cpu/Q[10]
    SLICE_X9Y3           LUT6 (Prop_lut6_I2_O)        0.124     3.624 r  u_gpu/u_core/lane[3].u_cpu/i___89_i_5/O
                         net (fo=1, routed)           0.754     4.378    u_gpu/u_core/lane[3].u_cpu/i___89_i_5_n_0
    SLICE_X10Y5          LUT6 (Prop_lut6_I0_O)        0.124     4.502 f  u_gpu/u_core/lane[3].u_cpu/i___89_i_3/O
                         net (fo=1, routed)           1.144     5.646    u_gpu/u_core/lane[3].u_cpu/i___89_i_3_n_0
    SLICE_X10Y14         LUT3 (Prop_lut3_I0_O)        0.146     5.792 r  u_gpu/u_core/lane[3].u_cpu/i___89_i_1/O
                         net (fo=24, routed)          2.748     8.540    u_gpu/u_core/lane[3].u_cpu/alu_result_comb0__0_i_6__2_n_0
    DSP48_X0Y27          DSP48E1 (Prop_dsp48e1_A[11]_PCOUT[47])
                                                      4.240    12.780 r  u_gpu/u_core/lane[3].u_cpu/alu_result_comb0__0/PCOUT[47]
                         net (fo=1, routed)           0.002    12.782    u_gpu/u_core/lane[3].u_cpu/alu_result_comb0__0_n_106
    DSP48_X0Y28          DSP48E1 (Prop_dsp48e1_PCIN[47]_P[3])
                                                      1.518    14.300 r  u_gpu/u_core/lane[3].u_cpu/alu_result_comb0__1/P[3]
                         net (fo=2, routed)           1.131    15.431    u_gpu/u_core/lane[3].u_cpu/alu_result_comb0__1_n_102
    SLICE_X13Y71         LUT2 (Prop_lut2_I0_O)        0.124    15.555 r  u_gpu/u_core/lane[3].u_cpu/i___40_i_31/O
                         net (fo=1, routed)           0.000    15.555    u_gpu/u_core/lane[3].u_cpu/i___40_i_31_n_0
    SLICE_X13Y71         CARRY4 (Prop_carry4_S[0]_CO[3])
                                                      0.532    16.087 r  u_gpu/u_core/lane[3].u_cpu/i___40_i_23/CO[3]
                         net (fo=1, routed)           0.000    16.087    u_gpu/u_core/lane[3].u_cpu/i___40_i_23_n_0
    SLICE_X13Y72         CARRY4 (Prop_carry4_CI_O[0])
                                                      0.222    16.309 r  u_gpu/u_core/lane[3].u_cpu/i___41_i_22/O[0]
                         net (fo=1, routed)           0.719    17.027    u_gpu/u_core/u_fetcher/i___42_i_1__1_1[0]
    SLICE_X13Y74         LUT5 (Prop_lut5_I4_O)        0.299    17.326 f  u_gpu/u_core/u_fetcher/i___67_i_2__0/O
                         net (fo=1, routed)           0.610    17.936    u_gpu/u_core/u_fetcher/i___67_i_2__0_n_0
    SLICE_X15Y74         LUT3 (Prop_lut3_I0_O)        0.118    18.054 f  u_gpu/u_core/u_fetcher/i___67_i_1__0/O
                         net (fo=1, routed)           0.735    18.789    u_gpu/u_core/lane[3].u_cpu/alu_result_reg[24]_0
    SLICE_X32Y74         LUT6 (Prop_lut6_I0_O)        0.326    19.115 f  u_gpu/u_core/lane[3].u_cpu/i___67/O
                         net (fo=1, routed)           0.649    19.763    u_gpu/u_core/u_fetcher/alu_result_reg[24]_9
    SLICE_X32Y69         LUT6 (Prop_lut6_I2_O)        0.124    19.887 r  u_gpu/u_core/u_fetcher/alu_result[24]_i_1__2/O
                         net (fo=1, routed)           0.000    19.887    u_gpu/u_core/lane[3].u_cpu/alu_result_reg[31]_5[24]
    SLICE_X32Y69         FDRE                                         r  u_gpu/u_core/lane[3].u_cpu/alu_result_reg[24]/D
  -------------------------------------------------------------------    -------------------

                         (clock clk_out1_clk_wiz_0 rise edge)
                                                     25.000    25.000 r  
    F14                                               0.000    25.000 r  CLOCK_100 (IN)
                         net (fo=0)                   0.000    25.000    clk_wiz/inst/clk_in1
    F14                  IBUF (Prop_ibuf_I_O)         1.388    26.388 r  clk_wiz/inst/clkin1_ibufg/O
                         net (fo=1, routed)           1.162    27.550    clk_wiz/inst/clk_in1_clk_wiz_0
    MMCME2_ADV_X0Y1      MMCME2_ADV (Prop_mmcme2_adv_CLKIN1_CLKOUT0)
                                                     -7.208    20.342 r  clk_wiz/inst/mmcm_adv_inst/CLKOUT0
                         net (fo=1, routed)           1.587    21.929    clk_wiz/inst/clk_out1_clk_wiz_0
    BUFGCTRL_X0Y16       BUFG (Prop_bufg_I_O)         0.091    22.020 r  clk_wiz/inst/clkout1_buf/O
                         net (fo=11926, routed)       1.421    23.441    u_gpu/u_core/lane[3].u_cpu/clk_out1
    SLICE_X32Y69         FDRE                                         r  u_gpu/u_core/lane[3].u_cpu/alu_result_reg[24]/C
                         clock pessimism              0.483    23.924    
                         clock uncertainty           -0.087    23.837    
    SLICE_X32Y69         FDRE (Setup_fdre_C_D)        0.031    23.868    u_gpu/u_core/lane[3].u_cpu/alu_result_reg[24]
  -------------------------------------------------------------------
                         required time                         23.868    
                         arrival time                         -19.887    
  -------------------------------------------------------------------
                         slack                                  3.981    

Slack (MET) :             3.997ns  (required time - arrival time)
  Source:                 u_gpu/u_core/u_fetcher/instr_reg[18]/C
                            (rising edge-triggered cell FDRE clocked by clk_out1_clk_wiz_0  {rise@0.000ns fall@12.500ns period=25.000ns})
  Destination:            u_gpu/u_core/lane[3].u_cpu/alu_result_reg[31]/D
                            (rising edge-triggered cell FDRE clocked by clk_out1_clk_wiz_0  {rise@0.000ns fall@12.500ns period=25.000ns})
  Path Group:             clk_out1_clk_wiz_0
  Path Type:              Setup (Max at Slow Process Corner)
  Requirement:            25.000ns  (clk_out1_clk_wiz_0 rise@25.000ns - clk_out1_clk_wiz_0 rise@0.000ns)
  Data Path Delay:        20.797ns  (logic 8.369ns (40.242%)  route 12.428ns (59.758%))
  Logic Levels:           13  (CARRY4=3 DSP48E1=2 LUT2=1 LUT3=1 LUT4=1 LUT5=2 LUT6=3)
  Clock Path Skew:        -0.150ns (DCD - SCD + CPR)
    Destination Clock Delay (DCD):    -1.556ns = ( 23.444 - 25.000 ) 
    Source Clock Delay      (SCD):    -0.923ns
    Clock Pessimism Removal (CPR):    0.483ns
  Clock Uncertainty:      0.087ns  ((TSJ^2 + DJ^2)^1/2) / 2 + PE
    Total System Jitter     (TSJ):    0.071ns
    Discrete Jitter          (DJ):    0.159ns
    Phase Error              (PE):    0.000ns

    Location             Delay type                Incr(ns)  Path(ns)    Netlist Resource(s)
  -------------------------------------------------------------------    -------------------
                         (clock clk_out1_clk_wiz_0 rise edge)
                                                      0.000     0.000 r  
    F14                                               0.000     0.000 r  CLOCK_100 (IN)
                         net (fo=0)                   0.000     0.000    clk_wiz/inst/clk_in1
    F14                  IBUF (Prop_ibuf_I_O)         1.458     1.458 r  clk_wiz/inst/clkin1_ibufg/O
                         net (fo=1, routed)           1.233     2.692    clk_wiz/inst/clk_in1_clk_wiz_0
    MMCME2_ADV_X0Y1      MMCME2_ADV (Prop_mmcme2_adv_CLKIN1_CLKOUT0)
                                                     -6.950    -4.259 r  clk_wiz/inst/mmcm_adv_inst/CLKOUT0
                         net (fo=1, routed)           1.666    -2.592    clk_wiz/inst/clk_out1_clk_wiz_0
    BUFGCTRL_X0Y16       BUFG (Prop_bufg_I_O)         0.096    -2.496 r  clk_wiz/inst/clkout1_buf/O
                         net (fo=11926, routed)       1.573    -0.923    u_gpu/u_core/u_fetcher/clk_out1
    SLICE_X55Y46         FDRE                                         r  u_gpu/u_core/u_fetcher/instr_reg[18]/C
  -------------------------------------------------------------------    -------------------
    SLICE_X55Y46         FDRE (Prop_fdre_C_Q)         0.456    -0.467 r  u_gpu/u_core/u_fetcher/instr_reg[18]/Q
                         net (fo=2059, routed)        3.967     3.500    u_gpu/u_core/lane[3].u_cpu/Q[10]
    SLICE_X9Y3           LUT6 (Prop_lut6_I2_O)        0.124     3.624 r  u_gpu/u_core/lane[3].u_cpu/i___89_i_5/O
                         net (fo=1, routed)           0.754     4.378    u_gpu/u_core/lane[3].u_cpu/i___89_i_5_n_0
    SLICE_X10Y5          LUT6 (Prop_lut6_I0_O)        0.124     4.502 f  u_gpu/u_core/lane[3].u_cpu/i___89_i_3/O
                         net (fo=1, routed)           1.144     5.646    u_gpu/u_core/lane[3].u_cpu/i___89_i_3_n_0
    SLICE_X10Y14         LUT3 (Prop_lut3_I0_O)        0.146     5.792 r  u_gpu/u_core/lane[3].u_cpu/i___89_i_1/O
                         net (fo=24, routed)          2.748     8.540    u_gpu/u_core/lane[3].u_cpu/alu_result_comb0__0_i_6__2_n_0
    DSP48_X0Y27          DSP48E1 (Prop_dsp48e1_A[11]_PCOUT[47])
                                                      4.240    12.780 r  u_gpu/u_core/lane[3].u_cpu/alu_result_comb0__0/PCOUT[47]
                         net (fo=1, routed)           0.002    12.782    u_gpu/u_core/lane[3].u_cpu/alu_result_comb0__0_n_106
    DSP48_X0Y28          DSP48E1 (Prop_dsp48e1_PCIN[47]_P[3])
                                                      1.518    14.300 r  u_gpu/u_core/lane[3].u_cpu/alu_result_comb0__1/P[3]
                         net (fo=2, routed)           1.131    15.431    u_gpu/u_core/lane[3].u_cpu/alu_result_comb0__1_n_102
    SLICE_X13Y71         LUT2 (Prop_lut2_I0_O)        0.124    15.555 r  u_gpu/u_core/lane[3].u_cpu/i___40_i_31/O
                         net (fo=1, routed)           0.000    15.555    u_gpu/u_core/lane[3].u_cpu/i___40_i_31_n_0
    SLICE_X13Y71         CARRY4 (Prop_carry4_S[0]_CO[3])
                                                      0.532    16.087 r  u_gpu/u_core/lane[3].u_cpu/i___40_i_23/CO[3]
                         net (fo=1, routed)           0.000    16.087    u_gpu/u_core/lane[3].u_cpu/i___40_i_23_n_0
    SLICE_X13Y72         CARRY4 (Prop_carry4_CI_CO[3])
                                                      0.114    16.201 r  u_gpu/u_core/lane[3].u_cpu/i___41_i_22/CO[3]
                         net (fo=1, routed)           0.000    16.201    u_gpu/u_core/lane[3].u_cpu/i___41_i_22_n_0
    SLICE_X13Y73         CARRY4 (Prop_carry4_CI_O[3])
                                                      0.313    16.514 r  u_gpu/u_core/lane[3].u_cpu/i___43_i_19/O[3]
                         net (fo=1, routed)           0.573    17.087    u_gpu/u_core/u_fetcher/alu_result[31]_i_5__2_1[3]
    SLICE_X11Y74         LUT5 (Prop_lut5_I1_O)        0.306    17.393 r  u_gpu/u_core/u_fetcher/alu_result[31]_i_9__1/O
                         net (fo=1, routed)           0.633    18.026    u_gpu/u_core/u_fetcher/alu_result[31]_i_9__1_n_0
    SLICE_X15Y75         LUT4 (Prop_lut4_I3_O)        0.124    18.150 f  u_gpu/u_core/u_fetcher/alu_result[31]_i_5__2/O
                         net (fo=1, routed)           0.824    18.974    u_gpu/u_core/u_fetcher/alu_result[31]_i_5__2_n_0
    SLICE_X36Y73         LUT6 (Prop_lut6_I3_O)        0.124    19.098 r  u_gpu/u_core/u_fetcher/alu_result[31]_i_3__2/O
                         net (fo=1, routed)           0.652    19.750    u_gpu/u_core/u_fetcher/alu_result[31]_i_3__2_n_0
    SLICE_X32Y67         LUT5 (Prop_lut5_I4_O)        0.124    19.874 r  u_gpu/u_core/u_fetcher/alu_result[31]_i_1__2/O
                         net (fo=1, routed)           0.000    19.874    u_gpu/u_core/lane[3].u_cpu/alu_result_reg[31]_5[31]
    SLICE_X32Y67         FDRE                                         r  u_gpu/u_core/lane[3].u_cpu/alu_result_reg[31]/D
  -------------------------------------------------------------------    -------------------

                         (clock clk_out1_clk_wiz_0 rise edge)
                                                     25.000    25.000 r  
    F14                                               0.000    25.000 r  CLOCK_100 (IN)
                         net (fo=0)                   0.000    25.000    clk_wiz/inst/clk_in1
    F14                  IBUF (Prop_ibuf_I_O)         1.388    26.388 r  clk_wiz/inst/clkin1_ibufg/O
                         net (fo=1, routed)           1.162    27.550    clk_wiz/inst/clk_in1_clk_wiz_0
    MMCME2_ADV_X0Y1      MMCME2_ADV (Prop_mmcme2_adv_CLKIN1_CLKOUT0)
                                                     -7.208    20.342 r  clk_wiz/inst/mmcm_adv_inst/CLKOUT0
                         net (fo=1, routed)           1.587    21.929    clk_wiz/inst/clk_out1_clk_wiz_0
    BUFGCTRL_X0Y16       BUFG (Prop_bufg_I_O)         0.091    22.020 r  clk_wiz/inst/clkout1_buf/O
                         net (fo=11926, routed)       1.424    23.444    u_gpu/u_core/lane[3].u_cpu/clk_out1
    SLICE_X32Y67         FDRE                                         r  u_gpu/u_core/lane[3].u_cpu/alu_result_reg[31]/C
                         clock pessimism              0.483    23.927    
                         clock uncertainty           -0.087    23.840    
    SLICE_X32Y67         FDRE (Setup_fdre_C_D)        0.031    23.871    u_gpu/u_core/lane[3].u_cpu/alu_result_reg[31]
  -------------------------------------------------------------------
                         required time                         23.871    
                         arrival time                         -19.874    
  -------------------------------------------------------------------
                         slack                                  3.997    

Slack (MET) :             4.018ns  (required time - arrival time)
  Source:                 u_gpu/u_core/u_fetcher/instr_reg[19]_rep__4/C
                            (rising edge-triggered cell FDRE clocked by clk_out1_clk_wiz_0  {rise@0.000ns fall@12.500ns period=25.000ns})
  Destination:            u_gpu/u_core/lane[6].u_cpu/alu_result_reg[27]/D
                            (rising edge-triggered cell FDRE clocked by clk_out1_clk_wiz_0  {rise@0.000ns fall@12.500ns period=25.000ns})
  Path Group:             clk_out1_clk_wiz_0
  Path Type:              Setup (Max at Slow Process Corner)
  Requirement:            25.000ns  (clk_out1_clk_wiz_0 rise@25.000ns - clk_out1_clk_wiz_0 rise@0.000ns)
  Data Path Delay:        20.883ns  (logic 8.778ns (42.034%)  route 12.105ns (57.966%))
  Logic Levels:           13  (CARRY4=3 DSP48E1=2 LUT2=1 LUT3=2 LUT5=1 LUT6=4)
  Clock Path Skew:        -0.042ns (DCD - SCD + CPR)
    Destination Clock Delay (DCD):    -1.476ns = ( 23.524 - 25.000 ) 
    Source Clock Delay      (SCD):    -0.942ns
    Clock Pessimism Removal (CPR):    0.491ns
  Clock Uncertainty:      0.087ns  ((TSJ^2 + DJ^2)^1/2) / 2 + PE
    Total System Jitter     (TSJ):    0.071ns
    Discrete Jitter          (DJ):    0.159ns
    Phase Error              (PE):    0.000ns

    Location             Delay type                Incr(ns)  Path(ns)    Netlist Resource(s)
  -------------------------------------------------------------------    -------------------
                         (clock clk_out1_clk_wiz_0 rise edge)
                                                      0.000     0.000 r  
    F14                                               0.000     0.000 r  CLOCK_100 (IN)
                         net (fo=0)                   0.000     0.000    clk_wiz/inst/clk_in1
    F14                  IBUF (Prop_ibuf_I_O)         1.458     1.458 r  clk_wiz/inst/clkin1_ibufg/O
                         net (fo=1, routed)           1.233     2.692    clk_wiz/inst/clk_in1_clk_wiz_0
    MMCME2_ADV_X0Y1      MMCME2_ADV (Prop_mmcme2_adv_CLKIN1_CLKOUT0)
                                                     -6.950    -4.259 r  clk_wiz/inst/mmcm_adv_inst/CLKOUT0
                         net (fo=1, routed)           1.666    -2.592    clk_wiz/inst/clk_out1_clk_wiz_0
    BUFGCTRL_X0Y16       BUFG (Prop_bufg_I_O)         0.096    -2.496 r  clk_wiz/inst/clkout1_buf/O
                         net (fo=11926, routed)       1.554    -0.942    u_gpu/u_core/u_fetcher/clk_out1
    SLICE_X51Y88         FDRE                                         r  u_gpu/u_core/u_fetcher/instr_reg[19]_rep__4/C
  -------------------------------------------------------------------    -------------------
    SLICE_X51Y88         FDRE (Prop_fdre_C_Q)         0.419    -0.523 r  u_gpu/u_core/u_fetcher/instr_reg[19]_rep__4/Q
                         net (fo=116, routed)         4.565     4.041    u_gpu/u_core/lane[6].u_cpu/i___62_i_4__0_0
    SLICE_X6Y13          LUT6 (Prop_lut6_I4_O)        0.296     4.337 r  u_gpu/u_core/lane[6].u_cpu/i___62_i_6__0/O
                         net (fo=1, routed)           0.658     4.995    u_gpu/u_core/lane[6].u_cpu/i___62_i_6__0_n_0
    SLICE_X6Y12          LUT6 (Prop_lut6_I1_O)        0.124     5.119 f  u_gpu/u_core/lane[6].u_cpu/i___62_i_3__1/O
                         net (fo=1, routed)           1.572     6.691    u_gpu/u_core/lane[6].u_cpu/i___62_i_3__1_n_0
    SLICE_X1Y26          LUT3 (Prop_lut3_I0_O)        0.152     6.843 r  u_gpu/u_core/lane[6].u_cpu/i___62_i_1__1/O
                         net (fo=24, routed)          1.680     8.524    u_gpu/u_core/lane[6].u_cpu/alu_result_comb0__0_i_6__5_n_0
    DSP48_X0Y21          DSP48E1 (Prop_dsp48e1_A[11]_PCOUT[47])
                                                      4.238    12.762 r  u_gpu/u_core/lane[6].u_cpu/alu_result_comb0__0/PCOUT[47]
                         net (fo=1, routed)           0.002    12.764    u_gpu/u_core/lane[6].u_cpu/alu_result_comb0__0_n_106
    DSP48_X0Y22          DSP48E1 (Prop_dsp48e1_PCIN[47]_P[0])
                                                      1.518    14.282 r  u_gpu/u_core/lane[6].u_cpu/alu_result_comb0__1/P[0]
                         net (fo=2, routed)           1.139    15.421    u_gpu/u_core/lane[6].u_cpu/alu_result_comb0__1_n_105
    SLICE_X10Y51         LUT2 (Prop_lut2_I0_O)        0.124    15.545 r  u_gpu/u_core/lane[6].u_cpu/i___16_i_21/O
                         net (fo=1, routed)           0.000    15.545    u_gpu/u_core/lane[6].u_cpu/i___16_i_21_n_0
    SLICE_X10Y51         CARRY4 (Prop_carry4_S[1]_CO[3])
                                                      0.533    16.078 r  u_gpu/u_core/lane[6].u_cpu/i___16_i_17/CO[3]
                         net (fo=1, routed)           0.000    16.078    u_gpu/u_core/lane[6].u_cpu/i___16_i_17_n_0
    SLICE_X10Y52         CARRY4 (Prop_carry4_CI_CO[3])
                                                      0.117    16.195 r  u_gpu/u_core/lane[6].u_cpu/i___15_i_17/CO[3]
                         net (fo=1, routed)           0.000    16.195    u_gpu/u_core/lane[6].u_cpu/i___15_i_17_n_0
    SLICE_X10Y53         CARRY4 (Prop_carry4_CI_O[3])
                                                      0.315    16.510 r  u_gpu/u_core/lane[6].u_cpu/i___14_i_18/O[3]
                         net (fo=1, routed)           0.463    16.974    u_gpu/u_core/u_fetcher/i___39_i_1__5_0[3]
    SLICE_X9Y56          LUT5 (Prop_lut5_I1_O)        0.307    17.281 f  u_gpu/u_core/u_fetcher/i___39_i_2__4/O
                         net (fo=1, routed)           1.132    18.413    u_gpu/u_core/u_fetcher/i___39_i_2__4_n_0
    SLICE_X6Y60          LUT3 (Prop_lut3_I0_O)        0.156    18.569 f  u_gpu/u_core/u_fetcher/i___39_i_1__5/O
                         net (fo=1, routed)           0.597    19.166    u_gpu/u_core/lane[6].u_cpu/alu_result_reg[27]_0
    SLICE_X3Y56          LUT6 (Prop_lut6_I0_O)        0.355    19.521 f  u_gpu/u_core/lane[6].u_cpu/i___39/O
                         net (fo=1, routed)           0.295    19.817    u_gpu/u_core/u_fetcher/alu_result_reg[27]_18
    SLICE_X5Y56          LUT6 (Prop_lut6_I3_O)        0.124    19.941 r  u_gpu/u_core/u_fetcher/alu_result[27]_i_1__5/O
                         net (fo=1, routed)           0.000    19.941    u_gpu/u_core/lane[6].u_cpu/alu_result_reg[31]_2[27]
    SLICE_X5Y56          FDRE                                         r  u_gpu/u_core/lane[6].u_cpu/alu_result_reg[27]/D
  -------------------------------------------------------------------    -------------------

                         (clock clk_out1_clk_wiz_0 rise edge)
                                                     25.000    25.000 r  
    F14                                               0.000    25.000 r  CLOCK_100 (IN)
                         net (fo=0)                   0.000    25.000    clk_wiz/inst/clk_in1
    F14                  IBUF (Prop_ibuf_I_O)         1.388    26.388 r  clk_wiz/inst/clkin1_ibufg/O
                         net (fo=1, routed)           1.162    27.550    clk_wiz/inst/clk_in1_clk_wiz_0
    MMCME2_ADV_X0Y1      MMCME2_ADV (Prop_mmcme2_adv_CLKIN1_CLKOUT0)
                                                     -7.208    20.342 r  clk_wiz/inst/mmcm_adv_inst/CLKOUT0
                         net (fo=1, routed)           1.587    21.929    clk_wiz/inst/clk_out1_clk_wiz_0
    BUFGCTRL_X0Y16       BUFG (Prop_bufg_I_O)         0.091    22.020 r  clk_wiz/inst/clkout1_buf/O
                         net (fo=11926, routed)       1.504    23.524    u_gpu/u_core/lane[6].u_cpu/clk_out1
    SLICE_X5Y56          FDRE                                         r  u_gpu/u_core/lane[6].u_cpu/alu_result_reg[27]/C
                         clock pessimism              0.491    24.015    
                         clock uncertainty           -0.087    23.928    
    SLICE_X5Y56          FDRE (Setup_fdre_C_D)        0.031    23.959    u_gpu/u_core/lane[6].u_cpu/alu_result_reg[27]
  -------------------------------------------------------------------
                         required time                         23.959    
                         arrival time                         -19.941    
  -------------------------------------------------------------------
                         slack                                  4.018    

Slack (MET) :             4.074ns  (required time - arrival time)
  Source:                 u_gpu/u_core/u_fetcher/instr_reg[19]_rep/C
                            (rising edge-triggered cell FDRE clocked by clk_out1_clk_wiz_0  {rise@0.000ns fall@12.500ns period=25.000ns})
  Destination:            u_gpu/u_core/lane[4].u_cpu/alu_result_reg[27]/D
                            (rising edge-triggered cell FDRE clocked by clk_out1_clk_wiz_0  {rise@0.000ns fall@12.500ns period=25.000ns})
  Path Group:             clk_out1_clk_wiz_0
  Path Type:              Setup (Max at Slow Process Corner)
  Requirement:            25.000ns  (clk_out1_clk_wiz_0 rise@25.000ns - clk_out1_clk_wiz_0 rise@0.000ns)
  Data Path Delay:        20.758ns  (logic 8.380ns (40.370%)  route 12.378ns (59.630%))
  Logic Levels:           13  (CARRY4=3 DSP48E1=2 LUT2=1 LUT3=1 LUT4=1 LUT5=1 LUT6=4)
  Clock Path Skew:        -0.111ns (DCD - SCD + CPR)
    Destination Clock Delay (DCD):    -1.548ns = ( 23.452 - 25.000 ) 
    Source Clock Delay      (SCD):    -0.945ns
    Clock Pessimism Removal (CPR):    0.491ns
  Clock Uncertainty:      0.087ns  ((TSJ^2 + DJ^2)^1/2) / 2 + PE
    Total System Jitter     (TSJ):    0.071ns
    Discrete Jitter          (DJ):    0.159ns
    Phase Error              (PE):    0.000ns

    Location             Delay type                Incr(ns)  Path(ns)    Netlist Resource(s)
  -------------------------------------------------------------------    -------------------
                         (clock clk_out1_clk_wiz_0 rise edge)
                                                      0.000     0.000 r  
    F14                                               0.000     0.000 r  CLOCK_100 (IN)
                         net (fo=0)                   0.000     0.000    clk_wiz/inst/clk_in1
    F14                  IBUF (Prop_ibuf_I_O)         1.458     1.458 r  clk_wiz/inst/clkin1_ibufg/O
                         net (fo=1, routed)           1.233     2.692    clk_wiz/inst/clk_in1_clk_wiz_0
    MMCME2_ADV_X0Y1      MMCME2_ADV (Prop_mmcme2_adv_CLKIN1_CLKOUT0)
                                                     -6.950    -4.259 r  clk_wiz/inst/mmcm_adv_inst/CLKOUT0
                         net (fo=1, routed)           1.666    -2.592    clk_wiz/inst/clk_out1_clk_wiz_0
    BUFGCTRL_X0Y16       BUFG (Prop_bufg_I_O)         0.096    -2.496 r  clk_wiz/inst/clkout1_buf/O
                         net (fo=11926, routed)       1.551    -0.945    u_gpu/u_core/u_fetcher/clk_out1
    SLICE_X32Y54         FDRE                                         r  u_gpu/u_core/u_fetcher/instr_reg[19]_rep/C
  -------------------------------------------------------------------    -------------------
    SLICE_X32Y54         FDRE (Prop_fdre_C_Q)         0.456    -0.489 r  u_gpu/u_core/u_fetcher/instr_reg[19]_rep/Q
                         net (fo=116, routed)         3.479     2.989    u_gpu/u_core/lane[4].u_cpu/ea_reg[19]_1
    SLICE_X14Y2          LUT6 (Prop_lut6_I4_O)        0.124     3.113 r  u_gpu/u_core/lane[4].u_cpu/i___62_i_5/O
                         net (fo=1, routed)           1.000     4.114    u_gpu/u_core/lane[4].u_cpu/i___62_i_5_n_0
    SLICE_X14Y2          LUT6 (Prop_lut6_I0_O)        0.124     4.238 f  u_gpu/u_core/lane[4].u_cpu/i___62_i_3__0/O
                         net (fo=1, routed)           0.941     5.179    u_gpu/u_core/lane[4].u_cpu/i___62_i_3__0_n_0
    SLICE_X13Y4          LUT3 (Prop_lut3_I0_O)        0.152     5.331 r  u_gpu/u_core/lane[4].u_cpu/i___62_i_1__0/O
                         net (fo=23, routed)          3.536     8.867    u_gpu/u_core/lane[4].u_cpu/alu_result_comb0__0_i_8__3_n_0
    DSP48_X1Y23          DSP48E1 (Prop_dsp48e1_A[9]_PCOUT[47])
                                                      4.238    13.105 r  u_gpu/u_core/lane[4].u_cpu/alu_result_comb0__0/PCOUT[47]
                         net (fo=1, routed)           0.002    13.107    u_gpu/u_core/lane[4].u_cpu/alu_result_comb0__0_n_106
    DSP48_X1Y24          DSP48E1 (Prop_dsp48e1_PCIN[47]_P[0])
                                                      1.518    14.625 r  u_gpu/u_core/lane[4].u_cpu/alu_result_comb0__1/P[0]
                         net (fo=2, routed)           0.766    15.391    u_gpu/u_core/lane[4].u_cpu/alu_result_comb0__1_n_105
    SLICE_X54Y60         LUT2 (Prop_lut2_I0_O)        0.124    15.515 r  u_gpu/u_core/lane[4].u_cpu/i___22_i_21/O
                         net (fo=1, routed)           0.000    15.515    u_gpu/u_core/lane[4].u_cpu/i___22_i_21_n_0
    SLICE_X54Y60         CARRY4 (Prop_carry4_S[1]_CO[3])
                                                      0.533    16.048 r  u_gpu/u_core/lane[4].u_cpu/i___22_i_14/CO[3]
                         net (fo=1, routed)           0.000    16.048    u_gpu/u_core/lane[4].u_cpu/i___22_i_14_n_0
    SLICE_X54Y61         CARRY4 (Prop_carry4_CI_CO[3])
                                                      0.117    16.165 r  u_gpu/u_core/lane[4].u_cpu/i___25_i_8/CO[3]
                         net (fo=1, routed)           0.000    16.165    u_gpu/u_core/lane[4].u_cpu/i___25_i_8_n_0
    SLICE_X54Y62         CARRY4 (Prop_carry4_CI_O[3])
                                                      0.315    16.480 r  u_gpu/u_core/lane[4].u_cpu/i___29_i_6/O[3]
                         net (fo=1, routed)           0.688    17.168    u_gpu/u_core/u_fetcher/i___32_i_1__1_0[3]
    SLICE_X58Y63         LUT5 (Prop_lut5_I1_O)        0.307    17.475 r  u_gpu/u_core/u_fetcher/i___32_i_3__1/O
                         net (fo=1, routed)           0.488    17.963    u_gpu/u_core/u_fetcher/i___32_i_3__1_n_0
    SLICE_X58Y63         LUT4 (Prop_lut4_I0_O)        0.124    18.087 r  u_gpu/u_core/u_fetcher/i___32_i_1__1/O
                         net (fo=1, routed)           0.596    18.682    u_gpu/u_core/lane[4].u_cpu/alu_result_reg[27]_0
    SLICE_X60Y67         LUT6 (Prop_lut6_I0_O)        0.124    18.806 f  u_gpu/u_core/lane[4].u_cpu/i___32/O
                         net (fo=1, routed)           0.882    19.689    u_gpu/u_core/u_fetcher/alu_result_reg[27]_14
    SLICE_X49Y65         LUT6 (Prop_lut6_I3_O)        0.124    19.813 r  u_gpu/u_core/u_fetcher/alu_result[27]_i_1__3/O
                         net (fo=1, routed)           0.000    19.813    u_gpu/u_core/lane[4].u_cpu/alu_result_reg[31]_2[27]
    SLICE_X49Y65         FDRE                                         r  u_gpu/u_core/lane[4].u_cpu/alu_result_reg[27]/D
  -------------------------------------------------------------------    -------------------

                         (clock clk_out1_clk_wiz_0 rise edge)
                                                     25.000    25.000 r  
    F14                                               0.000    25.000 r  CLOCK_100 (IN)
                         net (fo=0)                   0.000    25.000    clk_wiz/inst/clk_in1
    F14                  IBUF (Prop_ibuf_I_O)         1.388    26.388 r  clk_wiz/inst/clkin1_ibufg/O
                         net (fo=1, routed)           1.162    27.550    clk_wiz/inst/clk_in1_clk_wiz_0
    MMCME2_ADV_X0Y1      MMCME2_ADV (Prop_mmcme2_adv_CLKIN1_CLKOUT0)
                                                     -7.208    20.342 r  clk_wiz/inst/mmcm_adv_inst/CLKOUT0
                         net (fo=1, routed)           1.587    21.929    clk_wiz/inst/clk_out1_clk_wiz_0
    BUFGCTRL_X0Y16       BUFG (Prop_bufg_I_O)         0.091    22.020 r  clk_wiz/inst/clkout1_buf/O
                         net (fo=11926, routed)       1.432    23.452    u_gpu/u_core/lane[4].u_cpu/clk_out1
    SLICE_X49Y65         FDRE                                         r  u_gpu/u_core/lane[4].u_cpu/alu_result_reg[27]/C
                         clock pessimism              0.491    23.943    
                         clock uncertainty           -0.087    23.856    
    SLICE_X49Y65         FDRE (Setup_fdre_C_D)        0.031    23.887    u_gpu/u_core/lane[4].u_cpu/alu_result_reg[27]
  -------------------------------------------------------------------
                         required time                         23.887    
                         arrival time                         -19.813    
  -------------------------------------------------------------------
                         slack                                  4.074    

Slack (MET) :             4.127ns  (required time - arrival time)
  Source:                 u_gpu/u_core/u_fetcher/instr_reg[19]_rep__4/C
                            (rising edge-triggered cell FDRE clocked by clk_out1_clk_wiz_0  {rise@0.000ns fall@12.500ns period=25.000ns})
  Destination:            u_gpu/u_core/lane[6].u_cpu/alu_result_reg[20]/D
                            (rising edge-triggered cell FDRE clocked by clk_out1_clk_wiz_0  {rise@0.000ns fall@12.500ns period=25.000ns})
  Path Group:             clk_out1_clk_wiz_0
  Path Type:              Setup (Max at Slow Process Corner)
  Requirement:            25.000ns  (clk_out1_clk_wiz_0 rise@25.000ns - clk_out1_clk_wiz_0 rise@0.000ns)
  Data Path Delay:        20.773ns  (logic 8.518ns (41.005%)  route 12.255ns (58.995%))
  Logic Levels:           12  (CARRY4=2 DSP48E1=2 LUT2=1 LUT3=2 LUT5=1 LUT6=4)
  Clock Path Skew:        -0.042ns (DCD - SCD + CPR)
    Destination Clock Delay (DCD):    -1.476ns = ( 23.524 - 25.000 ) 
    Source Clock Delay      (SCD):    -0.942ns
    Clock Pessimism Removal (CPR):    0.491ns
  Clock Uncertainty:      0.087ns  ((TSJ^2 + DJ^2)^1/2) / 2 + PE
    Total System Jitter     (TSJ):    0.071ns
    Discrete Jitter          (DJ):    0.159ns
    Phase Error              (PE):    0.000ns

    Location             Delay type                Incr(ns)  Path(ns)    Netlist Resource(s)
  -------------------------------------------------------------------    -------------------
                         (clock clk_out1_clk_wiz_0 rise edge)
                                                      0.000     0.000 r  
    F14                                               0.000     0.000 r  CLOCK_100 (IN)
                         net (fo=0)                   0.000     0.000    clk_wiz/inst/clk_in1
    F14                  IBUF (Prop_ibuf_I_O)         1.458     1.458 r  clk_wiz/inst/clkin1_ibufg/O
                         net (fo=1, routed)           1.233     2.692    clk_wiz/inst/clk_in1_clk_wiz_0
    MMCME2_ADV_X0Y1      MMCME2_ADV (Prop_mmcme2_adv_CLKIN1_CLKOUT0)
                                                     -6.950    -4.259 r  clk_wiz/inst/mmcm_adv_inst/CLKOUT0
                         net (fo=1, routed)           1.666    -2.592    clk_wiz/inst/clk_out1_clk_wiz_0
    BUFGCTRL_X0Y16       BUFG (Prop_bufg_I_O)         0.096    -2.496 r  clk_wiz/inst/clkout1_buf/O
                         net (fo=11926, routed)       1.554    -0.942    u_gpu/u_core/u_fetcher/clk_out1
    SLICE_X51Y88         FDRE                                         r  u_gpu/u_core/u_fetcher/instr_reg[19]_rep__4/C
  -------------------------------------------------------------------    -------------------
    SLICE_X51Y88         FDRE (Prop_fdre_C_Q)         0.419    -0.523 r  u_gpu/u_core/u_fetcher/instr_reg[19]_rep__4/Q
                         net (fo=116, routed)         4.565     4.041    u_gpu/u_core/lane[6].u_cpu/i___62_i_4__0_0
    SLICE_X6Y13          LUT6 (Prop_lut6_I4_O)        0.296     4.337 r  u_gpu/u_core/lane[6].u_cpu/i___62_i_6__0/O
                         net (fo=1, routed)           0.658     4.995    u_gpu/u_core/lane[6].u_cpu/i___62_i_6__0_n_0
    SLICE_X6Y12          LUT6 (Prop_lut6_I1_O)        0.124     5.119 f  u_gpu/u_core/lane[6].u_cpu/i___62_i_3__1/O
                         net (fo=1, routed)           1.572     6.691    u_gpu/u_core/lane[6].u_cpu/i___62_i_3__1_n_0
    SLICE_X1Y26          LUT3 (Prop_lut3_I0_O)        0.152     6.843 r  u_gpu/u_core/lane[6].u_cpu/i___62_i_1__1/O
                         net (fo=24, routed)          1.680     8.524    u_gpu/u_core/lane[6].u_cpu/alu_result_comb0__0_i_6__5_n_0
    DSP48_X0Y21          DSP48E1 (Prop_dsp48e1_A[11]_PCOUT[47])
                                                      4.238    12.762 r  u_gpu/u_core/lane[6].u_cpu/alu_result_comb0__0/PCOUT[47]
                         net (fo=1, routed)           0.002    12.764    u_gpu/u_core/lane[6].u_cpu/alu_result_comb0__0_n_106
    DSP48_X0Y22          DSP48E1 (Prop_dsp48e1_PCIN[47]_P[0])
                                                      1.518    14.282 r  u_gpu/u_core/lane[6].u_cpu/alu_result_comb0__1/P[0]
                         net (fo=2, routed)           1.139    15.421    u_gpu/u_core/lane[6].u_cpu/alu_result_comb0__1_n_105
    SLICE_X10Y51         LUT2 (Prop_lut2_I0_O)        0.124    15.545 r  u_gpu/u_core/lane[6].u_cpu/i___16_i_21/O
                         net (fo=1, routed)           0.000    15.545    u_gpu/u_core/lane[6].u_cpu/i___16_i_21_n_0
    SLICE_X10Y51         CARRY4 (Prop_carry4_S[1]_CO[3])
                                                      0.533    16.078 r  u_gpu/u_core/lane[6].u_cpu/i___16_i_17/CO[3]
                         net (fo=1, routed)           0.000    16.078    u_gpu/u_core/lane[6].u_cpu/i___16_i_17_n_0
    SLICE_X10Y52         CARRY4 (Prop_carry4_CI_O[0])
                                                      0.219    16.297 r  u_gpu/u_core/lane[6].u_cpu/i___15_i_17/O[0]
                         net (fo=1, routed)           0.589    16.887    u_gpu/u_core/u_fetcher/i___36_i_1__3_0[0]
    SLICE_X9Y55          LUT5 (Prop_lut5_I1_O)        0.295    17.182 f  u_gpu/u_core/u_fetcher/i___34_i_3__3/O
                         net (fo=1, routed)           1.225    18.406    u_gpu/u_core/u_fetcher/i___34_i_3__3_n_0
    SLICE_X6Y62          LUT3 (Prop_lut3_I0_O)        0.148    18.554 f  u_gpu/u_core/u_fetcher/i___34_i_1__4/O
                         net (fo=1, routed)           0.520    19.075    u_gpu/u_core/lane[6].u_cpu/alu_result_reg[20]_0
    SLICE_X4Y57          LUT6 (Prop_lut6_I0_O)        0.328    19.403 f  u_gpu/u_core/lane[6].u_cpu/i___34/O
                         net (fo=1, routed)           0.304    19.707    u_gpu/u_core/u_fetcher/alu_result_reg[20]_23
    SLICE_X5Y56          LUT6 (Prop_lut6_I2_O)        0.124    19.831 r  u_gpu/u_core/u_fetcher/alu_result[20]_i_1__5/O
                         net (fo=1, routed)           0.000    19.831    u_gpu/u_core/lane[6].u_cpu/alu_result_reg[31]_2[20]
    SLICE_X5Y56          FDRE                                         r  u_gpu/u_core/lane[6].u_cpu/alu_result_reg[20]/D
  -------------------------------------------------------------------    -------------------

                         (clock clk_out1_clk_wiz_0 rise edge)
                                                     25.000    25.000 r  
    F14                                               0.000    25.000 r  CLOCK_100 (IN)
                         net (fo=0)                   0.000    25.000    clk_wiz/inst/clk_in1
    F14                  IBUF (Prop_ibuf_I_O)         1.388    26.388 r  clk_wiz/inst/clkin1_ibufg/O
                         net (fo=1, routed)           1.162    27.550    clk_wiz/inst/clk_in1_clk_wiz_0
    MMCME2_ADV_X0Y1      MMCME2_ADV (Prop_mmcme2_adv_CLKIN1_CLKOUT0)
                                                     -7.208    20.342 r  clk_wiz/inst/mmcm_adv_inst/CLKOUT0
                         net (fo=1, routed)           1.587    21.929    clk_wiz/inst/clk_out1_clk_wiz_0
    BUFGCTRL_X0Y16       BUFG (Prop_bufg_I_O)         0.091    22.020 r  clk_wiz/inst/clkout1_buf/O
                         net (fo=11926, routed)       1.504    23.524    u_gpu/u_core/lane[6].u_cpu/clk_out1
    SLICE_X5Y56          FDRE                                         r  u_gpu/u_core/lane[6].u_cpu/alu_result_reg[20]/C
                         clock pessimism              0.491    24.015    
                         clock uncertainty           -0.087    23.928    
    SLICE_X5Y56          FDRE (Setup_fdre_C_D)        0.029    23.957    u_gpu/u_core/lane[6].u_cpu/alu_result_reg[20]
  -------------------------------------------------------------------
                         required time                         23.957    
                         arrival time                         -19.831    
  -------------------------------------------------------------------
                         slack                                  4.127    





Min Delay Paths
--------------------------------------------------------------------------------------
Slack (MET) :             0.023ns  (arrival time - required time)
  Source:                 u_gpu/u_data_buffer/dt_rdata_reg[7][24]/C
                            (rising edge-triggered cell FDRE clocked by clk_out1_clk_wiz_0  {rise@0.000ns fall@12.500ns period=25.000ns})
  Destination:            u_gpu/u_core/lane[7].u_cpu/dt_result_reg[24]/D
                            (rising edge-triggered cell FDRE clocked by clk_out1_clk_wiz_0  {rise@0.000ns fall@12.500ns period=25.000ns})
  Path Group:             clk_out1_clk_wiz_0
  Path Type:              Hold (Min at Fast Process Corner)
  Requirement:            0.000ns  (clk_out1_clk_wiz_0 rise@0.000ns - clk_out1_clk_wiz_0 rise@0.000ns)
  Data Path Delay:        0.353ns  (logic 0.141ns (39.931%)  route 0.212ns (60.069%))
  Logic Levels:           0  
  Clock Path Skew:        0.260ns (DCD - SCD - CPR)
    Destination Clock Delay (DCD):    -0.860ns
    Source Clock Delay      (SCD):    -0.617ns
    Clock Pessimism Removal (CPR):    -0.502ns

    Location             Delay type                Incr(ns)  Path(ns)    Netlist Resource(s)
  -------------------------------------------------------------------    -------------------
                         (clock clk_out1_clk_wiz_0 rise edge)
                                                      0.000     0.000 r  
    F14                                               0.000     0.000 r  CLOCK_100 (IN)
                         net (fo=0)                   0.000     0.000    clk_wiz/inst/clk_in1
    F14                  IBUF (Prop_ibuf_I_O)         0.226     0.226 r  clk_wiz/inst/clkin1_ibufg/O
                         net (fo=1, routed)           0.440     0.667    clk_wiz/inst/clk_in1_clk_wiz_0
    MMCME2_ADV_X0Y1      MMCME2_ADV (Prop_mmcme2_adv_CLKIN1_CLKOUT0)
                                                     -2.359    -1.692 r  clk_wiz/inst/mmcm_adv_inst/CLKOUT0
                         net (fo=1, routed)           0.489    -1.203    clk_wiz/inst/clk_out1_clk_wiz_0
    BUFGCTRL_X0Y16       BUFG (Prop_bufg_I_O)         0.026    -1.177 r  clk_wiz/inst/clkout1_buf/O
                         net (fo=11926, routed)       0.560    -0.617    u_gpu/u_data_buffer/clk_out1
    SLICE_X31Y33         FDRE                                         r  u_gpu/u_data_buffer/dt_rdata_reg[7][24]/C
  -------------------------------------------------------------------    -------------------
    SLICE_X31Y33         FDRE (Prop_fdre_C_Q)         0.141    -0.476 r  u_gpu/u_data_buffer/dt_rdata_reg[7][24]/Q
                         net (fo=1, routed)           0.212    -0.264    u_gpu/u_core/lane[7].u_cpu/dt_result_reg[31]_1[24]
    SLICE_X36Y31         FDRE                                         r  u_gpu/u_core/lane[7].u_cpu/dt_result_reg[24]/D
  -------------------------------------------------------------------    -------------------

                         (clock clk_out1_clk_wiz_0 rise edge)
                                                      0.000     0.000 r  
    F14                                               0.000     0.000 r  CLOCK_100 (IN)
                         net (fo=0)                   0.000     0.000    clk_wiz/inst/clk_in1
    F14                  IBUF (Prop_ibuf_I_O)         0.414     0.414 r  clk_wiz/inst/clkin1_ibufg/O
                         net (fo=1, routed)           0.480     0.894    clk_wiz/inst/clk_in1_clk_wiz_0
    MMCME2_ADV_X0Y1      MMCME2_ADV (Prop_mmcme2_adv_CLKIN1_CLKOUT0)
                                                     -3.141    -2.247 r  clk_wiz/inst/mmcm_adv_inst/CLKOUT0
                         net (fo=1, routed)           0.534    -1.713    clk_wiz/inst/clk_out1_clk_wiz_0
    BUFGCTRL_X0Y16       BUFG (Prop_bufg_I_O)         0.029    -1.684 r  clk_wiz/inst/clkout1_buf/O
                         net (fo=11926, routed)       0.825    -0.860    u_gpu/u_core/lane[7].u_cpu/clk_out1
    SLICE_X36Y31         FDRE                                         r  u_gpu/u_core/lane[7].u_cpu/dt_result_reg[24]/C
                         clock pessimism              0.502    -0.357    
    SLICE_X36Y31         FDRE (Hold_fdre_C_D)         0.070    -0.287    u_gpu/u_core/lane[7].u_cpu/dt_result_reg[24]
  -------------------------------------------------------------------
                         required time                          0.287    
                         arrival time                          -0.264    
  -------------------------------------------------------------------
                         slack                                  0.023    

Slack (MET) :             0.036ns  (arrival time - required time)
  Source:                 u_gpu/u_data_buffer/dt_rdata_reg[7][16]/C
                            (rising edge-triggered cell FDRE clocked by clk_out1_clk_wiz_0  {rise@0.000ns fall@12.500ns period=25.000ns})
  Destination:            u_gpu/u_core/lane[7].u_cpu/dt_result_reg[16]/D
                            (rising edge-triggered cell FDRE clocked by clk_out1_clk_wiz_0  {rise@0.000ns fall@12.500ns period=25.000ns})
  Path Group:             clk_out1_clk_wiz_0
  Path Type:              Hold (Min at Fast Process Corner)
  Requirement:            0.000ns  (clk_out1_clk_wiz_0 rise@0.000ns - clk_out1_clk_wiz_0 rise@0.000ns)
  Data Path Delay:        0.354ns  (logic 0.141ns (39.793%)  route 0.213ns (60.207%))
  Logic Levels:           0  
  Clock Path Skew:        0.261ns (DCD - SCD - CPR)
    Destination Clock Delay (DCD):    -0.866ns
    Source Clock Delay      (SCD):    -0.624ns
    Clock Pessimism Removal (CPR):    -0.502ns

    Location             Delay type                Incr(ns)  Path(ns)    Netlist Resource(s)
  -------------------------------------------------------------------    -------------------
                         (clock clk_out1_clk_wiz_0 rise edge)
                                                      0.000     0.000 r  
    F14                                               0.000     0.000 r  CLOCK_100 (IN)
                         net (fo=0)                   0.000     0.000    clk_wiz/inst/clk_in1
    F14                  IBUF (Prop_ibuf_I_O)         0.226     0.226 r  clk_wiz/inst/clkin1_ibufg/O
                         net (fo=1, routed)           0.440     0.667    clk_wiz/inst/clk_in1_clk_wiz_0
    MMCME2_ADV_X0Y1      MMCME2_ADV (Prop_mmcme2_adv_CLKIN1_CLKOUT0)
                                                     -2.359    -1.692 r  clk_wiz/inst/mmcm_adv_inst/CLKOUT0
                         net (fo=1, routed)           0.489    -1.203    clk_wiz/inst/clk_out1_clk_wiz_0
    BUFGCTRL_X0Y16       BUFG (Prop_bufg_I_O)         0.026    -1.177 r  clk_wiz/inst/clkout1_buf/O
                         net (fo=11926, routed)       0.553    -0.624    u_gpu/u_data_buffer/clk_out1
    SLICE_X29Y26         FDRE                                         r  u_gpu/u_data_buffer/dt_rdata_reg[7][16]/C
  -------------------------------------------------------------------    -------------------
    SLICE_X29Y26         FDRE (Prop_fdre_C_Q)         0.141    -0.483 r  u_gpu/u_data_buffer/dt_rdata_reg[7][16]/Q
                         net (fo=1, routed)           0.213    -0.270    u_gpu/u_core/lane[7].u_cpu/dt_result_reg[31]_1[16]
    SLICE_X39Y26         FDRE                                         r  u_gpu/u_core/lane[7].u_cpu/dt_result_reg[16]/D
  -------------------------------------------------------------------    -------------------

                         (clock clk_out1_clk_wiz_0 rise edge)
                                                      0.000     0.000 r  
    F14                                               0.000     0.000 r  CLOCK_100 (IN)
                         net (fo=0)                   0.000     0.000    clk_wiz/inst/clk_in1
    F14                  IBUF (Prop_ibuf_I_O)         0.414     0.414 r  clk_wiz/inst/clkin1_ibufg/O
                         net (fo=1, routed)           0.480     0.894    clk_wiz/inst/clk_in1_clk_wiz_0
    MMCME2_ADV_X0Y1      MMCME2_ADV (Prop_mmcme2_adv_CLKIN1_CLKOUT0)
                                                     -3.141    -2.247 r  clk_wiz/inst/mmcm_adv_inst/CLKOUT0
                         net (fo=1, routed)           0.534    -1.713    clk_wiz/inst/clk_out1_clk_wiz_0
    BUFGCTRL_X0Y16       BUFG (Prop_bufg_I_O)         0.029    -1.684 r  clk_wiz/inst/clkout1_buf/O
                         net (fo=11926, routed)       0.819    -0.866    u_gpu/u_core/lane[7].u_cpu/clk_out1
    SLICE_X39Y26         FDRE                                         r  u_gpu/u_core/lane[7].u_cpu/dt_result_reg[16]/C
                         clock pessimism              0.502    -0.363    
    SLICE_X39Y26         FDRE (Hold_fdre_C_D)         0.057    -0.306    u_gpu/u_core/lane[7].u_cpu/dt_result_reg[16]
  -------------------------------------------------------------------
                         required time                          0.306    
                         arrival time                          -0.270    
  -------------------------------------------------------------------
                         slack                                  0.036    

Slack (MET) :             0.040ns  (arrival time - required time)
  Source:                 u_gpu/u_shared_mem/mem_rdata_reg[1][30]/C
                            (rising edge-triggered cell FDRE clocked by clk_out1_clk_wiz_0  {rise@0.000ns fall@12.500ns period=25.000ns})
  Destination:            u_gpu/u_core/lane[1].u_cpu/load_result_reg[30]/D
                            (rising edge-triggered cell FDRE clocked by clk_out1_clk_wiz_0  {rise@0.000ns fall@12.500ns period=25.000ns})
  Path Group:             clk_out1_clk_wiz_0
  Path Type:              Hold (Min at Fast Process Corner)
  Requirement:            0.000ns  (clk_out1_clk_wiz_0 rise@0.000ns - clk_out1_clk_wiz_0 rise@0.000ns)
  Data Path Delay:        0.396ns  (logic 0.186ns (47.029%)  route 0.210ns (52.971%))
  Logic Levels:           1  (LUT6=1)
  Clock Path Skew:        0.265ns (DCD - SCD - CPR)
    Destination Clock Delay (DCD):    -0.851ns
    Source Clock Delay      (SCD):    -0.608ns
    Clock Pessimism Removal (CPR):    -0.507ns

    Location             Delay type                Incr(ns)  Path(ns)    Netlist Resource(s)
  -------------------------------------------------------------------    -------------------
                         (clock clk_out1_clk_wiz_0 rise edge)
                                                      0.000     0.000 r  
    F14                                               0.000     0.000 r  CLOCK_100 (IN)
                         net (fo=0)                   0.000     0.000    clk_wiz/inst/clk_in1
    F14                  IBUF (Prop_ibuf_I_O)         0.226     0.226 r  clk_wiz/inst/clkin1_ibufg/O
                         net (fo=1, routed)           0.440     0.667    clk_wiz/inst/clk_in1_clk_wiz_0
    MMCME2_ADV_X0Y1      MMCME2_ADV (Prop_mmcme2_adv_CLKIN1_CLKOUT0)
                                                     -2.359    -1.692 r  clk_wiz/inst/mmcm_adv_inst/CLKOUT0
                         net (fo=1, routed)           0.489    -1.203    clk_wiz/inst/clk_out1_clk_wiz_0
    BUFGCTRL_X0Y16       BUFG (Prop_bufg_I_O)         0.026    -1.177 r  clk_wiz/inst/clkout1_buf/O
                         net (fo=11926, routed)       0.569    -0.608    u_gpu/u_shared_mem/clk_out1
    SLICE_X55Y49         FDRE                                         r  u_gpu/u_shared_mem/mem_rdata_reg[1][30]/C
  -------------------------------------------------------------------    -------------------
    SLICE_X55Y49         FDRE (Prop_fdre_C_Q)         0.141    -0.467 r  u_gpu/u_shared_mem/mem_rdata_reg[1][30]/Q
                         net (fo=3, routed)           0.210    -0.258    u_gpu/u_core/u_fetcher/load_result_reg[31]_0[23]
    SLICE_X55Y50         LUT6 (Prop_lut6_I5_O)        0.045    -0.213 r  u_gpu/u_core/u_fetcher/load_result[30]_i_1/O
                         net (fo=1, routed)           0.000    -0.213    u_gpu/u_core/lane[1].u_cpu/D[23]
    SLICE_X55Y50         FDRE                                         r  u_gpu/u_core/lane[1].u_cpu/load_result_reg[30]/D
  -------------------------------------------------------------------    -------------------

                         (clock clk_out1_clk_wiz_0 rise edge)
                                                      0.000     0.000 r  
    F14                                               0.000     0.000 r  CLOCK_100 (IN)
                         net (fo=0)                   0.000     0.000    clk_wiz/inst/clk_in1
    F14                  IBUF (Prop_ibuf_I_O)         0.414     0.414 r  clk_wiz/inst/clkin1_ibufg/O
                         net (fo=1, routed)           0.480     0.894    clk_wiz/inst/clk_in1_clk_wiz_0
    MMCME2_ADV_X0Y1      MMCME2_ADV (Prop_mmcme2_adv_CLKIN1_CLKOUT0)
                                                     -3.141    -2.247 r  clk_wiz/inst/mmcm_adv_inst/CLKOUT0
                         net (fo=1, routed)           0.534    -1.713    clk_wiz/inst/clk_out1_clk_wiz_0
    BUFGCTRL_X0Y16       BUFG (Prop_bufg_I_O)         0.029    -1.684 r  clk_wiz/inst/clkout1_buf/O
                         net (fo=11926, routed)       0.833    -0.851    u_gpu/u_core/lane[1].u_cpu/clk_out1
    SLICE_X55Y50         FDRE                                         r  u_gpu/u_core/lane[1].u_cpu/load_result_reg[30]/C
                         clock pessimism              0.507    -0.344    
    SLICE_X55Y50         FDRE (Hold_fdre_C_D)         0.091    -0.253    u_gpu/u_core/lane[1].u_cpu/load_result_reg[30]
  -------------------------------------------------------------------
                         required time                          0.253    
                         arrival time                          -0.213    
  -------------------------------------------------------------------
                         slack                                  0.040    

Slack (MET) :             0.040ns  (arrival time - required time)
  Source:                 u_gpu/u_shared_mem/mem_rdata_reg[1][11]/C
                            (rising edge-triggered cell FDRE clocked by clk_out1_clk_wiz_0  {rise@0.000ns fall@12.500ns period=25.000ns})
  Destination:            u_gpu/u_core/lane[1].u_cpu/load_result_reg[11]/D
                            (rising edge-triggered cell FDRE clocked by clk_out1_clk_wiz_0  {rise@0.000ns fall@12.500ns period=25.000ns})
  Path Group:             clk_out1_clk_wiz_0
  Path Type:              Hold (Min at Fast Process Corner)
  Requirement:            0.000ns  (clk_out1_clk_wiz_0 rise@0.000ns - clk_out1_clk_wiz_0 rise@0.000ns)
  Data Path Delay:        0.396ns  (logic 0.186ns (46.997%)  route 0.210ns (53.003%))
  Logic Levels:           1  (LUT6=1)
  Clock Path Skew:        0.265ns (DCD - SCD - CPR)
    Destination Clock Delay (DCD):    -0.851ns
    Source Clock Delay      (SCD):    -0.608ns
    Clock Pessimism Removal (CPR):    -0.507ns

    Location             Delay type                Incr(ns)  Path(ns)    Netlist Resource(s)
  -------------------------------------------------------------------    -------------------
                         (clock clk_out1_clk_wiz_0 rise edge)
                                                      0.000     0.000 r  
    F14                                               0.000     0.000 r  CLOCK_100 (IN)
                         net (fo=0)                   0.000     0.000    clk_wiz/inst/clk_in1
    F14                  IBUF (Prop_ibuf_I_O)         0.226     0.226 r  clk_wiz/inst/clkin1_ibufg/O
                         net (fo=1, routed)           0.440     0.667    clk_wiz/inst/clk_in1_clk_wiz_0
    MMCME2_ADV_X0Y1      MMCME2_ADV (Prop_mmcme2_adv_CLKIN1_CLKOUT0)
                                                     -2.359    -1.692 r  clk_wiz/inst/mmcm_adv_inst/CLKOUT0
                         net (fo=1, routed)           0.489    -1.203    clk_wiz/inst/clk_out1_clk_wiz_0
    BUFGCTRL_X0Y16       BUFG (Prop_bufg_I_O)         0.026    -1.177 r  clk_wiz/inst/clkout1_buf/O
                         net (fo=11926, routed)       0.569    -0.608    u_gpu/u_shared_mem/clk_out1
    SLICE_X53Y47         FDRE                                         r  u_gpu/u_shared_mem/mem_rdata_reg[1][11]/C
  -------------------------------------------------------------------    -------------------
    SLICE_X53Y47         FDRE (Prop_fdre_C_Q)         0.141    -0.467 r  u_gpu/u_shared_mem/mem_rdata_reg[1][11]/Q
                         net (fo=3, routed)           0.210    -0.258    u_gpu/u_core/u_fetcher/load_result_reg[31]_0[4]
    SLICE_X53Y50         LUT6 (Prop_lut6_I3_O)        0.045    -0.213 r  u_gpu/u_core/u_fetcher/load_result[11]_i_1__0/O
                         net (fo=1, routed)           0.000    -0.213    u_gpu/u_core/lane[1].u_cpu/D[4]
    SLICE_X53Y50         FDRE                                         r  u_gpu/u_core/lane[1].u_cpu/load_result_reg[11]/D
  -------------------------------------------------------------------    -------------------

                         (clock clk_out1_clk_wiz_0 rise edge)
                                                      0.000     0.000 r  
    F14                                               0.000     0.000 r  CLOCK_100 (IN)
                         net (fo=0)                   0.000     0.000    clk_wiz/inst/clk_in1
    F14                  IBUF (Prop_ibuf_I_O)         0.414     0.414 r  clk_wiz/inst/clkin1_ibufg/O
                         net (fo=1, routed)           0.480     0.894    clk_wiz/inst/clk_in1_clk_wiz_0
    MMCME2_ADV_X0Y1      MMCME2_ADV (Prop_mmcme2_adv_CLKIN1_CLKOUT0)
                                                     -3.141    -2.247 r  clk_wiz/inst/mmcm_adv_inst/CLKOUT0
                         net (fo=1, routed)           0.534    -1.713    clk_wiz/inst/clk_out1_clk_wiz_0
    BUFGCTRL_X0Y16       BUFG (Prop_bufg_I_O)         0.029    -1.684 r  clk_wiz/inst/clkout1_buf/O
                         net (fo=11926, routed)       0.833    -0.851    u_gpu/u_core/lane[1].u_cpu/clk_out1
    SLICE_X53Y50         FDRE                                         r  u_gpu/u_core/lane[1].u_cpu/load_result_reg[11]/C
                         clock pessimism              0.507    -0.344    
    SLICE_X53Y50         FDRE (Hold_fdre_C_D)         0.091    -0.253    u_gpu/u_core/lane[1].u_cpu/load_result_reg[11]
  -------------------------------------------------------------------
                         required time                          0.253    
                         arrival time                          -0.213    
  -------------------------------------------------------------------
                         slack                                  0.040    

Slack (MET) :             0.040ns  (arrival time - required time)
  Source:                 u_gpu/u_data_buffer/dt_rdata_reg[2][11]/C
                            (rising edge-triggered cell FDRE clocked by clk_out1_clk_wiz_0  {rise@0.000ns fall@12.500ns period=25.000ns})
  Destination:            u_gpu/u_core/lane[2].u_cpu/dt_result_reg[11]/D
                            (rising edge-triggered cell FDRE clocked by clk_out1_clk_wiz_0  {rise@0.000ns fall@12.500ns period=25.000ns})
  Path Group:             clk_out1_clk_wiz_0
  Path Type:              Hold (Min at Fast Process Corner)
  Requirement:            0.000ns  (clk_out1_clk_wiz_0 rise@0.000ns - clk_out1_clk_wiz_0 rise@0.000ns)
  Data Path Delay:        0.373ns  (logic 0.141ns (37.762%)  route 0.232ns (62.238%))
  Logic Levels:           0  
  Clock Path Skew:        0.263ns (DCD - SCD - CPR)
    Destination Clock Delay (DCD):    -0.856ns
    Source Clock Delay      (SCD):    -0.616ns
    Clock Pessimism Removal (CPR):    -0.502ns

    Location             Delay type                Incr(ns)  Path(ns)    Netlist Resource(s)
  -------------------------------------------------------------------    -------------------
                         (clock clk_out1_clk_wiz_0 rise edge)
                                                      0.000     0.000 r  
    F14                                               0.000     0.000 r  CLOCK_100 (IN)
                         net (fo=0)                   0.000     0.000    clk_wiz/inst/clk_in1
    F14                  IBUF (Prop_ibuf_I_O)         0.226     0.226 r  clk_wiz/inst/clkin1_ibufg/O
                         net (fo=1, routed)           0.440     0.667    clk_wiz/inst/clk_in1_clk_wiz_0
    MMCME2_ADV_X0Y1      MMCME2_ADV (Prop_mmcme2_adv_CLKIN1_CLKOUT0)
                                                     -2.359    -1.692 r  clk_wiz/inst/mmcm_adv_inst/CLKOUT0
                         net (fo=1, routed)           0.489    -1.203    clk_wiz/inst/clk_out1_clk_wiz_0
    BUFGCTRL_X0Y16       BUFG (Prop_bufg_I_O)         0.026    -1.177 r  clk_wiz/inst/clkout1_buf/O
                         net (fo=11926, routed)       0.561    -0.616    u_gpu/u_data_buffer/clk_out1
    SLICE_X31Y35         FDRE                                         r  u_gpu/u_data_buffer/dt_rdata_reg[2][11]/C
  -------------------------------------------------------------------    -------------------
    SLICE_X31Y35         FDRE (Prop_fdre_C_Q)         0.141    -0.475 r  u_gpu/u_data_buffer/dt_rdata_reg[2][11]/Q
                         net (fo=1, routed)           0.232    -0.243    u_gpu/u_core/lane[2].u_cpu/dt_result_reg[31]_1[11]
    SLICE_X43Y34         FDRE                                         r  u_gpu/u_core/lane[2].u_cpu/dt_result_reg[11]/D
  -------------------------------------------------------------------    -------------------

                         (clock clk_out1_clk_wiz_0 rise edge)
                                                      0.000     0.000 r  
    F14                                               0.000     0.000 r  CLOCK_100 (IN)
                         net (fo=0)                   0.000     0.000    clk_wiz/inst/clk_in1
    F14                  IBUF (Prop_ibuf_I_O)         0.414     0.414 r  clk_wiz/inst/clkin1_ibufg/O
                         net (fo=1, routed)           0.480     0.894    clk_wiz/inst/clk_in1_clk_wiz_0
    MMCME2_ADV_X0Y1      MMCME2_ADV (Prop_mmcme2_adv_CLKIN1_CLKOUT0)
                                                     -3.141    -2.247 r  clk_wiz/inst/mmcm_adv_inst/CLKOUT0
                         net (fo=1, routed)           0.534    -1.713    clk_wiz/inst/clk_out1_clk_wiz_0
    BUFGCTRL_X0Y16       BUFG (Prop_bufg_I_O)         0.029    -1.684 r  clk_wiz/inst/clkout1_buf/O
                         net (fo=11926, routed)       0.829    -0.856    u_gpu/u_core/lane[2].u_cpu/clk_out1
    SLICE_X43Y34         FDRE                                         r  u_gpu/u_core/lane[2].u_cpu/dt_result_reg[11]/C
                         clock pessimism              0.502    -0.353    
    SLICE_X43Y34         FDRE (Hold_fdre_C_D)         0.070    -0.283    u_gpu/u_core/lane[2].u_cpu/dt_result_reg[11]
  -------------------------------------------------------------------
                         required time                          0.283    
                         arrival time                          -0.243    
  -------------------------------------------------------------------
                         slack                                  0.040    

Slack (MET) :             0.041ns  (arrival time - required time)
  Source:                 u_gpu/u_data_buffer/dt_rdata_reg[1][2]/C
                            (rising edge-triggered cell FDRE clocked by clk_out1_clk_wiz_0  {rise@0.000ns fall@12.500ns period=25.000ns})
  Destination:            u_gpu/u_core/lane[1].u_cpu/dt_result_reg[2]/D
                            (rising edge-triggered cell FDRE clocked by clk_out1_clk_wiz_0  {rise@0.000ns fall@12.500ns period=25.000ns})
  Path Group:             clk_out1_clk_wiz_0
  Path Type:              Hold (Min at Fast Process Corner)
  Requirement:            0.000ns  (clk_out1_clk_wiz_0 rise@0.000ns - clk_out1_clk_wiz_0 rise@0.000ns)
  Data Path Delay:        0.354ns  (logic 0.141ns (39.850%)  route 0.213ns (60.150%))
  Logic Levels:           0  
  Clock Path Skew:        0.258ns (DCD - SCD - CPR)
    Destination Clock Delay (DCD):    -0.866ns
    Source Clock Delay      (SCD):    -0.621ns
    Clock Pessimism Removal (CPR):    -0.502ns

    Location             Delay type                Incr(ns)  Path(ns)    Netlist Resource(s)
  -------------------------------------------------------------------    -------------------
                         (clock clk_out1_clk_wiz_0 rise edge)
                                                      0.000     0.000 r  
    F14                                               0.000     0.000 r  CLOCK_100 (IN)
                         net (fo=0)                   0.000     0.000    clk_wiz/inst/clk_in1
    F14                  IBUF (Prop_ibuf_I_O)         0.226     0.226 r  clk_wiz/inst/clkin1_ibufg/O
                         net (fo=1, routed)           0.440     0.667    clk_wiz/inst/clk_in1_clk_wiz_0
    MMCME2_ADV_X0Y1      MMCME2_ADV (Prop_mmcme2_adv_CLKIN1_CLKOUT0)
                                                     -2.359    -1.692 r  clk_wiz/inst/mmcm_adv_inst/CLKOUT0
                         net (fo=1, routed)           0.489    -1.203    clk_wiz/inst/clk_out1_clk_wiz_0
    BUFGCTRL_X0Y16       BUFG (Prop_bufg_I_O)         0.026    -1.177 r  clk_wiz/inst/clkout1_buf/O
                         net (fo=11926, routed)       0.556    -0.621    u_gpu/u_data_buffer/clk_out1
    SLICE_X33Y20         FDRE                                         r  u_gpu/u_data_buffer/dt_rdata_reg[1][2]/C
  -------------------------------------------------------------------    -------------------
    SLICE_X33Y20         FDRE (Prop_fdre_C_Q)         0.141    -0.480 r  u_gpu/u_data_buffer/dt_rdata_reg[1][2]/Q
                         net (fo=1, routed)           0.213    -0.268    u_gpu/u_core/lane[1].u_cpu/dt_result_reg[31]_1[2]
    SLICE_X37Y23         FDRE                                         r  u_gpu/u_core/lane[1].u_cpu/dt_result_reg[2]/D
  -------------------------------------------------------------------    -------------------

                         (clock clk_out1_clk_wiz_0 rise edge)
                                                      0.000     0.000 r  
    F14                                               0.000     0.000 r  CLOCK_100 (IN)
                         net (fo=0)                   0.000     0.000    clk_wiz/inst/clk_in1
    F14                  IBUF (Prop_ibuf_I_O)         0.414     0.414 r  clk_wiz/inst/clkin1_ibufg/O
                         net (fo=1, routed)           0.480     0.894    clk_wiz/inst/clk_in1_clk_wiz_0
    MMCME2_ADV_X0Y1      MMCME2_ADV (Prop_mmcme2_adv_CLKIN1_CLKOUT0)
                                                     -3.141    -2.247 r  clk_wiz/inst/mmcm_adv_inst/CLKOUT0
                         net (fo=1, routed)           0.534    -1.713    clk_wiz/inst/clk_out1_clk_wiz_0
    BUFGCTRL_X0Y16       BUFG (Prop_bufg_I_O)         0.029    -1.684 r  clk_wiz/inst/clkout1_buf/O
                         net (fo=11926, routed)       0.819    -0.866    u_gpu/u_core/lane[1].u_cpu/clk_out1
    SLICE_X37Y23         FDRE                                         r  u_gpu/u_core/lane[1].u_cpu/dt_result_reg[2]/C
                         clock pessimism              0.502    -0.363    
    SLICE_X37Y23         FDRE (Hold_fdre_C_D)         0.055    -0.308    u_gpu/u_core/lane[1].u_cpu/dt_result_reg[2]
  -------------------------------------------------------------------
                         required time                          0.308    
                         arrival time                          -0.268    
  -------------------------------------------------------------------
                         slack                                  0.041    

Slack (MET) :             0.047ns  (arrival time - required time)
  Source:                 u_gpu/u_data_buffer/dt_rdata_reg[7][6]/C
                            (rising edge-triggered cell FDRE clocked by clk_out1_clk_wiz_0  {rise@0.000ns fall@12.500ns period=25.000ns})
  Destination:            u_gpu/u_core/lane[7].u_cpu/dt_result_reg[6]/D
                            (rising edge-triggered cell FDRE clocked by clk_out1_clk_wiz_0  {rise@0.000ns fall@12.500ns period=25.000ns})
  Path Group:             clk_out1_clk_wiz_0
  Path Type:              Hold (Min at Fast Process Corner)
  Requirement:            0.000ns  (clk_out1_clk_wiz_0 rise@0.000ns - clk_out1_clk_wiz_0 rise@0.000ns)
  Data Path Delay:        0.382ns  (logic 0.141ns (36.941%)  route 0.241ns (63.059%))
  Logic Levels:           0  
  Clock Path Skew:        0.263ns (DCD - SCD - CPR)
    Destination Clock Delay (DCD):    -0.864ns
    Source Clock Delay      (SCD):    -0.624ns
    Clock Pessimism Removal (CPR):    -0.502ns

    Location             Delay type                Incr(ns)  Path(ns)    Netlist Resource(s)
  -------------------------------------------------------------------    -------------------
                         (clock clk_out1_clk_wiz_0 rise edge)
                                                      0.000     0.000 r  
    F14                                               0.000     0.000 r  CLOCK_100 (IN)
                         net (fo=0)                   0.000     0.000    clk_wiz/inst/clk_in1
    F14                  IBUF (Prop_ibuf_I_O)         0.226     0.226 r  clk_wiz/inst/clkin1_ibufg/O
                         net (fo=1, routed)           0.440     0.667    clk_wiz/inst/clk_in1_clk_wiz_0
    MMCME2_ADV_X0Y1      MMCME2_ADV (Prop_mmcme2_adv_CLKIN1_CLKOUT0)
                                                     -2.359    -1.692 r  clk_wiz/inst/mmcm_adv_inst/CLKOUT0
                         net (fo=1, routed)           0.489    -1.203    clk_wiz/inst/clk_out1_clk_wiz_0
    BUFGCTRL_X0Y16       BUFG (Prop_bufg_I_O)         0.026    -1.177 r  clk_wiz/inst/clkout1_buf/O
                         net (fo=11926, routed)       0.553    -0.624    u_gpu/u_data_buffer/clk_out1
    SLICE_X29Y26         FDRE                                         r  u_gpu/u_data_buffer/dt_rdata_reg[7][6]/C
  -------------------------------------------------------------------    -------------------
    SLICE_X29Y26         FDRE (Prop_fdre_C_Q)         0.141    -0.483 r  u_gpu/u_data_buffer/dt_rdata_reg[7][6]/Q
                         net (fo=1, routed)           0.241    -0.243    u_gpu/u_core/lane[7].u_cpu/dt_result_reg[31]_1[6]
    SLICE_X37Y27         FDRE                                         r  u_gpu/u_core/lane[7].u_cpu/dt_result_reg[6]/D
  -------------------------------------------------------------------    -------------------

                         (clock clk_out1_clk_wiz_0 rise edge)
                                                      0.000     0.000 r  
    F14                                               0.000     0.000 r  CLOCK_100 (IN)
                         net (fo=0)                   0.000     0.000    clk_wiz/inst/clk_in1
    F14                  IBUF (Prop_ibuf_I_O)         0.414     0.414 r  clk_wiz/inst/clkin1_ibufg/O
                         net (fo=1, routed)           0.480     0.894    clk_wiz/inst/clk_in1_clk_wiz_0
    MMCME2_ADV_X0Y1      MMCME2_ADV (Prop_mmcme2_adv_CLKIN1_CLKOUT0)
                                                     -3.141    -2.247 r  clk_wiz/inst/mmcm_adv_inst/CLKOUT0
                         net (fo=1, routed)           0.534    -1.713    clk_wiz/inst/clk_out1_clk_wiz_0
    BUFGCTRL_X0Y16       BUFG (Prop_bufg_I_O)         0.029    -1.684 r  clk_wiz/inst/clkout1_buf/O
                         net (fo=11926, routed)       0.821    -0.864    u_gpu/u_core/lane[7].u_cpu/clk_out1
    SLICE_X37Y27         FDRE                                         r  u_gpu/u_core/lane[7].u_cpu/dt_result_reg[6]/C
                         clock pessimism              0.502    -0.361    
    SLICE_X37Y27         FDRE (Hold_fdre_C_D)         0.072    -0.289    u_gpu/u_core/lane[7].u_cpu/dt_result_reg[6]
  -------------------------------------------------------------------
                         required time                          0.289    
                         arrival time                          -0.243    
  -------------------------------------------------------------------
                         slack                                  0.047    

Slack (MET) :             0.051ns  (arrival time - required time)
  Source:                 u_gpu/u_shared_mem/mem_rdata_reg[2][17]/C
                            (rising edge-triggered cell FDRE clocked by clk_out1_clk_wiz_0  {rise@0.000ns fall@12.500ns period=25.000ns})
  Destination:            u_gpu/u_core/lane[2].u_cpu/load_result_reg[17]/D
                            (rising edge-triggered cell FDRE clocked by clk_out1_clk_wiz_0  {rise@0.000ns fall@12.500ns period=25.000ns})
  Path Group:             clk_out1_clk_wiz_0
  Path Type:              Hold (Min at Fast Process Corner)
  Requirement:            0.000ns  (clk_out1_clk_wiz_0 rise@0.000ns - clk_out1_clk_wiz_0 rise@0.000ns)
  Data Path Delay:        0.419ns  (logic 0.186ns (44.352%)  route 0.233ns (55.648%))
  Logic Levels:           1  (LUT6=1)
  Clock Path Skew:        0.276ns (DCD - SCD - CPR)
    Destination Clock Delay (DCD):    -0.846ns
    Source Clock Delay      (SCD):    -0.614ns
    Clock Pessimism Removal (CPR):    -0.507ns

    Location             Delay type                Incr(ns)  Path(ns)    Netlist Resource(s)
  -------------------------------------------------------------------    -------------------
                         (clock clk_out1_clk_wiz_0 rise edge)
                                                      0.000     0.000 r  
    F14                                               0.000     0.000 r  CLOCK_100 (IN)
                         net (fo=0)                   0.000     0.000    clk_wiz/inst/clk_in1
    F14                  IBUF (Prop_ibuf_I_O)         0.226     0.226 r  clk_wiz/inst/clkin1_ibufg/O
                         net (fo=1, routed)           0.440     0.667    clk_wiz/inst/clk_in1_clk_wiz_0
    MMCME2_ADV_X0Y1      MMCME2_ADV (Prop_mmcme2_adv_CLKIN1_CLKOUT0)
                                                     -2.359    -1.692 r  clk_wiz/inst/mmcm_adv_inst/CLKOUT0
                         net (fo=1, routed)           0.489    -1.203    clk_wiz/inst/clk_out1_clk_wiz_0
    BUFGCTRL_X0Y16       BUFG (Prop_bufg_I_O)         0.026    -1.177 r  clk_wiz/inst/clkout1_buf/O
                         net (fo=11926, routed)       0.563    -0.614    u_gpu/u_shared_mem/clk_out1
    SLICE_X53Y51         FDRE                                         r  u_gpu/u_shared_mem/mem_rdata_reg[2][17]/C
  -------------------------------------------------------------------    -------------------
    SLICE_X53Y51         FDRE (Prop_fdre_C_Q)         0.141    -0.473 r  u_gpu/u_shared_mem/mem_rdata_reg[2][17]/Q
                         net (fo=3, routed)           0.233    -0.240    u_gpu/u_core/u_fetcher/load_result_reg[31]_2[10]
    SLICE_X49Y48         LUT6 (Prop_lut6_I5_O)        0.045    -0.195 r  u_gpu/u_core/u_fetcher/load_result[17]_i_1__0/O
                         net (fo=1, routed)           0.000    -0.195    u_gpu/u_core/lane[2].u_cpu/D[10]
    SLICE_X49Y48         FDRE                                         r  u_gpu/u_core/lane[2].u_cpu/load_result_reg[17]/D
  -------------------------------------------------------------------    -------------------

                         (clock clk_out1_clk_wiz_0 rise edge)
                                                      0.000     0.000 r  
    F14                                               0.000     0.000 r  CLOCK_100 (IN)
                         net (fo=0)                   0.000     0.000    clk_wiz/inst/clk_in1
    F14                  IBUF (Prop_ibuf_I_O)         0.414     0.414 r  clk_wiz/inst/clkin1_ibufg/O
                         net (fo=1, routed)           0.480     0.894    clk_wiz/inst/clk_in1_clk_wiz_0
    MMCME2_ADV_X0Y1      MMCME2_ADV (Prop_mmcme2_adv_CLKIN1_CLKOUT0)
                                                     -3.141    -2.247 r  clk_wiz/inst/mmcm_adv_inst/CLKOUT0
                         net (fo=1, routed)           0.534    -1.713    clk_wiz/inst/clk_out1_clk_wiz_0
    BUFGCTRL_X0Y16       BUFG (Prop_bufg_I_O)         0.029    -1.684 r  clk_wiz/inst/clkout1_buf/O
                         net (fo=11926, routed)       0.839    -0.846    u_gpu/u_core/lane[2].u_cpu/clk_out1
    SLICE_X49Y48         FDRE                                         r  u_gpu/u_core/lane[2].u_cpu/load_result_reg[17]/C
                         clock pessimism              0.507    -0.338    
    SLICE_X49Y48         FDRE (Hold_fdre_C_D)         0.092    -0.246    u_gpu/u_core/lane[2].u_cpu/load_result_reg[17]
  -------------------------------------------------------------------
                         required time                          0.246    
                         arrival time                          -0.195    
  -------------------------------------------------------------------
                         slack                                  0.051    

Slack (MET) :             0.059ns  (arrival time - required time)
  Source:                 u_gpu/u_data_buffer/dt_rdata_reg[7][12]/C
                            (rising edge-triggered cell FDRE clocked by clk_out1_clk_wiz_0  {rise@0.000ns fall@12.500ns period=25.000ns})
  Destination:            u_gpu/u_core/lane[7].u_cpu/dt_result_reg[12]/D
                            (rising edge-triggered cell FDRE clocked by clk_out1_clk_wiz_0  {rise@0.000ns fall@12.500ns period=25.000ns})
  Path Group:             clk_out1_clk_wiz_0
  Path Type:              Hold (Min at Fast Process Corner)
  Requirement:            0.000ns  (clk_out1_clk_wiz_0 rise@0.000ns - clk_out1_clk_wiz_0 rise@0.000ns)
  Data Path Delay:        0.385ns  (logic 0.141ns (36.644%)  route 0.244ns (63.356%))
  Logic Levels:           0  
  Clock Path Skew:        0.260ns (DCD - SCD - CPR)
    Destination Clock Delay (DCD):    -0.864ns
    Source Clock Delay      (SCD):    -0.621ns
    Clock Pessimism Removal (CPR):    -0.502ns

    Location             Delay type                Incr(ns)  Path(ns)    Netlist Resource(s)
  -------------------------------------------------------------------    -------------------
                         (clock clk_out1_clk_wiz_0 rise edge)
                                                      0.000     0.000 r  
    F14                                               0.000     0.000 r  CLOCK_100 (IN)
                         net (fo=0)                   0.000     0.000    clk_wiz/inst/clk_in1
    F14                  IBUF (Prop_ibuf_I_O)         0.226     0.226 r  clk_wiz/inst/clkin1_ibufg/O
                         net (fo=1, routed)           0.440     0.667    clk_wiz/inst/clk_in1_clk_wiz_0
    MMCME2_ADV_X0Y1      MMCME2_ADV (Prop_mmcme2_adv_CLKIN1_CLKOUT0)
                                                     -2.359    -1.692 r  clk_wiz/inst/mmcm_adv_inst/CLKOUT0
                         net (fo=1, routed)           0.489    -1.203    clk_wiz/inst/clk_out1_clk_wiz_0
    BUFGCTRL_X0Y16       BUFG (Prop_bufg_I_O)         0.026    -1.177 r  clk_wiz/inst/clkout1_buf/O
                         net (fo=11926, routed)       0.556    -0.621    u_gpu/u_data_buffer/clk_out1
    SLICE_X28Y29         FDRE                                         r  u_gpu/u_data_buffer/dt_rdata_reg[7][12]/C
  -------------------------------------------------------------------    -------------------
    SLICE_X28Y29         FDRE (Prop_fdre_C_Q)         0.141    -0.480 r  u_gpu/u_data_buffer/dt_rdata_reg[7][12]/Q
                         net (fo=1, routed)           0.244    -0.237    u_gpu/u_core/lane[7].u_cpu/dt_result_reg[31]_1[12]
    SLICE_X37Y27         FDRE                                         r  u_gpu/u_core/lane[7].u_cpu/dt_result_reg[12]/D
  -------------------------------------------------------------------    -------------------

                         (clock clk_out1_clk_wiz_0 rise edge)
                                                      0.000     0.000 r  
    F14                                               0.000     0.000 r  CLOCK_100 (IN)
                         net (fo=0)                   0.000     0.000    clk_wiz/inst/clk_in1
    F14                  IBUF (Prop_ibuf_I_O)         0.414     0.414 r  clk_wiz/inst/clkin1_ibufg/O
                         net (fo=1, routed)           0.480     0.894    clk_wiz/inst/clk_in1_clk_wiz_0
    MMCME2_ADV_X0Y1      MMCME2_ADV (Prop_mmcme2_adv_CLKIN1_CLKOUT0)
                                                     -3.141    -2.247 r  clk_wiz/inst/mmcm_adv_inst/CLKOUT0
                         net (fo=1, routed)           0.534    -1.713    clk_wiz/inst/clk_out1_clk_wiz_0
    BUFGCTRL_X0Y16       BUFG (Prop_bufg_I_O)         0.029    -1.684 r  clk_wiz/inst/clkout1_buf/O
                         net (fo=11926, routed)       0.821    -0.864    u_gpu/u_core/lane[7].u_cpu/clk_out1
    SLICE_X37Y27         FDRE                                         r  u_gpu/u_core/lane[7].u_cpu/dt_result_reg[12]/C
                         clock pessimism              0.502    -0.361    
    SLICE_X37Y27         FDRE (Hold_fdre_C_D)         0.066    -0.295    u_gpu/u_core/lane[7].u_cpu/dt_result_reg[12]
  -------------------------------------------------------------------
                         required time                          0.295    
                         arrival time                          -0.237    
  -------------------------------------------------------------------
                         slack                                  0.059    

Slack (MET) :             0.059ns  (arrival time - required time)
  Source:                 u_gpu/u_data_buffer/dt_rdata_reg[4][2]/C
                            (rising edge-triggered cell FDRE clocked by clk_out1_clk_wiz_0  {rise@0.000ns fall@12.500ns period=25.000ns})
  Destination:            u_gpu/u_core/lane[4].u_cpu/dt_result_reg[2]/D
                            (rising edge-triggered cell FDRE clocked by clk_out1_clk_wiz_0  {rise@0.000ns fall@12.500ns period=25.000ns})
  Path Group:             clk_out1_clk_wiz_0
  Path Type:              Hold (Min at Fast Process Corner)
  Requirement:            0.000ns  (clk_out1_clk_wiz_0 rise@0.000ns - clk_out1_clk_wiz_0 rise@0.000ns)
  Data Path Delay:        0.400ns  (logic 0.141ns (35.223%)  route 0.259ns (64.777%))
  Logic Levels:           0  
  Clock Path Skew:        0.269ns (DCD - SCD - CPR)
    Destination Clock Delay (DCD):    -0.856ns
    Source Clock Delay      (SCD):    -0.622ns
    Clock Pessimism Removal (CPR):    -0.502ns

    Location             Delay type                Incr(ns)  Path(ns)    Netlist Resource(s)
  -------------------------------------------------------------------    -------------------
                         (clock clk_out1_clk_wiz_0 rise edge)
                                                      0.000     0.000 r  
    F14                                               0.000     0.000 r  CLOCK_100 (IN)
                         net (fo=0)                   0.000     0.000    clk_wiz/inst/clk_in1
    F14                  IBUF (Prop_ibuf_I_O)         0.226     0.226 r  clk_wiz/inst/clkin1_ibufg/O
                         net (fo=1, routed)           0.440     0.667    clk_wiz/inst/clk_in1_clk_wiz_0
    MMCME2_ADV_X0Y1      MMCME2_ADV (Prop_mmcme2_adv_CLKIN1_CLKOUT0)
                                                     -2.359    -1.692 r  clk_wiz/inst/mmcm_adv_inst/CLKOUT0
                         net (fo=1, routed)           0.489    -1.203    clk_wiz/inst/clk_out1_clk_wiz_0
    BUFGCTRL_X0Y16       BUFG (Prop_bufg_I_O)         0.026    -1.177 r  clk_wiz/inst/clkout1_buf/O
                         net (fo=11926, routed)       0.555    -0.622    u_gpu/u_data_buffer/clk_out1
    SLICE_X31Y28         FDRE                                         r  u_gpu/u_data_buffer/dt_rdata_reg[4][2]/C
  -------------------------------------------------------------------    -------------------
    SLICE_X31Y28         FDRE (Prop_fdre_C_Q)         0.141    -0.481 r  u_gpu/u_data_buffer/dt_rdata_reg[4][2]/Q
                         net (fo=1, routed)           0.259    -0.222    u_gpu/u_core/lane[4].u_cpu/dt_result_reg[31]_1[2]
    SLICE_X39Y35         FDRE                                         r  u_gpu/u_core/lane[4].u_cpu/dt_result_reg[2]/D
  -------------------------------------------------------------------    -------------------

                         (clock clk_out1_clk_wiz_0 rise edge)
                                                      0.000     0.000 r  
    F14                                               0.000     0.000 r  CLOCK_100 (IN)
                         net (fo=0)                   0.000     0.000    clk_wiz/inst/clk_in1
    F14                  IBUF (Prop_ibuf_I_O)         0.414     0.414 r  clk_wiz/inst/clkin1_ibufg/O
                         net (fo=1, routed)           0.480     0.894    clk_wiz/inst/clk_in1_clk_wiz_0
    MMCME2_ADV_X0Y1      MMCME2_ADV (Prop_mmcme2_adv_CLKIN1_CLKOUT0)
                                                     -3.141    -2.247 r  clk_wiz/inst/mmcm_adv_inst/CLKOUT0
                         net (fo=1, routed)           0.534    -1.713    clk_wiz/inst/clk_out1_clk_wiz_0
    BUFGCTRL_X0Y16       BUFG (Prop_bufg_I_O)         0.029    -1.684 r  clk_wiz/inst/clkout1_buf/O
                         net (fo=11926, routed)       0.829    -0.856    u_gpu/u_core/lane[4].u_cpu/clk_out1
    SLICE_X39Y35         FDRE                                         r  u_gpu/u_core/lane[4].u_cpu/dt_result_reg[2]/C
                         clock pessimism              0.502    -0.353    
    SLICE_X39Y35         FDRE (Hold_fdre_C_D)         0.072    -0.281    u_gpu/u_core/lane[4].u_cpu/dt_result_reg[2]
  -------------------------------------------------------------------
                         required time                          0.281    
                         arrival time                          -0.222    
  -------------------------------------------------------------------
                         slack                                  0.059    





Pulse Width Checks
--------------------------------------------------------------------------------------
Clock Name:         clk_out1_clk_wiz_0
Waveform(ns):       { 0.000 12.500 }
Period(ns):         25.000
Sources:            { clk_wiz/inst/mmcm_adv_inst/CLKOUT0 }

Check Type        Corner  Lib Pin             Reference Pin  Required(ns)  Actual(ns)  Slack(ns)  Location         Pin
Min Period        n/a     RAMB36E1/CLKARDCLK  n/a            2.944         25.000      22.056     RAMB36_X0Y5      u_gpu/u_data_buffer/bank[0].mem_reg/CLKARDCLK
Min Period        n/a     RAMB36E1/CLKARDCLK  n/a            2.944         25.000      22.056     RAMB36_X0Y7      u_gpu/u_data_buffer/bank[1].mem_reg/CLKARDCLK
Min Period        n/a     RAMB36E1/CLKARDCLK  n/a            2.944         25.000      22.056     RAMB36_X0Y2      u_gpu/u_data_buffer/bank[2].mem_reg/CLKARDCLK
Min Period        n/a     RAMB36E1/CLKARDCLK  n/a            2.944         25.000      22.056     RAMB36_X0Y3      u_gpu/u_data_buffer/bank[3].mem_reg/CLKARDCLK
Min Period        n/a     RAMB36E1/CLKARDCLK  n/a            2.944         25.000      22.056     RAMB36_X1Y5      u_gpu/u_data_buffer/bank[4].mem_reg/CLKARDCLK
Min Period        n/a     RAMB36E1/CLKARDCLK  n/a            2.944         25.000      22.056     RAMB36_X0Y4      u_gpu/u_data_buffer/bank[5].mem_reg/CLKARDCLK
Min Period        n/a     RAMB36E1/CLKARDCLK  n/a            2.944         25.000      22.056     RAMB36_X0Y8      u_gpu/u_data_buffer/bank[6].mem_reg/CLKARDCLK
Min Period        n/a     RAMB36E1/CLKARDCLK  n/a            2.944         25.000      22.056     RAMB36_X0Y6      u_gpu/u_data_buffer/bank[7].mem_reg/CLKARDCLK
Min Period        n/a     RAMB36E1/CLKBWRCLK  n/a            2.576         25.000      22.424     RAMB36_X0Y5      u_gpu/u_data_buffer/bank[0].mem_reg/CLKBWRCLK
Min Period        n/a     RAMB36E1/CLKBWRCLK  n/a            2.576         25.000      22.424     RAMB36_X0Y7      u_gpu/u_data_buffer/bank[1].mem_reg/CLKBWRCLK
Max Period        n/a     MMCME2_ADV/CLKOUT0  n/a            213.360       25.000      188.360    MMCME2_ADV_X0Y1  clk_wiz/inst/mmcm_adv_inst/CLKOUT0
Low Pulse Width   Slow    RAMS64E/CLK         n/a            1.250         12.500      11.250     SLICE_X12Y44     u_gpu/u_shared_mem/mem_reg_0_255_0_0/RAMS64E_A/CLK
Low Pulse Width   Fast    RAMS64E/CLK         n/a            1.250         12.500      11.250     SLICE_X12Y44     u_gpu/u_shared_mem/mem_reg_0_255_0_0/RAMS64E_A/CLK
Low Pulse Width   Slow    RAMS64E/CLK         n/a            1.250         12.500      11.250     SLICE_X12Y44     u_gpu/u_shared_mem/mem_reg_0_255_0_0/RAMS64E_B/CLK
Low Pulse Width   Fast    RAMS64E/CLK         n/a            1.250         12.500      11.250     SLICE_X12Y44     u_gpu/u_shared_mem/mem_reg_0_255_0_0/RAMS64E_B/CLK
Low Pulse Width   Slow    RAMS64E/CLK         n/a            1.250         12.500      11.250     SLICE_X12Y44     u_gpu/u_shared_mem/mem_reg_0_255_0_0/RAMS64E_C/CLK
Low Pulse Width   Fast    RAMS64E/CLK         n/a            1.250         12.500      11.250     SLICE_X12Y44     u_gpu/u_shared_mem/mem_reg_0_255_0_0/RAMS64E_C/CLK
Low Pulse Width   Slow    RAMS64E/CLK         n/a            1.250         12.500      11.250     SLICE_X12Y44     u_gpu/u_shared_mem/mem_reg_0_255_0_0/RAMS64E_D/CLK
Low Pulse Width   Fast    RAMS64E/CLK         n/a            1.250         12.500      11.250     SLICE_X12Y44     u_gpu/u_shared_mem/mem_reg_0_255_0_0/RAMS64E_D/CLK
Low Pulse Width   Slow    RAMS64E/CLK         n/a            1.250         12.500      11.250     SLICE_X54Y50     u_gpu/u_shared_mem/mem_reg_0_255_10_10/RAMS64E_A/CLK
Low Pulse Width   Fast    RAMS64E/CLK         n/a            1.250         12.500      11.250     SLICE_X54Y50     u_gpu/u_shared_mem/mem_reg_0_255_10_10/RAMS64E_A/CLK
High Pulse Width  Slow    RAMS64E/CLK         n/a            1.250         12.500      11.250     SLICE_X12Y44     u_gpu/u_shared_mem/mem_reg_0_255_0_0/RAMS64E_A/CLK
High Pulse Width  Fast    RAMS64E/CLK         n/a            1.250         12.500      11.250     SLICE_X12Y44     u_gpu/u_shared_mem/mem_reg_0_255_0_0/RAMS64E_A/CLK
High Pulse Width  Slow    RAMS64E/CLK         n/a            1.250         12.500      11.250     SLICE_X12Y44     u_gpu/u_shared_mem/mem_reg_0_255_0_0/RAMS64E_B/CLK
High Pulse Width  Fast    RAMS64E/CLK         n/a            1.250         12.500      11.250     SLICE_X12Y44     u_gpu/u_shared_mem/mem_reg_0_255_0_0/RAMS64E_B/CLK
High Pulse Width  Slow    RAMS64E/CLK         n/a            1.250         12.500      11.250     SLICE_X12Y44     u_gpu/u_shared_mem/mem_reg_0_255_0_0/RAMS64E_C/CLK
High Pulse Width  Fast    RAMS64E/CLK         n/a            1.250         12.500      11.250     SLICE_X12Y44     u_gpu/u_shared_mem/mem_reg_0_255_0_0/RAMS64E_C/CLK
High Pulse Width  Slow    RAMS64E/CLK         n/a            1.250         12.500      11.250     SLICE_X12Y44     u_gpu/u_shared_mem/mem_reg_0_255_0_0/RAMS64E_D/CLK
High Pulse Width  Fast    RAMS64E/CLK         n/a            1.250         12.500      11.250     SLICE_X12Y44     u_gpu/u_shared_mem/mem_reg_0_255_0_0/RAMS64E_D/CLK
High Pulse Width  Slow    RAMS64E/CLK         n/a            1.250         12.500      11.250     SLICE_X54Y50     u_gpu/u_shared_mem/mem_reg_0_255_10_10/RAMS64E_A/CLK
High Pulse Width  Fast    RAMS64E/CLK         n/a            1.250         12.500      11.250     SLICE_X54Y50     u_gpu/u_shared_mem/mem_reg_0_255_10_10/RAMS64E_A/CLK



---------------------------------------------------------------------------------------------------
From Clock:  clk_out2_clk_wiz_0
  To Clock:  clk_out2_clk_wiz_0

Setup :           NA  Failing Endpoints,  Worst Slack           NA  ,  Total Violation           NA
Hold  :           NA  Failing Endpoints,  Worst Slack           NA  ,  Total Violation           NA
PW    :            0  Failing Endpoints,  Worst Slack        2.845ns,  Total Violation        0.000ns
---------------------------------------------------------------------------------------------------


Pulse Width Checks
--------------------------------------------------------------------------------------
Clock Name:         clk_out2_clk_wiz_0
Waveform(ns):       { 0.000 2.500 }
Period(ns):         5.000
Sources:            { clk_wiz/inst/mmcm_adv_inst/CLKOUT1 }

Check Type  Corner  Lib Pin             Reference Pin  Required(ns)  Actual(ns)  Slack(ns)  Location         Pin
Min Period  n/a     BUFG/I              n/a            2.155         5.000       2.845      BUFGCTRL_X0Y17   clk_wiz/inst/clkout2_buf/I
Min Period  n/a     OSERDESE2/CLK       n/a            1.667         5.000       3.333      OLOGIC_X0Y16     vga_to_hdmi/u_hdmiTx/serBlue/master/CLK
Min Period  n/a     OSERDESE2/CLK       n/a            1.667         5.000       3.333      OLOGIC_X0Y15     vga_to_hdmi/u_hdmiTx/serBlue/slave/CLK
Min Period  n/a     OSERDESE2/CLK       n/a            1.667         5.000       3.333      OLOGIC_X0Y24     vga_to_hdmi/u_hdmiTx/serClock/master/CLK
Min Period  n/a     OSERDESE2/CLK       n/a            1.667         5.000       3.333      OLOGIC_X0Y23     vga_to_hdmi/u_hdmiTx/serClock/slave/CLK
Min Period  n/a     OSERDESE2/CLK       n/a            1.667         5.000       3.333      OLOGIC_X0Y22     vga_to_hdmi/u_hdmiTx/serGreen/master/CLK
Min Period  n/a     OSERDESE2/CLK       n/a            1.667         5.000       3.333      OLOGIC_X0Y21     vga_to_hdmi/u_hdmiTx/serGreen/slave/CLK
Min Period  n/a     OSERDESE2/CLK       n/a            1.667         5.000       3.333      OLOGIC_X0Y26     vga_to_hdmi/u_hdmiTx/serRed/master/CLK
Min Period  n/a     OSERDESE2/CLK       n/a            1.667         5.000       3.333      OLOGIC_X0Y25     vga_to_hdmi/u_hdmiTx/serRed/slave/CLK
Min Period  n/a     MMCME2_ADV/CLKOUT1  n/a            1.249         5.000       3.751      MMCME2_ADV_X0Y1  clk_wiz/inst/mmcm_adv_inst/CLKOUT1
Max Period  n/a     MMCME2_ADV/CLKOUT1  n/a            213.360       5.000       208.360    MMCME2_ADV_X0Y1  clk_wiz/inst/mmcm_adv_inst/CLKOUT1



---------------------------------------------------------------------------------------------------
From Clock:  clkfbout_clk_wiz_0
  To Clock:  clkfbout_clk_wiz_0

Setup :           NA  Failing Endpoints,  Worst Slack           NA  ,  Total Violation           NA
Hold  :           NA  Failing Endpoints,  Worst Slack           NA  ,  Total Violation           NA
PW    :            0  Failing Endpoints,  Worst Slack        7.845ns,  Total Violation        0.000ns
---------------------------------------------------------------------------------------------------


Pulse Width Checks
--------------------------------------------------------------------------------------
Clock Name:         clkfbout_clk_wiz_0
Waveform(ns):       { 0.000 5.000 }
Period(ns):         10.000
Sources:            { clk_wiz/inst/mmcm_adv_inst/CLKFBOUT }

Check Type  Corner  Lib Pin              Reference Pin  Required(ns)  Actual(ns)  Slack(ns)  Location         Pin
Min Period  n/a     BUFG/I               n/a            2.155         10.000      7.845      BUFGCTRL_X0Y18   clk_wiz/inst/clkf_buf/I
Min Period  n/a     MMCME2_ADV/CLKFBOUT  n/a            1.249         10.000      8.751      MMCME2_ADV_X0Y1  clk_wiz/inst/mmcm_adv_inst/CLKFBOUT
Min Period  n/a     MMCME2_ADV/CLKFBIN   n/a            1.249         10.000      8.751      MMCME2_ADV_X0Y1  clk_wiz/inst/mmcm_adv_inst/CLKFBIN
Max Period  n/a     MMCME2_ADV/CLKFBIN   n/a            100.000       10.000      90.000     MMCME2_ADV_X0Y1  clk_wiz/inst/mmcm_adv_inst/CLKFBIN
Max Period  n/a     MMCME2_ADV/CLKFBOUT  n/a            213.360       10.000      203.360    MMCME2_ADV_X0Y1  clk_wiz/inst/mmcm_adv_inst/CLKFBOUT



--------------------------------------------------------------------------------------
Path Group:  (none)
From Clock:  clk_out1_clk_wiz_0
  To Clock:  

Max Delay             3 Endpoints
Min Delay             3 Endpoints
--------------------------------------------------------------------------------------


Max Delay Paths
--------------------------------------------------------------------------------------
Slack:                    inf
  Source:                 u_gpu/u_display_controller/blank_prev_reg/C
                            (rising edge-triggered cell FDRE clocked by clk_out1_clk_wiz_0  {rise@0.000ns fall@12.500ns period=25.000ns})
  Destination:            LD[3]
                            (output port)
  Path Group:             (none)
  Path Type:              Max at Slow Process Corner
  Data Path Delay:        11.107ns  (logic 4.164ns (37.487%)  route 6.944ns (62.513%))
  Logic Levels:           2  (LUT1=1 OBUF=1)
  Clock Uncertainty:      0.182ns  ((TSJ^2 + DJ^2)^1/2) / 2 + PE
    Total System Jitter     (TSJ):    0.050ns
    Discrete Jitter          (DJ):    0.159ns
    Phase Error              (PE):    0.099ns

    Location             Delay type                Incr(ns)  Path(ns)    Netlist Resource(s)
  -------------------------------------------------------------------    -------------------
                         (clock clk_out1_clk_wiz_0 rise edge)
                                                      0.000     0.000 r  
    F14                                               0.000     0.000 r  CLOCK_100 (IN)
                         net (fo=0)                   0.000     0.000    clk_wiz/inst/clk_in1
    F14                  IBUF (Prop_ibuf_I_O)         1.458     1.458 r  clk_wiz/inst/clkin1_ibufg/O
                         net (fo=1, routed)           1.233     2.692    clk_wiz/inst/clk_in1_clk_wiz_0
    MMCME2_ADV_X0Y1      MMCME2_ADV (Prop_mmcme2_adv_CLKIN1_CLKOUT0)
                                                     -6.950    -4.259 r  clk_wiz/inst/mmcm_adv_inst/CLKOUT0
                         net (fo=1, routed)           1.666    -2.592    clk_wiz/inst/clk_out1_clk_wiz_0
    BUFGCTRL_X0Y16       BUFG (Prop_bufg_I_O)         0.096    -2.496 r  clk_wiz/inst/clkout1_buf/O
                         net (fo=11926, routed)       1.636    -0.860    u_gpu/u_display_controller/clk_out1
    SLICE_X6Y8           FDRE                                         r  u_gpu/u_display_controller/blank_prev_reg/C
  -------------------------------------------------------------------    -------------------
    SLICE_X6Y8           FDRE (Prop_fdre_C_Q)         0.518    -0.342 f  u_gpu/u_display_controller/blank_prev_reg/Q
                         net (fo=67, routed)          1.978     1.636    u_gpu/u_display_controller/blank_prev
    SLICE_X5Y13          LUT1 (Prop_lut1_I0_O)        0.124     1.760 r  u_gpu/u_display_controller/LD_OBUF[3]_inst_i_1/O
                         net (fo=1, routed)           4.965     6.725    LD_OBUF[3]
    F2                   OBUF (Prop_obuf_I_O)         3.522    10.247 r  LD_OBUF[3]_inst/O
                         net (fo=0)                   0.000    10.247    LD[3]
    F2                                                                r  LD[3] (OUT)
  -------------------------------------------------------------------    -------------------

Slack:                    inf
  Source:                 u_gpu/u_core/lane[4].u_cpu/done_reg/C
                            (rising edge-triggered cell FDRE clocked by clk_out1_clk_wiz_0  {rise@0.000ns fall@12.500ns period=25.000ns})
  Destination:            LD[2]
                            (output port)
  Path Group:             (none)
  Path Type:              Max at Slow Process Corner
  Data Path Delay:        9.978ns  (logic 4.227ns (42.360%)  route 5.751ns (57.640%))
  Logic Levels:           3  (LUT4=1 LUT5=1 OBUF=1)
  Clock Uncertainty:      0.182ns  ((TSJ^2 + DJ^2)^1/2) / 2 + PE
    Total System Jitter     (TSJ):    0.050ns
    Discrete Jitter          (DJ):    0.159ns
    Phase Error              (PE):    0.099ns

    Location             Delay type                Incr(ns)  Path(ns)    Netlist Resource(s)
  -------------------------------------------------------------------    -------------------
                         (clock clk_out1_clk_wiz_0 rise edge)
                                                      0.000     0.000 r  
    F14                                               0.000     0.000 r  CLOCK_100 (IN)
                         net (fo=0)                   0.000     0.000    clk_wiz/inst/clk_in1
    F14                  IBUF (Prop_ibuf_I_O)         1.458     1.458 r  clk_wiz/inst/clkin1_ibufg/O
                         net (fo=1, routed)           1.233     2.692    clk_wiz/inst/clk_in1_clk_wiz_0
    MMCME2_ADV_X0Y1      MMCME2_ADV (Prop_mmcme2_adv_CLKIN1_CLKOUT0)
                                                     -6.950    -4.259 r  clk_wiz/inst/mmcm_adv_inst/CLKOUT0
                         net (fo=1, routed)           1.666    -2.592    clk_wiz/inst/clk_out1_clk_wiz_0
    BUFGCTRL_X0Y16       BUFG (Prop_bufg_I_O)         0.096    -2.496 r  clk_wiz/inst/clkout1_buf/O
                         net (fo=11926, routed)       1.554    -0.942    u_gpu/u_core/lane[4].u_cpu/clk_out1
    SLICE_X48Y59         FDRE                                         r  u_gpu/u_core/lane[4].u_cpu/done_reg/C
  -------------------------------------------------------------------    -------------------
    SLICE_X48Y59         FDRE (Prop_fdre_C_Q)         0.456    -0.486 r  u_gpu/u_core/lane[4].u_cpu/done_reg/Q
                         net (fo=2, routed)           1.351     0.865    u_gpu/u_core/lane[3].u_cpu/done[4]_4
    SLICE_X48Y47         LUT4 (Prop_lut4_I1_O)        0.124     0.989 f  u_gpu/u_core/lane[3].u_cpu/LD_OBUF[2]_inst_i_2/O
                         net (fo=2, routed)           1.364     2.353    u_gpu/u_core/lane[3].u_cpu/done_reg_1
    SLICE_X36Y45         LUT5 (Prop_lut5_I0_O)        0.124     2.477 r  u_gpu/u_core/lane[3].u_cpu/LD_OBUF[2]_inst_i_1/O
                         net (fo=37, routed)          3.036     5.513    LD_OBUF[2]
    F1                   OBUF (Prop_obuf_I_O)         3.523     9.035 r  LD_OBUF[2]_inst/O
                         net (fo=0)                   0.000     9.035    LD[2]
    F1                                                                r  LD[2] (OUT)
  -------------------------------------------------------------------    -------------------

Slack:                    inf
  Source:                 heartbeat_reg[24]/C
                            (rising edge-triggered cell FDRE clocked by clk_out1_clk_wiz_0  {rise@0.000ns fall@12.500ns period=25.000ns})
  Destination:            LD[0]
                            (output port)
  Path Group:             (none)
  Path Type:              Max at Slow Process Corner
  Data Path Delay:        5.725ns  (logic 4.038ns (70.532%)  route 1.687ns (29.468%))
  Logic Levels:           1  (OBUF=1)
  Clock Uncertainty:      0.182ns  ((TSJ^2 + DJ^2)^1/2) / 2 + PE
    Total System Jitter     (TSJ):    0.050ns
    Discrete Jitter          (DJ):    0.159ns
    Phase Error              (PE):    0.099ns

    Location             Delay type                Incr(ns)  Path(ns)    Netlist Resource(s)
  -------------------------------------------------------------------    -------------------
                         (clock clk_out1_clk_wiz_0 rise edge)
                                                      0.000     0.000 r  
    F14                                               0.000     0.000 r  CLOCK_100 (IN)
                         net (fo=0)                   0.000     0.000    clk_wiz/inst/clk_in1
    F14                  IBUF (Prop_ibuf_I_O)         1.458     1.458 r  clk_wiz/inst/clkin1_ibufg/O
                         net (fo=1, routed)           1.233     2.692    clk_wiz/inst/clk_in1_clk_wiz_0
    MMCME2_ADV_X0Y1      MMCME2_ADV (Prop_mmcme2_adv_CLKIN1_CLKOUT0)
                                                     -6.950    -4.259 r  clk_wiz/inst/mmcm_adv_inst/CLKOUT0
                         net (fo=1, routed)           1.666    -2.592    clk_wiz/inst/clk_out1_clk_wiz_0
    BUFGCTRL_X0Y16       BUFG (Prop_bufg_I_O)         0.096    -2.496 r  clk_wiz/inst/clkout1_buf/O
                         net (fo=11926, routed)       1.623    -0.873    clk_40MHz
    SLICE_X64Y58         FDRE                                         r  heartbeat_reg[24]/C
  -------------------------------------------------------------------    -------------------
    SLICE_X64Y58         FDRE (Prop_fdre_C_Q)         0.518    -0.355 r  heartbeat_reg[24]/Q
                         net (fo=2, routed)           1.687     1.332    LD_OBUF[0]
    G1                   OBUF (Prop_obuf_I_O)         3.520     4.852 r  LD_OBUF[0]_inst/O
                         net (fo=0)                   0.000     4.852    LD[0]
    G1                                                                r  LD[0] (OUT)
  -------------------------------------------------------------------    -------------------





Min Delay Paths
--------------------------------------------------------------------------------------
Slack:                    inf
  Source:                 heartbeat_reg[24]/C
                            (rising edge-triggered cell FDRE clocked by clk_out1_clk_wiz_0  {rise@0.000ns fall@12.500ns period=25.000ns})
  Destination:            LD[0]
                            (output port)
  Path Group:             (none)
  Path Type:              Min at Fast Process Corner
  Data Path Delay:        1.723ns  (logic 1.385ns (80.377%)  route 0.338ns (19.623%))
  Logic Levels:           1  (OBUF=1)
  Clock Uncertainty:      0.182ns  ((TSJ^2 + DJ^2)^1/2) / 2 + PE
    Total System Jitter     (TSJ):    0.050ns
    Discrete Jitter          (DJ):    0.159ns
    Phase Error              (PE):    0.099ns

    Location             Delay type                Incr(ns)  Path(ns)    Netlist Resource(s)
  -------------------------------------------------------------------    -------------------
                         (clock clk_out1_clk_wiz_0 rise edge)
                                                      0.000     0.000 r  
    F14                                               0.000     0.000 r  CLOCK_100 (IN)
                         net (fo=0)                   0.000     0.000    clk_wiz/inst/clk_in1
    F14                  IBUF (Prop_ibuf_I_O)         0.226     0.226 r  clk_wiz/inst/clkin1_ibufg/O
                         net (fo=1, routed)           0.440     0.667    clk_wiz/inst/clk_in1_clk_wiz_0
    MMCME2_ADV_X0Y1      MMCME2_ADV (Prop_mmcme2_adv_CLKIN1_CLKOUT0)
                                                     -2.359    -1.692 r  clk_wiz/inst/mmcm_adv_inst/CLKOUT0
                         net (fo=1, routed)           0.489    -1.203    clk_wiz/inst/clk_out1_clk_wiz_0
    BUFGCTRL_X0Y16       BUFG (Prop_bufg_I_O)         0.026    -1.177 r  clk_wiz/inst/clkout1_buf/O
                         net (fo=11926, routed)       0.590    -0.587    clk_40MHz
    SLICE_X64Y58         FDRE                                         r  heartbeat_reg[24]/C
  -------------------------------------------------------------------    -------------------
    SLICE_X64Y58         FDRE (Prop_fdre_C_Q)         0.164    -0.423 r  heartbeat_reg[24]/Q
                         net (fo=2, routed)           0.338    -0.085    LD_OBUF[0]
    G1                   OBUF (Prop_obuf_I_O)         1.221     1.136 r  LD_OBUF[0]_inst/O
                         net (fo=0)                   0.000     1.136    LD[0]
    G1                                                                r  LD[0] (OUT)
  -------------------------------------------------------------------    -------------------

Slack:                    inf
  Source:                 u_gpu/u_core/lane[7].u_cpu/done_reg/C
                            (rising edge-triggered cell FDRE clocked by clk_out1_clk_wiz_0  {rise@0.000ns fall@12.500ns period=25.000ns})
  Destination:            LD[2]
                            (output port)
  Path Group:             (none)
  Path Type:              Min at Fast Process Corner
  Data Path Delay:        2.842ns  (logic 1.409ns (49.601%)  route 1.432ns (50.399%))
  Logic Levels:           2  (LUT5=1 OBUF=1)
  Clock Uncertainty:      0.182ns  ((TSJ^2 + DJ^2)^1/2) / 2 + PE
    Total System Jitter     (TSJ):    0.050ns
    Discrete Jitter          (DJ):    0.159ns
    Phase Error              (PE):    0.099ns

    Location             Delay type                Incr(ns)  Path(ns)    Netlist Resource(s)
  -------------------------------------------------------------------    -------------------
                         (clock clk_out1_clk_wiz_0 rise edge)
                                                      0.000     0.000 r  
    F14                                               0.000     0.000 r  CLOCK_100 (IN)
                         net (fo=0)                   0.000     0.000    clk_wiz/inst/clk_in1
    F14                  IBUF (Prop_ibuf_I_O)         0.226     0.226 r  clk_wiz/inst/clkin1_ibufg/O
                         net (fo=1, routed)           0.440     0.667    clk_wiz/inst/clk_in1_clk_wiz_0
    MMCME2_ADV_X0Y1      MMCME2_ADV (Prop_mmcme2_adv_CLKIN1_CLKOUT0)
                                                     -2.359    -1.692 r  clk_wiz/inst/mmcm_adv_inst/CLKOUT0
                         net (fo=1, routed)           0.489    -1.203    clk_wiz/inst/clk_out1_clk_wiz_0
    BUFGCTRL_X0Y16       BUFG (Prop_bufg_I_O)         0.026    -1.177 r  clk_wiz/inst/clkout1_buf/O
                         net (fo=11926, routed)       0.556    -0.621    u_gpu/u_core/lane[7].u_cpu/clk_out1
    SLICE_X36Y29         FDRE                                         r  u_gpu/u_core/lane[7].u_cpu/done_reg/C
  -------------------------------------------------------------------    -------------------
    SLICE_X36Y29         FDRE (Prop_fdre_C_Q)         0.141    -0.480 r  u_gpu/u_core/lane[7].u_cpu/done_reg/Q
                         net (fo=3, routed)           0.420    -0.060    u_gpu/u_core/lane[3].u_cpu/done[7]_7
    SLICE_X36Y45         LUT5 (Prop_lut5_I1_O)        0.045    -0.015 r  u_gpu/u_core/lane[3].u_cpu/LD_OBUF[2]_inst_i_1/O
                         net (fo=37, routed)          1.012     0.997    LD_OBUF[2]
    F1                   OBUF (Prop_obuf_I_O)         1.223     2.220 r  LD_OBUF[2]_inst/O
                         net (fo=0)                   0.000     2.220    LD[2]
    F1                                                                r  LD[2] (OUT)
  -------------------------------------------------------------------    -------------------

Slack:                    inf
  Source:                 u_gpu/u_display_controller/blank_prev_reg/C
                            (rising edge-triggered cell FDRE clocked by clk_out1_clk_wiz_0  {rise@0.000ns fall@12.500ns period=25.000ns})
  Destination:            LD[3]
                            (output port)
  Path Group:             (none)
  Path Type:              Min at Fast Process Corner
  Data Path Delay:        4.243ns  (logic 1.432ns (33.741%)  route 2.812ns (66.259%))
  Logic Levels:           2  (LUT1=1 OBUF=1)
  Clock Uncertainty:      0.182ns  ((TSJ^2 + DJ^2)^1/2) / 2 + PE
    Total System Jitter     (TSJ):    0.050ns
    Discrete Jitter          (DJ):    0.159ns
    Phase Error              (PE):    0.099ns

    Location             Delay type                Incr(ns)  Path(ns)    Netlist Resource(s)
  -------------------------------------------------------------------    -------------------
                         (clock clk_out1_clk_wiz_0 rise edge)
                                                      0.000     0.000 r  
    F14                                               0.000     0.000 r  CLOCK_100 (IN)
                         net (fo=0)                   0.000     0.000    clk_wiz/inst/clk_in1
    F14                  IBUF (Prop_ibuf_I_O)         0.226     0.226 r  clk_wiz/inst/clkin1_ibufg/O
                         net (fo=1, routed)           0.440     0.667    clk_wiz/inst/clk_in1_clk_wiz_0
    MMCME2_ADV_X0Y1      MMCME2_ADV (Prop_mmcme2_adv_CLKIN1_CLKOUT0)
                                                     -2.359    -1.692 r  clk_wiz/inst/mmcm_adv_inst/CLKOUT0
                         net (fo=1, routed)           0.489    -1.203    clk_wiz/inst/clk_out1_clk_wiz_0
    BUFGCTRL_X0Y16       BUFG (Prop_bufg_I_O)         0.026    -1.177 r  clk_wiz/inst/clkout1_buf/O
                         net (fo=11926, routed)       0.594    -0.583    u_gpu/u_display_controller/clk_out1
    SLICE_X6Y8           FDRE                                         r  u_gpu/u_display_controller/blank_prev_reg/C
  -------------------------------------------------------------------    -------------------
    SLICE_X6Y8           FDRE (Prop_fdre_C_Q)         0.164    -0.419 f  u_gpu/u_display_controller/blank_prev_reg/Q
                         net (fo=67, routed)          0.860     0.441    u_gpu/u_display_controller/blank_prev
    SLICE_X5Y13          LUT1 (Prop_lut1_I0_O)        0.045     0.486 r  u_gpu/u_display_controller/LD_OBUF[3]_inst_i_1/O
                         net (fo=1, routed)           1.951     2.437    LD_OBUF[3]
    F2                   OBUF (Prop_obuf_I_O)         1.223     3.660 r  LD_OBUF[3]_inst/O
                         net (fo=0)                   0.000     3.660    LD[3]
    F2                                                                r  LD[3] (OUT)
  -------------------------------------------------------------------    -------------------





--------------------------------------------------------------------------------------
Path Group:  (none)
From Clock:  clk_out2_clk_wiz_0
  To Clock:  

Max Delay             8 Endpoints
Min Delay             8 Endpoints
--------------------------------------------------------------------------------------


Max Delay Paths
--------------------------------------------------------------------------------------
Slack:                    inf
  Source:                 vga_to_hdmi/u_hdmiTx/serGreen/master/CLK
                            (rising edge-triggered cell OSERDESE2 clocked by clk_out2_clk_wiz_0  {rise@0.000ns fall@2.500ns period=5.000ns})
  Destination:            hdmi_tx_n[1]
                            (output port)
  Path Group:             (none)
  Path Type:              Max at Slow Process Corner
  Data Path Delay:        2.312ns  (logic 2.311ns (99.957%)  route 0.001ns (0.043%))
  Logic Levels:           1  (OBUFDS=1)
  Clock Uncertainty:      0.161ns  ((TSJ^2 + DJ^2)^1/2) / 2 + PE
    Total System Jitter     (TSJ):    0.050ns
    Discrete Jitter          (DJ):    0.115ns
    Phase Error              (PE):    0.099ns

    Location             Delay type                Incr(ns)  Path(ns)    Netlist Resource(s)
  -------------------------------------------------------------------    -------------------
                         (clock clk_out2_clk_wiz_0 rise edge)
                                                      0.000     0.000 r  
    F14                                               0.000     0.000 r  CLOCK_100 (IN)
                         net (fo=0)                   0.000     0.000    clk_wiz/inst/clk_in1
    F14                  IBUF (Prop_ibuf_I_O)         1.458     1.458 r  clk_wiz/inst/clkin1_ibufg/O
                         net (fo=1, routed)           1.233     2.692    clk_wiz/inst/clk_in1_clk_wiz_0
    MMCME2_ADV_X0Y1      MMCME2_ADV (Prop_mmcme2_adv_CLKIN1_CLKOUT1)
                                                     -6.950    -4.259 r  clk_wiz/inst/mmcm_adv_inst/CLKOUT1
                         net (fo=1, routed)           1.666    -2.592    clk_wiz/inst/clk_out2_clk_wiz_0
    BUFGCTRL_X0Y17       BUFG (Prop_bufg_I_O)         0.096    -2.496 r  clk_wiz/inst/clkout2_buf/O
                         net (fo=8, routed)           1.667    -0.830    vga_to_hdmi/u_hdmiTx/serGreen/serClk
    OLOGIC_X0Y22         OSERDESE2                                    r  vga_to_hdmi/u_hdmiTx/serGreen/master/CLK
  -------------------------------------------------------------------    -------------------
    OLOGIC_X0Y22         OSERDESE2 (Prop_oserdese2_CLK_OQ)
                                                      0.472    -0.358 r  vga_to_hdmi/u_hdmiTx/serGreen/master/OQ
                         net (fo=1, routed)           0.001    -0.357    vga_to_hdmi/u_hdmiTx/serGreen/serOut
    R16                  OBUFDS (Prop_obufds_I_OB)    1.839     1.482 r  vga_to_hdmi/u_hdmiTx/serGreen/obuf/OB
                         net (fo=0)                   0.000     1.482    hdmi_tx_n[1]
    R17                                                               r  hdmi_tx_n[1] (OUT)
  -------------------------------------------------------------------    -------------------

Slack:                    inf
  Source:                 vga_to_hdmi/u_hdmiTx/serGreen/master/CLK
                            (rising edge-triggered cell OSERDESE2 clocked by clk_out2_clk_wiz_0  {rise@0.000ns fall@2.500ns period=5.000ns})
  Destination:            hdmi_tx_p[1]
                            (output port)
  Path Group:             (none)
  Path Type:              Max at Slow Process Corner
  Data Path Delay:        2.311ns  (logic 2.310ns (99.957%)  route 0.001ns (0.043%))
  Logic Levels:           1  (OBUFDS=1)
  Clock Uncertainty:      0.161ns  ((TSJ^2 + DJ^2)^1/2) / 2 + PE
    Total System Jitter     (TSJ):    0.050ns
    Discrete Jitter          (DJ):    0.115ns
    Phase Error              (PE):    0.099ns

    Location             Delay type                Incr(ns)  Path(ns)    Netlist Resource(s)
  -------------------------------------------------------------------    -------------------
                         (clock clk_out2_clk_wiz_0 rise edge)
                                                      0.000     0.000 r  
    F14                                               0.000     0.000 r  CLOCK_100 (IN)
                         net (fo=0)                   0.000     0.000    clk_wiz/inst/clk_in1
    F14                  IBUF (Prop_ibuf_I_O)         1.458     1.458 r  clk_wiz/inst/clkin1_ibufg/O
                         net (fo=1, routed)           1.233     2.692    clk_wiz/inst/clk_in1_clk_wiz_0
    MMCME2_ADV_X0Y1      MMCME2_ADV (Prop_mmcme2_adv_CLKIN1_CLKOUT1)
                                                     -6.950    -4.259 r  clk_wiz/inst/mmcm_adv_inst/CLKOUT1
                         net (fo=1, routed)           1.666    -2.592    clk_wiz/inst/clk_out2_clk_wiz_0
    BUFGCTRL_X0Y17       BUFG (Prop_bufg_I_O)         0.096    -2.496 r  clk_wiz/inst/clkout2_buf/O
                         net (fo=8, routed)           1.667    -0.830    vga_to_hdmi/u_hdmiTx/serGreen/serClk
    OLOGIC_X0Y22         OSERDESE2                                    r  vga_to_hdmi/u_hdmiTx/serGreen/master/CLK
  -------------------------------------------------------------------    -------------------
    OLOGIC_X0Y22         OSERDESE2 (Prop_oserdese2_CLK_OQ)
                                                      0.472    -0.358 r  vga_to_hdmi/u_hdmiTx/serGreen/master/OQ
                         net (fo=1, routed)           0.001    -0.357    vga_to_hdmi/u_hdmiTx/serGreen/serOut
    R16                  OBUFDS (Prop_obufds_I_O)     1.838     1.481 r  vga_to_hdmi/u_hdmiTx/serGreen/obuf/O
                         net (fo=0)                   0.000     1.481    hdmi_tx_p[1]
    R16                                                               r  hdmi_tx_p[1] (OUT)
  -------------------------------------------------------------------    -------------------

Slack:                    inf
  Source:                 vga_to_hdmi/u_hdmiTx/serBlue/master/CLK
                            (rising edge-triggered cell OSERDESE2 clocked by clk_out2_clk_wiz_0  {rise@0.000ns fall@2.500ns period=5.000ns})
  Destination:            hdmi_tx_n[0]
                            (output port)
  Path Group:             (none)
  Path Type:              Max at Slow Process Corner
  Data Path Delay:        2.295ns  (logic 2.294ns (99.956%)  route 0.001ns (0.044%))
  Logic Levels:           1  (OBUFDS=1)
  Clock Uncertainty:      0.161ns  ((TSJ^2 + DJ^2)^1/2) / 2 + PE
    Total System Jitter     (TSJ):    0.050ns
    Discrete Jitter          (DJ):    0.115ns
    Phase Error              (PE):    0.099ns

    Location             Delay type                Incr(ns)  Path(ns)    Netlist Resource(s)
  -------------------------------------------------------------------    -------------------
                         (clock clk_out2_clk_wiz_0 rise edge)
                                                      0.000     0.000 r  
    F14                                               0.000     0.000 r  CLOCK_100 (IN)
                         net (fo=0)                   0.000     0.000    clk_wiz/inst/clk_in1
    F14                  IBUF (Prop_ibuf_I_O)         1.458     1.458 r  clk_wiz/inst/clkin1_ibufg/O
                         net (fo=1, routed)           1.233     2.692    clk_wiz/inst/clk_in1_clk_wiz_0
    MMCME2_ADV_X0Y1      MMCME2_ADV (Prop_mmcme2_adv_CLKIN1_CLKOUT1)
                                                     -6.950    -4.259 r  clk_wiz/inst/mmcm_adv_inst/CLKOUT1
                         net (fo=1, routed)           1.666    -2.592    clk_wiz/inst/clk_out2_clk_wiz_0
    BUFGCTRL_X0Y17       BUFG (Prop_bufg_I_O)         0.096    -2.496 r  clk_wiz/inst/clkout2_buf/O
                         net (fo=8, routed)           1.675    -0.822    vga_to_hdmi/u_hdmiTx/serBlue/serClk
    OLOGIC_X0Y16         OSERDESE2                                    r  vga_to_hdmi/u_hdmiTx/serBlue/master/CLK
  -------------------------------------------------------------------    -------------------
    OLOGIC_X0Y16         OSERDESE2 (Prop_oserdese2_CLK_OQ)
                                                      0.472    -0.350 r  vga_to_hdmi/u_hdmiTx/serBlue/master/OQ
                         net (fo=1, routed)           0.001    -0.349    vga_to_hdmi/u_hdmiTx/serBlue/serOut
    R15                  OBUFDS (Prop_obufds_I_OB)    1.822     1.473 r  vga_to_hdmi/u_hdmiTx/serBlue/obuf/OB
                         net (fo=0)                   0.000     1.473    hdmi_tx_n[0]
    T15                                                               r  hdmi_tx_n[0] (OUT)
  -------------------------------------------------------------------    -------------------

Slack:                    inf
  Source:                 vga_to_hdmi/u_hdmiTx/serBlue/master/CLK
                            (rising edge-triggered cell OSERDESE2 clocked by clk_out2_clk_wiz_0  {rise@0.000ns fall@2.500ns period=5.000ns})
  Destination:            hdmi_tx_p[0]
                            (output port)
  Path Group:             (none)
  Path Type:              Max at Slow Process Corner
  Data Path Delay:        2.294ns  (logic 2.293ns (99.956%)  route 0.001ns (0.044%))
  Logic Levels:           1  (OBUFDS=1)
  Clock Uncertainty:      0.161ns  ((TSJ^2 + DJ^2)^1/2) / 2 + PE
    Total System Jitter     (TSJ):    0.050ns
    Discrete Jitter          (DJ):    0.115ns
    Phase Error              (PE):    0.099ns

    Location             Delay type                Incr(ns)  Path(ns)    Netlist Resource(s)
  -------------------------------------------------------------------    -------------------
                         (clock clk_out2_clk_wiz_0 rise edge)
                                                      0.000     0.000 r  
    F14                                               0.000     0.000 r  CLOCK_100 (IN)
                         net (fo=0)                   0.000     0.000    clk_wiz/inst/clk_in1
    F14                  IBUF (Prop_ibuf_I_O)         1.458     1.458 r  clk_wiz/inst/clkin1_ibufg/O
                         net (fo=1, routed)           1.233     2.692    clk_wiz/inst/clk_in1_clk_wiz_0
    MMCME2_ADV_X0Y1      MMCME2_ADV (Prop_mmcme2_adv_CLKIN1_CLKOUT1)
                                                     -6.950    -4.259 r  clk_wiz/inst/mmcm_adv_inst/CLKOUT1
                         net (fo=1, routed)           1.666    -2.592    clk_wiz/inst/clk_out2_clk_wiz_0
    BUFGCTRL_X0Y17       BUFG (Prop_bufg_I_O)         0.096    -2.496 r  clk_wiz/inst/clkout2_buf/O
                         net (fo=8, routed)           1.675    -0.822    vga_to_hdmi/u_hdmiTx/serBlue/serClk
    OLOGIC_X0Y16         OSERDESE2                                    r  vga_to_hdmi/u_hdmiTx/serBlue/master/CLK
  -------------------------------------------------------------------    -------------------
    OLOGIC_X0Y16         OSERDESE2 (Prop_oserdese2_CLK_OQ)
                                                      0.472    -0.350 r  vga_to_hdmi/u_hdmiTx/serBlue/master/OQ
                         net (fo=1, routed)           0.001    -0.349    vga_to_hdmi/u_hdmiTx/serBlue/serOut
    R15                  OBUFDS (Prop_obufds_I_O)     1.821     1.472 r  vga_to_hdmi/u_hdmiTx/serBlue/obuf/O
                         net (fo=0)                   0.000     1.472    hdmi_tx_p[0]
    R15                                                               r  hdmi_tx_p[0] (OUT)
  -------------------------------------------------------------------    -------------------

Slack:                    inf
  Source:                 vga_to_hdmi/u_hdmiTx/serClock/master/CLK
                            (rising edge-triggered cell OSERDESE2 clocked by clk_out2_clk_wiz_0  {rise@0.000ns fall@2.500ns period=5.000ns})
  Destination:            hdmi_clk_n
                            (output port)
  Path Group:             (none)
  Path Type:              Max at Slow Process Corner
  Data Path Delay:        2.299ns  (logic 2.298ns (99.956%)  route 0.001ns (0.043%))
  Logic Levels:           1  (OBUFDS=1)
  Clock Uncertainty:      0.161ns  ((TSJ^2 + DJ^2)^1/2) / 2 + PE
    Total System Jitter     (TSJ):    0.050ns
    Discrete Jitter          (DJ):    0.115ns
    Phase Error              (PE):    0.099ns

    Location             Delay type                Incr(ns)  Path(ns)    Netlist Resource(s)
  -------------------------------------------------------------------    -------------------
                         (clock clk_out2_clk_wiz_0 rise edge)
                                                      0.000     0.000 r  
    F14                                               0.000     0.000 r  CLOCK_100 (IN)
                         net (fo=0)                   0.000     0.000    clk_wiz/inst/clk_in1
    F14                  IBUF (Prop_ibuf_I_O)         1.458     1.458 r  clk_wiz/inst/clkin1_ibufg/O
                         net (fo=1, routed)           1.233     2.692    clk_wiz/inst/clk_in1_clk_wiz_0
    MMCME2_ADV_X0Y1      MMCME2_ADV (Prop_mmcme2_adv_CLKIN1_CLKOUT1)
                                                     -6.950    -4.259 r  clk_wiz/inst/mmcm_adv_inst/CLKOUT1
                         net (fo=1, routed)           1.666    -2.592    clk_wiz/inst/clk_out2_clk_wiz_0
    BUFGCTRL_X0Y17       BUFG (Prop_bufg_I_O)         0.096    -2.496 r  clk_wiz/inst/clkout2_buf/O
                         net (fo=8, routed)           1.665    -0.832    vga_to_hdmi/u_hdmiTx/serClock/serClk
    OLOGIC_X0Y24         OSERDESE2                                    r  vga_to_hdmi/u_hdmiTx/serClock/master/CLK
  -------------------------------------------------------------------    -------------------
    OLOGIC_X0Y24         OSERDESE2 (Prop_oserdese2_CLK_OQ)
                                                      0.472    -0.360 r  vga_to_hdmi/u_hdmiTx/serClock/master/OQ
                         net (fo=1, routed)           0.001    -0.359    vga_to_hdmi/u_hdmiTx/serClock/serOut
    R14                  OBUFDS (Prop_obufds_I_OB)    1.826     1.467 r  vga_to_hdmi/u_hdmiTx/serClock/obuf/OB
                         net (fo=0)                   0.000     1.467    hdmi_clk_n
    T14                                                               r  hdmi_clk_n (OUT)
  -------------------------------------------------------------------    -------------------

Slack:                    inf
  Source:                 vga_to_hdmi/u_hdmiTx/serClock/master/CLK
                            (rising edge-triggered cell OSERDESE2 clocked by clk_out2_clk_wiz_0  {rise@0.000ns fall@2.500ns period=5.000ns})
  Destination:            hdmi_clk_p
                            (output port)
  Path Group:             (none)
  Path Type:              Max at Slow Process Corner
  Data Path Delay:        2.298ns  (logic 2.297ns (99.956%)  route 0.001ns (0.044%))
  Logic Levels:           1  (OBUFDS=1)
  Clock Uncertainty:      0.161ns  ((TSJ^2 + DJ^2)^1/2) / 2 + PE
    Total System Jitter     (TSJ):    0.050ns
    Discrete Jitter          (DJ):    0.115ns
    Phase Error              (PE):    0.099ns

    Location             Delay type                Incr(ns)  Path(ns)    Netlist Resource(s)
  -------------------------------------------------------------------    -------------------
                         (clock clk_out2_clk_wiz_0 rise edge)
                                                      0.000     0.000 r  
    F14                                               0.000     0.000 r  CLOCK_100 (IN)
                         net (fo=0)                   0.000     0.000    clk_wiz/inst/clk_in1
    F14                  IBUF (Prop_ibuf_I_O)         1.458     1.458 r  clk_wiz/inst/clkin1_ibufg/O
                         net (fo=1, routed)           1.233     2.692    clk_wiz/inst/clk_in1_clk_wiz_0
    MMCME2_ADV_X0Y1      MMCME2_ADV (Prop_mmcme2_adv_CLKIN1_CLKOUT1)
                                                     -6.950    -4.259 r  clk_wiz/inst/mmcm_adv_inst/CLKOUT1
                         net (fo=1, routed)           1.666    -2.592    clk_wiz/inst/clk_out2_clk_wiz_0
    BUFGCTRL_X0Y17       BUFG (Prop_bufg_I_O)         0.096    -2.496 r  clk_wiz/inst/clkout2_buf/O
                         net (fo=8, routed)           1.665    -0.832    vga_to_hdmi/u_hdmiTx/serClock/serClk
    OLOGIC_X0Y24         OSERDESE2                                    r  vga_to_hdmi/u_hdmiTx/serClock/master/CLK
  -------------------------------------------------------------------    -------------------
    OLOGIC_X0Y24         OSERDESE2 (Prop_oserdese2_CLK_OQ)
                                                      0.472    -0.360 r  vga_to_hdmi/u_hdmiTx/serClock/master/OQ
                         net (fo=1, routed)           0.001    -0.359    vga_to_hdmi/u_hdmiTx/serClock/serOut
    R14                  OBUFDS (Prop_obufds_I_O)     1.825     1.466 r  vga_to_hdmi/u_hdmiTx/serClock/obuf/O
                         net (fo=0)                   0.000     1.466    hdmi_clk_p
    R14                                                               r  hdmi_clk_p (OUT)
  -------------------------------------------------------------------    -------------------

Slack:                    inf
  Source:                 vga_to_hdmi/u_hdmiTx/serRed/master/CLK
                            (rising edge-triggered cell OSERDESE2 clocked by clk_out2_clk_wiz_0  {rise@0.000ns fall@2.500ns period=5.000ns})
  Destination:            hdmi_tx_n[2]
                            (output port)
  Path Group:             (none)
  Path Type:              Max at Slow Process Corner
  Data Path Delay:        2.297ns  (logic 2.296ns (99.956%)  route 0.001ns (0.044%))
  Logic Levels:           1  (OBUFDS=1)
  Clock Uncertainty:      0.161ns  ((TSJ^2 + DJ^2)^1/2) / 2 + PE
    Total System Jitter     (TSJ):    0.050ns
    Discrete Jitter          (DJ):    0.115ns
    Phase Error              (PE):    0.099ns

    Location             Delay type                Incr(ns)  Path(ns)    Netlist Resource(s)
  -------------------------------------------------------------------    -------------------
                         (clock clk_out2_clk_wiz_0 rise edge)
                                                      0.000     0.000 r  
    F14                                               0.000     0.000 r  CLOCK_100 (IN)
                         net (fo=0)                   0.000     0.000    clk_wiz/inst/clk_in1
    F14                  IBUF (Prop_ibuf_I_O)         1.458     1.458 r  clk_wiz/inst/clkin1_ibufg/O
                         net (fo=1, routed)           1.233     2.692    clk_wiz/inst/clk_in1_clk_wiz_0
    MMCME2_ADV_X0Y1      MMCME2_ADV (Prop_mmcme2_adv_CLKIN1_CLKOUT1)
                                                     -6.950    -4.259 r  clk_wiz/inst/mmcm_adv_inst/CLKOUT1
                         net (fo=1, routed)           1.666    -2.592    clk_wiz/inst/clk_out2_clk_wiz_0
    BUFGCTRL_X0Y17       BUFG (Prop_bufg_I_O)         0.096    -2.496 r  clk_wiz/inst/clkout2_buf/O
                         net (fo=8, routed)           1.665    -0.832    vga_to_hdmi/u_hdmiTx/serRed/serClk
    OLOGIC_X0Y26         OSERDESE2                                    r  vga_to_hdmi/u_hdmiTx/serRed/master/CLK
  -------------------------------------------------------------------    -------------------
    OLOGIC_X0Y26         OSERDESE2 (Prop_oserdese2_CLK_OQ)
                                                      0.472    -0.360 r  vga_to_hdmi/u_hdmiTx/serRed/master/OQ
                         net (fo=1, routed)           0.001    -0.359    vga_to_hdmi/u_hdmiTx/serRed/serOut
    N15                  OBUFDS (Prop_obufds_I_OB)    1.824     1.465 r  vga_to_hdmi/u_hdmiTx/serRed/obuf/OB
                         net (fo=0)                   0.000     1.465    hdmi_tx_n[2]
    P16                                                               r  hdmi_tx_n[2] (OUT)
  -------------------------------------------------------------------    -------------------

Slack:                    inf
  Source:                 vga_to_hdmi/u_hdmiTx/serRed/master/CLK
                            (rising edge-triggered cell OSERDESE2 clocked by clk_out2_clk_wiz_0  {rise@0.000ns fall@2.500ns period=5.000ns})
  Destination:            hdmi_tx_p[2]
                            (output port)
  Path Group:             (none)
  Path Type:              Max at Slow Process Corner
  Data Path Delay:        2.296ns  (logic 2.295ns (99.956%)  route 0.001ns (0.044%))
  Logic Levels:           1  (OBUFDS=1)
  Clock Uncertainty:      0.161ns  ((TSJ^2 + DJ^2)^1/2) / 2 + PE
    Total System Jitter     (TSJ):    0.050ns
    Discrete Jitter          (DJ):    0.115ns
    Phase Error              (PE):    0.099ns

    Location             Delay type                Incr(ns)  Path(ns)    Netlist Resource(s)
  -------------------------------------------------------------------    -------------------
                         (clock clk_out2_clk_wiz_0 rise edge)
                                                      0.000     0.000 r  
    F14                                               0.000     0.000 r  CLOCK_100 (IN)
                         net (fo=0)                   0.000     0.000    clk_wiz/inst/clk_in1
    F14                  IBUF (Prop_ibuf_I_O)         1.458     1.458 r  clk_wiz/inst/clkin1_ibufg/O
                         net (fo=1, routed)           1.233     2.692    clk_wiz/inst/clk_in1_clk_wiz_0
    MMCME2_ADV_X0Y1      MMCME2_ADV (Prop_mmcme2_adv_CLKIN1_CLKOUT1)
                                                     -6.950    -4.259 r  clk_wiz/inst/mmcm_adv_inst/CLKOUT1
                         net (fo=1, routed)           1.666    -2.592    clk_wiz/inst/clk_out2_clk_wiz_0
    BUFGCTRL_X0Y17       BUFG (Prop_bufg_I_O)         0.096    -2.496 r  clk_wiz/inst/clkout2_buf/O
                         net (fo=8, routed)           1.665    -0.832    vga_to_hdmi/u_hdmiTx/serRed/serClk
    OLOGIC_X0Y26         OSERDESE2                                    r  vga_to_hdmi/u_hdmiTx/serRed/master/CLK
  -------------------------------------------------------------------    -------------------
    OLOGIC_X0Y26         OSERDESE2 (Prop_oserdese2_CLK_OQ)
                                                      0.472    -0.360 r  vga_to_hdmi/u_hdmiTx/serRed/master/OQ
                         net (fo=1, routed)           0.001    -0.359    vga_to_hdmi/u_hdmiTx/serRed/serOut
    N15                  OBUFDS (Prop_obufds_I_O)     1.823     1.464 r  vga_to_hdmi/u_hdmiTx/serRed/obuf/O
                         net (fo=0)                   0.000     1.464    hdmi_tx_p[2]
    N15                                                               r  hdmi_tx_p[2] (OUT)
  -------------------------------------------------------------------    -------------------





Min Delay Paths
--------------------------------------------------------------------------------------
Slack:                    inf
  Source:                 vga_to_hdmi/u_hdmiTx/serRed/master/CLK
                            (rising edge-triggered cell OSERDESE2 clocked by clk_out2_clk_wiz_0  {rise@0.000ns fall@2.500ns period=5.000ns})
  Destination:            hdmi_tx_p[2]
                            (output port)
  Path Group:             (none)
  Path Type:              Min at Fast Process Corner
  Data Path Delay:        0.950ns  (logic 0.949ns (99.895%)  route 0.001ns (0.105%))
  Logic Levels:           1  (OBUFDS=1)
  Clock Uncertainty:      0.161ns  ((TSJ^2 + DJ^2)^1/2) / 2 + PE
    Total System Jitter     (TSJ):    0.050ns
    Discrete Jitter          (DJ):    0.115ns
    Phase Error              (PE):    0.099ns

    Location             Delay type                Incr(ns)  Path(ns)    Netlist Resource(s)
  -------------------------------------------------------------------    -------------------
                         (clock clk_out2_clk_wiz_0 rise edge)
                                                      0.000     0.000 r  
    F14                                               0.000     0.000 r  CLOCK_100 (IN)
                         net (fo=0)                   0.000     0.000    clk_wiz/inst/clk_in1
    F14                  IBUF (Prop_ibuf_I_O)         0.226     0.226 r  clk_wiz/inst/clkin1_ibufg/O
                         net (fo=1, routed)           0.440     0.667    clk_wiz/inst/clk_in1_clk_wiz_0
    MMCME2_ADV_X0Y1      MMCME2_ADV (Prop_mmcme2_adv_CLKIN1_CLKOUT1)
                                                     -2.359    -1.692 r  clk_wiz/inst/mmcm_adv_inst/CLKOUT1
                         net (fo=1, routed)           0.489    -1.203    clk_wiz/inst/clk_out2_clk_wiz_0
    BUFGCTRL_X0Y17       BUFG (Prop_bufg_I_O)         0.026    -1.177 r  clk_wiz/inst/clkout2_buf/O
                         net (fo=8, routed)           0.582    -0.595    vga_to_hdmi/u_hdmiTx/serRed/serClk
    OLOGIC_X0Y26         OSERDESE2                                    r  vga_to_hdmi/u_hdmiTx/serRed/master/CLK
  -------------------------------------------------------------------    -------------------
    OLOGIC_X0Y26         OSERDESE2 (Prop_oserdese2_CLK_OQ)
                                                      0.177    -0.418 r  vga_to_hdmi/u_hdmiTx/serRed/master/OQ
                         net (fo=1, routed)           0.001    -0.417    vga_to_hdmi/u_hdmiTx/serRed/serOut
    N15                  OBUFDS (Prop_obufds_I_O)     0.772     0.355 r  vga_to_hdmi/u_hdmiTx/serRed/obuf/O
                         net (fo=0)                   0.000     0.355    hdmi_tx_p[2]
    N15                                                               r  hdmi_tx_p[2] (OUT)
  -------------------------------------------------------------------    -------------------

Slack:                    inf
  Source:                 vga_to_hdmi/u_hdmiTx/serRed/master/CLK
                            (rising edge-triggered cell OSERDESE2 clocked by clk_out2_clk_wiz_0  {rise@0.000ns fall@2.500ns period=5.000ns})
  Destination:            hdmi_tx_n[2]
                            (output port)
  Path Group:             (none)
  Path Type:              Min at Fast Process Corner
  Data Path Delay:        0.951ns  (logic 0.950ns (99.895%)  route 0.001ns (0.105%))
  Logic Levels:           1  (OBUFDS=1)
  Clock Uncertainty:      0.161ns  ((TSJ^2 + DJ^2)^1/2) / 2 + PE
    Total System Jitter     (TSJ):    0.050ns
    Discrete Jitter          (DJ):    0.115ns
    Phase Error              (PE):    0.099ns

    Location             Delay type                Incr(ns)  Path(ns)    Netlist Resource(s)
  -------------------------------------------------------------------    -------------------
                         (clock clk_out2_clk_wiz_0 rise edge)
                                                      0.000     0.000 r  
    F14                                               0.000     0.000 r  CLOCK_100 (IN)
                         net (fo=0)                   0.000     0.000    clk_wiz/inst/clk_in1
    F14                  IBUF (Prop_ibuf_I_O)         0.226     0.226 r  clk_wiz/inst/clkin1_ibufg/O
                         net (fo=1, routed)           0.440     0.667    clk_wiz/inst/clk_in1_clk_wiz_0
    MMCME2_ADV_X0Y1      MMCME2_ADV (Prop_mmcme2_adv_CLKIN1_CLKOUT1)
                                                     -2.359    -1.692 r  clk_wiz/inst/mmcm_adv_inst/CLKOUT1
                         net (fo=1, routed)           0.489    -1.203    clk_wiz/inst/clk_out2_clk_wiz_0
    BUFGCTRL_X0Y17       BUFG (Prop_bufg_I_O)         0.026    -1.177 r  clk_wiz/inst/clkout2_buf/O
                         net (fo=8, routed)           0.582    -0.595    vga_to_hdmi/u_hdmiTx/serRed/serClk
    OLOGIC_X0Y26         OSERDESE2                                    r  vga_to_hdmi/u_hdmiTx/serRed/master/CLK
  -------------------------------------------------------------------    -------------------
    OLOGIC_X0Y26         OSERDESE2 (Prop_oserdese2_CLK_OQ)
                                                      0.177    -0.418 r  vga_to_hdmi/u_hdmiTx/serRed/master/OQ
                         net (fo=1, routed)           0.001    -0.417    vga_to_hdmi/u_hdmiTx/serRed/serOut
    N15                  OBUFDS (Prop_obufds_I_OB)    0.773     0.356 r  vga_to_hdmi/u_hdmiTx/serRed/obuf/OB
                         net (fo=0)                   0.000     0.356    hdmi_tx_n[2]
    P16                                                               r  hdmi_tx_n[2] (OUT)
  -------------------------------------------------------------------    -------------------

Slack:                    inf
  Source:                 vga_to_hdmi/u_hdmiTx/serClock/master/CLK
                            (rising edge-triggered cell OSERDESE2 clocked by clk_out2_clk_wiz_0  {rise@0.000ns fall@2.500ns period=5.000ns})
  Destination:            hdmi_clk_p
                            (output port)
  Path Group:             (none)
  Path Type:              Min at Fast Process Corner
  Data Path Delay:        0.952ns  (logic 0.951ns (99.895%)  route 0.001ns (0.105%))
  Logic Levels:           1  (OBUFDS=1)
  Clock Uncertainty:      0.161ns  ((TSJ^2 + DJ^2)^1/2) / 2 + PE
    Total System Jitter     (TSJ):    0.050ns
    Discrete Jitter          (DJ):    0.115ns
    Phase Error              (PE):    0.099ns

    Location             Delay type                Incr(ns)  Path(ns)    Netlist Resource(s)
  -------------------------------------------------------------------    -------------------
                         (clock clk_out2_clk_wiz_0 rise edge)
                                                      0.000     0.000 r  
    F14                                               0.000     0.000 r  CLOCK_100 (IN)
                         net (fo=0)                   0.000     0.000    clk_wiz/inst/clk_in1
    F14                  IBUF (Prop_ibuf_I_O)         0.226     0.226 r  clk_wiz/inst/clkin1_ibufg/O
                         net (fo=1, routed)           0.440     0.667    clk_wiz/inst/clk_in1_clk_wiz_0
    MMCME2_ADV_X0Y1      MMCME2_ADV (Prop_mmcme2_adv_CLKIN1_CLKOUT1)
                                                     -2.359    -1.692 r  clk_wiz/inst/mmcm_adv_inst/CLKOUT1
                         net (fo=1, routed)           0.489    -1.203    clk_wiz/inst/clk_out2_clk_wiz_0
    BUFGCTRL_X0Y17       BUFG (Prop_bufg_I_O)         0.026    -1.177 r  clk_wiz/inst/clkout2_buf/O
                         net (fo=8, routed)           0.582    -0.595    vga_to_hdmi/u_hdmiTx/serClock/serClk
    OLOGIC_X0Y24         OSERDESE2                                    r  vga_to_hdmi/u_hdmiTx/serClock/master/CLK
  -------------------------------------------------------------------    -------------------
    OLOGIC_X0Y24         OSERDESE2 (Prop_oserdese2_CLK_OQ)
                                                      0.177    -0.418 r  vga_to_hdmi/u_hdmiTx/serClock/master/OQ
                         net (fo=1, routed)           0.001    -0.417    vga_to_hdmi/u_hdmiTx/serClock/serOut
    R14                  OBUFDS (Prop_obufds_I_O)     0.774     0.357 r  vga_to_hdmi/u_hdmiTx/serClock/obuf/O
                         net (fo=0)                   0.000     0.357    hdmi_clk_p
    R14                                                               r  hdmi_clk_p (OUT)
  -------------------------------------------------------------------    -------------------

Slack:                    inf
  Source:                 vga_to_hdmi/u_hdmiTx/serClock/master/CLK
                            (rising edge-triggered cell OSERDESE2 clocked by clk_out2_clk_wiz_0  {rise@0.000ns fall@2.500ns period=5.000ns})
  Destination:            hdmi_clk_n
                            (output port)
  Path Group:             (none)
  Path Type:              Min at Fast Process Corner
  Data Path Delay:        0.953ns  (logic 0.952ns (99.895%)  route 0.001ns (0.105%))
  Logic Levels:           1  (OBUFDS=1)
  Clock Uncertainty:      0.161ns  ((TSJ^2 + DJ^2)^1/2) / 2 + PE
    Total System Jitter     (TSJ):    0.050ns
    Discrete Jitter          (DJ):    0.115ns
    Phase Error              (PE):    0.099ns

    Location             Delay type                Incr(ns)  Path(ns)    Netlist Resource(s)
  -------------------------------------------------------------------    -------------------
                         (clock clk_out2_clk_wiz_0 rise edge)
                                                      0.000     0.000 r  
    F14                                               0.000     0.000 r  CLOCK_100 (IN)
                         net (fo=0)                   0.000     0.000    clk_wiz/inst/clk_in1
    F14                  IBUF (Prop_ibuf_I_O)         0.226     0.226 r  clk_wiz/inst/clkin1_ibufg/O
                         net (fo=1, routed)           0.440     0.667    clk_wiz/inst/clk_in1_clk_wiz_0
    MMCME2_ADV_X0Y1      MMCME2_ADV (Prop_mmcme2_adv_CLKIN1_CLKOUT1)
                                                     -2.359    -1.692 r  clk_wiz/inst/mmcm_adv_inst/CLKOUT1
                         net (fo=1, routed)           0.489    -1.203    clk_wiz/inst/clk_out2_clk_wiz_0
    BUFGCTRL_X0Y17       BUFG (Prop_bufg_I_O)         0.026    -1.177 r  clk_wiz/inst/clkout2_buf/O
                         net (fo=8, routed)           0.582    -0.595    vga_to_hdmi/u_hdmiTx/serClock/serClk
    OLOGIC_X0Y24         OSERDESE2                                    r  vga_to_hdmi/u_hdmiTx/serClock/master/CLK
  -------------------------------------------------------------------    -------------------
    OLOGIC_X0Y24         OSERDESE2 (Prop_oserdese2_CLK_OQ)
                                                      0.177    -0.418 r  vga_to_hdmi/u_hdmiTx/serClock/master/OQ
                         net (fo=1, routed)           0.001    -0.417    vga_to_hdmi/u_hdmiTx/serClock/serOut
    R14                  OBUFDS (Prop_obufds_I_OB)    0.775     0.358 r  vga_to_hdmi/u_hdmiTx/serClock/obuf/OB
                         net (fo=0)                   0.000     0.358    hdmi_clk_n
    T14                                                               r  hdmi_clk_n (OUT)
  -------------------------------------------------------------------    -------------------

Slack:                    inf
  Source:                 vga_to_hdmi/u_hdmiTx/serBlue/master/CLK
                            (rising edge-triggered cell OSERDESE2 clocked by clk_out2_clk_wiz_0  {rise@0.000ns fall@2.500ns period=5.000ns})
  Destination:            hdmi_tx_p[0]
                            (output port)
  Path Group:             (none)
  Path Type:              Min at Fast Process Corner
  Data Path Delay:        0.948ns  (logic 0.947ns (99.895%)  route 0.001ns (0.105%))
  Logic Levels:           1  (OBUFDS=1)
  Clock Uncertainty:      0.161ns  ((TSJ^2 + DJ^2)^1/2) / 2 + PE
    Total System Jitter     (TSJ):    0.050ns
    Discrete Jitter          (DJ):    0.115ns
    Phase Error              (PE):    0.099ns

    Location             Delay type                Incr(ns)  Path(ns)    Netlist Resource(s)
  -------------------------------------------------------------------    -------------------
                         (clock clk_out2_clk_wiz_0 rise edge)
                                                      0.000     0.000 r  
    F14                                               0.000     0.000 r  CLOCK_100 (IN)
                         net (fo=0)                   0.000     0.000    clk_wiz/inst/clk_in1
    F14                  IBUF (Prop_ibuf_I_O)         0.226     0.226 r  clk_wiz/inst/clkin1_ibufg/O
                         net (fo=1, routed)           0.440     0.667    clk_wiz/inst/clk_in1_clk_wiz_0
    MMCME2_ADV_X0Y1      MMCME2_ADV (Prop_mmcme2_adv_CLKIN1_CLKOUT1)
                                                     -2.359    -1.692 r  clk_wiz/inst/mmcm_adv_inst/CLKOUT1
                         net (fo=1, routed)           0.489    -1.203    clk_wiz/inst/clk_out2_clk_wiz_0
    BUFGCTRL_X0Y17       BUFG (Prop_bufg_I_O)         0.026    -1.177 r  clk_wiz/inst/clkout2_buf/O
                         net (fo=8, routed)           0.587    -0.590    vga_to_hdmi/u_hdmiTx/serBlue/serClk
    OLOGIC_X0Y16         OSERDESE2                                    r  vga_to_hdmi/u_hdmiTx/serBlue/master/CLK
  -------------------------------------------------------------------    -------------------
    OLOGIC_X0Y16         OSERDESE2 (Prop_oserdese2_CLK_OQ)
                                                      0.177    -0.413 r  vga_to_hdmi/u_hdmiTx/serBlue/master/OQ
                         net (fo=1, routed)           0.001    -0.412    vga_to_hdmi/u_hdmiTx/serBlue/serOut
    R15                  OBUFDS (Prop_obufds_I_O)     0.770     0.358 r  vga_to_hdmi/u_hdmiTx/serBlue/obuf/O
                         net (fo=0)                   0.000     0.358    hdmi_tx_p[0]
    R15                                                               r  hdmi_tx_p[0] (OUT)
  -------------------------------------------------------------------    -------------------

Slack:                    inf
  Source:                 vga_to_hdmi/u_hdmiTx/serBlue/master/CLK
                            (rising edge-triggered cell OSERDESE2 clocked by clk_out2_clk_wiz_0  {rise@0.000ns fall@2.500ns period=5.000ns})
  Destination:            hdmi_tx_n[0]
                            (output port)
  Path Group:             (none)
  Path Type:              Min at Fast Process Corner
  Data Path Delay:        0.949ns  (logic 0.948ns (99.895%)  route 0.001ns (0.105%))
  Logic Levels:           1  (OBUFDS=1)
  Clock Uncertainty:      0.161ns  ((TSJ^2 + DJ^2)^1/2) / 2 + PE
    Total System Jitter     (TSJ):    0.050ns
    Discrete Jitter          (DJ):    0.115ns
    Phase Error              (PE):    0.099ns

    Location             Delay type                Incr(ns)  Path(ns)    Netlist Resource(s)
  -------------------------------------------------------------------    -------------------
                         (clock clk_out2_clk_wiz_0 rise edge)
                                                      0.000     0.000 r  
    F14                                               0.000     0.000 r  CLOCK_100 (IN)
                         net (fo=0)                   0.000     0.000    clk_wiz/inst/clk_in1
    F14                  IBUF (Prop_ibuf_I_O)         0.226     0.226 r  clk_wiz/inst/clkin1_ibufg/O
                         net (fo=1, routed)           0.440     0.667    clk_wiz/inst/clk_in1_clk_wiz_0
    MMCME2_ADV_X0Y1      MMCME2_ADV (Prop_mmcme2_adv_CLKIN1_CLKOUT1)
                                                     -2.359    -1.692 r  clk_wiz/inst/mmcm_adv_inst/CLKOUT1
                         net (fo=1, routed)           0.489    -1.203    clk_wiz/inst/clk_out2_clk_wiz_0
    BUFGCTRL_X0Y17       BUFG (Prop_bufg_I_O)         0.026    -1.177 r  clk_wiz/inst/clkout2_buf/O
                         net (fo=8, routed)           0.587    -0.590    vga_to_hdmi/u_hdmiTx/serBlue/serClk
    OLOGIC_X0Y16         OSERDESE2                                    r  vga_to_hdmi/u_hdmiTx/serBlue/master/CLK
  -------------------------------------------------------------------    -------------------
    OLOGIC_X0Y16         OSERDESE2 (Prop_oserdese2_CLK_OQ)
                                                      0.177    -0.413 r  vga_to_hdmi/u_hdmiTx/serBlue/master/OQ
                         net (fo=1, routed)           0.001    -0.412    vga_to_hdmi/u_hdmiTx/serBlue/serOut
    R15                  OBUFDS (Prop_obufds_I_OB)    0.771     0.359 r  vga_to_hdmi/u_hdmiTx/serBlue/obuf/OB
                         net (fo=0)                   0.000     0.359    hdmi_tx_n[0]
    T15                                                               r  hdmi_tx_n[0] (OUT)
  -------------------------------------------------------------------    -------------------

Slack:                    inf
  Source:                 vga_to_hdmi/u_hdmiTx/serGreen/master/CLK
                            (rising edge-triggered cell OSERDESE2 clocked by clk_out2_clk_wiz_0  {rise@0.000ns fall@2.500ns period=5.000ns})
  Destination:            hdmi_tx_p[1]
                            (output port)
  Path Group:             (none)
  Path Type:              Min at Fast Process Corner
  Data Path Delay:        0.965ns  (logic 0.964ns (99.896%)  route 0.001ns (0.104%))
  Logic Levels:           1  (OBUFDS=1)
  Clock Uncertainty:      0.161ns  ((TSJ^2 + DJ^2)^1/2) / 2 + PE
    Total System Jitter     (TSJ):    0.050ns
    Discrete Jitter          (DJ):    0.115ns
    Phase Error              (PE):    0.099ns

    Location             Delay type                Incr(ns)  Path(ns)    Netlist Resource(s)
  -------------------------------------------------------------------    -------------------
                         (clock clk_out2_clk_wiz_0 rise edge)
                                                      0.000     0.000 r  
    F14                                               0.000     0.000 r  CLOCK_100 (IN)
                         net (fo=0)                   0.000     0.000    clk_wiz/inst/clk_in1
    F14                  IBUF (Prop_ibuf_I_O)         0.226     0.226 r  clk_wiz/inst/clkin1_ibufg/O
                         net (fo=1, routed)           0.440     0.667    clk_wiz/inst/clk_in1_clk_wiz_0
    MMCME2_ADV_X0Y1      MMCME2_ADV (Prop_mmcme2_adv_CLKIN1_CLKOUT1)
                                                     -2.359    -1.692 r  clk_wiz/inst/mmcm_adv_inst/CLKOUT1
                         net (fo=1, routed)           0.489    -1.203    clk_wiz/inst/clk_out2_clk_wiz_0
    BUFGCTRL_X0Y17       BUFG (Prop_bufg_I_O)         0.026    -1.177 r  clk_wiz/inst/clkout2_buf/O
                         net (fo=8, routed)           0.583    -0.594    vga_to_hdmi/u_hdmiTx/serGreen/serClk
    OLOGIC_X0Y22         OSERDESE2                                    r  vga_to_hdmi/u_hdmiTx/serGreen/master/CLK
  -------------------------------------------------------------------    -------------------
    OLOGIC_X0Y22         OSERDESE2 (Prop_oserdese2_CLK_OQ)
                                                      0.177    -0.417 r  vga_to_hdmi/u_hdmiTx/serGreen/master/OQ
                         net (fo=1, routed)           0.001    -0.416    vga_to_hdmi/u_hdmiTx/serGreen/serOut
    R16                  OBUFDS (Prop_obufds_I_O)     0.787     0.370 r  vga_to_hdmi/u_hdmiTx/serGreen/obuf/O
                         net (fo=0)                   0.000     0.370    hdmi_tx_p[1]
    R16                                                               r  hdmi_tx_p[1] (OUT)
  -------------------------------------------------------------------    -------------------

Slack:                    inf
  Source:                 vga_to_hdmi/u_hdmiTx/serGreen/master/CLK
                            (rising edge-triggered cell OSERDESE2 clocked by clk_out2_clk_wiz_0  {rise@0.000ns fall@2.500ns period=5.000ns})
  Destination:            hdmi_tx_n[1]
                            (output port)
  Path Group:             (none)
  Path Type:              Min at Fast Process Corner
  Data Path Delay:        0.966ns  (logic 0.965ns (99.896%)  route 0.001ns (0.104%))
  Logic Levels:           1  (OBUFDS=1)
  Clock Uncertainty:      0.161ns  ((TSJ^2 + DJ^2)^1/2) / 2 + PE
    Total System Jitter     (TSJ):    0.050ns
    Discrete Jitter          (DJ):    0.115ns
    Phase Error              (PE):    0.099ns

    Location             Delay type                Incr(ns)  Path(ns)    Netlist Resource(s)
  -------------------------------------------------------------------    -------------------
                         (clock clk_out2_clk_wiz_0 rise edge)
                                                      0.000     0.000 r  
    F14                                               0.000     0.000 r  CLOCK_100 (IN)
                         net (fo=0)                   0.000     0.000    clk_wiz/inst/clk_in1
    F14                  IBUF (Prop_ibuf_I_O)         0.226     0.226 r  clk_wiz/inst/clkin1_ibufg/O
                         net (fo=1, routed)           0.440     0.667    clk_wiz/inst/clk_in1_clk_wiz_0
    MMCME2_ADV_X0Y1      MMCME2_ADV (Prop_mmcme2_adv_CLKIN1_CLKOUT1)
                                                     -2.359    -1.692 r  clk_wiz/inst/mmcm_adv_inst/CLKOUT1
                         net (fo=1, routed)           0.489    -1.203    clk_wiz/inst/clk_out2_clk_wiz_0
    BUFGCTRL_X0Y17       BUFG (Prop_bufg_I_O)         0.026    -1.177 r  clk_wiz/inst/clkout2_buf/O
                         net (fo=8, routed)           0.583    -0.594    vga_to_hdmi/u_hdmiTx/serGreen/serClk
    OLOGIC_X0Y22         OSERDESE2                                    r  vga_to_hdmi/u_hdmiTx/serGreen/master/CLK
  -------------------------------------------------------------------    -------------------
    OLOGIC_X0Y22         OSERDESE2 (Prop_oserdese2_CLK_OQ)
                                                      0.177    -0.417 r  vga_to_hdmi/u_hdmiTx/serGreen/master/OQ
                         net (fo=1, routed)           0.001    -0.416    vga_to_hdmi/u_hdmiTx/serGreen/serOut
    R16                  OBUFDS (Prop_obufds_I_OB)    0.788     0.371 r  vga_to_hdmi/u_hdmiTx/serGreen/obuf/OB
                         net (fo=0)                   0.000     0.371    hdmi_tx_n[1]
    R17                                                               r  hdmi_tx_n[1] (OUT)
  -------------------------------------------------------------------    -------------------





--------------------------------------------------------------------------------------
Path Group:  (none)
From Clock:  
  To Clock:  clk_out1_clk_wiz_0

Max Delay           156 Endpoints
Min Delay           156 Endpoints
--------------------------------------------------------------------------------------


Max Delay Paths
--------------------------------------------------------------------------------------
Slack:                    inf
  Source:                 u_gpu/u_core/lane[1].u_cpu/alu_result_comb0__0/ACOUT[16]
                            (internal pin)
  Destination:            u_gpu/u_core/lane[1].u_cpu/alu_result_reg[23]/D
                            (rising edge-triggered cell FDRE clocked by clk_out1_clk_wiz_0  {rise@0.000ns fall@12.500ns period=25.000ns})
  Path Group:             (none)
  Path Type:              Setup (Max at Slow Process Corner)
  Data Path Delay:        10.861ns  (logic 5.526ns (50.877%)  route 5.335ns (49.123%))
  Logic Levels:           8  (CARRY4=2 DSP48E1=1 LUT2=1 LUT3=1 LUT6=3)
  Clock Uncertainty:      0.182ns  ((TSJ^2 + DJ^2)^1/2) / 2 + PE
    Total System Jitter     (TSJ):    0.050ns
    Discrete Jitter          (DJ):    0.159ns
    Phase Error              (PE):    0.099ns

    Location             Delay type                Incr(ns)  Path(ns)    Netlist Resource(s)
  -------------------------------------------------------------------    -------------------
    DSP48_X1Y11          DSP48E1                      0.000     0.000 r  u_gpu/u_core/lane[1].u_cpu/alu_result_comb0__0/ACOUT[16]
                         net (fo=1, routed)           0.002     0.002    u_gpu/u_core/lane[1].u_cpu/alu_result_comb0__0_n_37
    DSP48_X1Y12          DSP48E1 (Prop_dsp48e1_ACIN[16]_P[0])
                                                      3.639     3.641 r  u_gpu/u_core/lane[1].u_cpu/alu_result_comb0__1/P[0]
                         net (fo=2, routed)           0.901     4.542    u_gpu/u_core/lane[1].u_cpu/alu_result_comb0__1_n_105
    SLICE_X54Y26         LUT2 (Prop_lut2_I0_O)        0.124     4.666 r  u_gpu/u_core/lane[1].u_cpu/i___26_i_17/O
                         net (fo=1, routed)           0.000     4.666    u_gpu/u_core/lane[1].u_cpu/i___26_i_17_n_0
    SLICE_X54Y26         CARRY4 (Prop_carry4_S[1]_CO[3])
                                                      0.533     5.199 r  u_gpu/u_core/lane[1].u_cpu/i___26_i_13/CO[3]
                         net (fo=1, routed)           0.000     5.199    u_gpu/u_core/lane[1].u_cpu/i___26_i_13_n_0
    SLICE_X54Y27         CARRY4 (Prop_carry4_CI_O[3])
                                                      0.315     5.514 r  u_gpu/u_core/lane[1].u_cpu/i___29_i_9/O[3]
                         net (fo=1, routed)           0.734     6.248    u_gpu/u_core/u_fetcher/i___32_i_1_0[3]
    SLICE_X56Y27         LUT6 (Prop_lut6_I0_O)        0.307     6.555 f  u_gpu/u_core/u_fetcher/i___32_i_3/O
                         net (fo=1, routed)           1.885     8.440    u_gpu/u_core/u_fetcher/i___32_i_3_n_0
    SLICE_X57Y55         LUT3 (Prop_lut3_I2_O)        0.152     8.592 f  u_gpu/u_core/u_fetcher/i___32_i_1/O
                         net (fo=1, routed)           1.528    10.119    u_gpu/u_core/lane[1].u_cpu/alu_result_reg[23]_0
    SLICE_X59Y27         LUT6 (Prop_lut6_I0_O)        0.332    10.451 f  u_gpu/u_core/lane[1].u_cpu/i___32/O
                         net (fo=1, routed)           0.286    10.737    u_gpu/u_core/u_fetcher/alu_result_reg[23]_7
    SLICE_X61Y27         LUT6 (Prop_lut6_I3_O)        0.124    10.861 r  u_gpu/u_core/u_fetcher/alu_result[23]_i_1__0/O
                         net (fo=1, routed)           0.000    10.861    u_gpu/u_core/lane[1].u_cpu/alu_result_reg[31]_2[23]
    SLICE_X61Y27         FDRE                                         r  u_gpu/u_core/lane[1].u_cpu/alu_result_reg[23]/D
  -------------------------------------------------------------------    -------------------

                         (clock clk_out1_clk_wiz_0 rise edge)
                                                      0.000     0.000 r  
    F14                                               0.000     0.000 r  CLOCK_100 (IN)
                         net (fo=0)                   0.000     0.000    clk_wiz/inst/clk_in1
    F14                  IBUF (Prop_ibuf_I_O)         1.388     1.388 r  clk_wiz/inst/clkin1_ibufg/O
                         net (fo=1, routed)           1.162     2.550    clk_wiz/inst/clk_in1_clk_wiz_0
    MMCME2_ADV_X0Y1      MMCME2_ADV (Prop_mmcme2_adv_CLKIN1_CLKOUT0)
                                                     -7.208    -4.658 r  clk_wiz/inst/mmcm_adv_inst/CLKOUT0
                         net (fo=1, routed)           1.587    -3.071    clk_wiz/inst/clk_out1_clk_wiz_0
    BUFGCTRL_X0Y16       BUFG (Prop_bufg_I_O)         0.091    -2.980 r  clk_wiz/inst/clkout1_buf/O
                         net (fo=11926, routed)       1.507    -1.472    u_gpu/u_core/lane[1].u_cpu/clk_out1
    SLICE_X61Y27         FDRE                                         r  u_gpu/u_core/lane[1].u_cpu/alu_result_reg[23]/C

Slack:                    inf
  Source:                 u_gpu/u_core/lane[2].u_cpu/alu_result_comb0__0/ACOUT[16]
                            (internal pin)
  Destination:            u_gpu/u_core/lane[2].u_cpu/alu_result_reg[18]/D
                            (rising edge-triggered cell FDRE clocked by clk_out1_clk_wiz_0  {rise@0.000ns fall@12.500ns period=25.000ns})
  Path Group:             (none)
  Path Type:              Setup (Max at Slow Process Corner)
  Data Path Delay:        9.700ns  (logic 5.250ns (54.124%)  route 4.450ns (45.876%))
  Logic Levels:           7  (CARRY4=1 DSP48E1=1 LUT2=1 LUT3=1 LUT6=3)
  Clock Uncertainty:      0.182ns  ((TSJ^2 + DJ^2)^1/2) / 2 + PE
    Total System Jitter     (TSJ):    0.050ns
    Discrete Jitter          (DJ):    0.159ns
    Phase Error              (PE):    0.099ns

    Location             Delay type                Incr(ns)  Path(ns)    Netlist Resource(s)
  -------------------------------------------------------------------    -------------------
    DSP48_X1Y15          DSP48E1                      0.000     0.000 r  u_gpu/u_core/lane[2].u_cpu/alu_result_comb0__0/ACOUT[16]
                         net (fo=1, routed)           0.002     0.002    u_gpu/u_core/lane[2].u_cpu/alu_result_comb0__0_n_37
    DSP48_X1Y16          DSP48E1 (Prop_dsp48e1_ACIN[16]_P[0])
                                                      3.639     3.641 r  u_gpu/u_core/lane[2].u_cpu/alu_result_comb0__1/P[0]
                         net (fo=2, routed)           0.910     4.551    u_gpu/u_core/lane[2].u_cpu/alu_result_comb0__1_n_105
    SLICE_X55Y40         LUT2 (Prop_lut2_I0_O)        0.124     4.675 r  u_gpu/u_core/lane[2].u_cpu/i___23_i_21/O
                         net (fo=1, routed)           0.000     4.675    u_gpu/u_core/lane[2].u_cpu/i___23_i_21_n_0
    SLICE_X55Y40         CARRY4 (Prop_carry4_S[1]_O[2])
                                                      0.580     5.255 r  u_gpu/u_core/lane[2].u_cpu/i___23_i_14/O[2]
                         net (fo=1, routed)           0.438     5.693    u_gpu/u_core/u_fetcher/i___37_i_1__1_1[2]
    SLICE_X53Y40         LUT6 (Prop_lut6_I3_O)        0.302     5.995 f  u_gpu/u_core/u_fetcher/i___25_i_3__0/O
                         net (fo=1, routed)           1.695     7.689    u_gpu/u_core/u_fetcher/i___25_i_3__0_n_0
    SLICE_X58Y57         LUT3 (Prop_lut3_I2_O)        0.149     7.838 f  u_gpu/u_core/u_fetcher/i___25_i_1__1/O
                         net (fo=1, routed)           0.819     8.658    u_gpu/u_core/lane[2].u_cpu/alu_result_reg[18]_0
    SLICE_X61Y47         LUT6 (Prop_lut6_I0_O)        0.332     8.990 f  u_gpu/u_core/lane[2].u_cpu/i___25/O
                         net (fo=1, routed)           0.586     9.576    u_gpu/u_core/u_fetcher/alu_result_reg[18]_6
    SLICE_X61Y43         LUT6 (Prop_lut6_I2_O)        0.124     9.700 r  u_gpu/u_core/u_fetcher/alu_result[18]_i_1__1/O
                         net (fo=1, routed)           0.000     9.700    u_gpu/u_core/lane[2].u_cpu/alu_result_reg[31]_4[18]
    SLICE_X61Y43         FDRE                                         r  u_gpu/u_core/lane[2].u_cpu/alu_result_reg[18]/D
  -------------------------------------------------------------------    -------------------

                         (clock clk_out1_clk_wiz_0 rise edge)
                                                      0.000     0.000 r  
    F14                                               0.000     0.000 r  CLOCK_100 (IN)
                         net (fo=0)                   0.000     0.000    clk_wiz/inst/clk_in1
    F14                  IBUF (Prop_ibuf_I_O)         1.388     1.388 r  clk_wiz/inst/clkin1_ibufg/O
                         net (fo=1, routed)           1.162     2.550    clk_wiz/inst/clk_in1_clk_wiz_0
    MMCME2_ADV_X0Y1      MMCME2_ADV (Prop_mmcme2_adv_CLKIN1_CLKOUT0)
                                                     -7.208    -4.658 r  clk_wiz/inst/mmcm_adv_inst/CLKOUT0
                         net (fo=1, routed)           1.587    -3.071    clk_wiz/inst/clk_out1_clk_wiz_0
    BUFGCTRL_X0Y16       BUFG (Prop_bufg_I_O)         0.091    -2.980 r  clk_wiz/inst/clkout1_buf/O
                         net (fo=11926, routed)       1.521    -1.458    u_gpu/u_core/lane[2].u_cpu/clk_out1
    SLICE_X61Y43         FDRE                                         r  u_gpu/u_core/lane[2].u_cpu/alu_result_reg[18]/C

Slack:                    inf
  Source:                 u_gpu/u_core/lane[6].u_cpu/alu_result_comb0__0/ACOUT[16]
                            (internal pin)
  Destination:            u_gpu/u_core/lane[6].u_cpu/alu_result_reg[31]/D
                            (rising edge-triggered cell FDRE clocked by clk_out1_clk_wiz_0  {rise@0.000ns fall@12.500ns period=25.000ns})
  Path Group:             (none)
  Path Type:              Setup (Max at Slow Process Corner)
  Data Path Delay:        9.695ns  (logic 5.752ns (59.328%)  route 3.943ns (40.672%))
  Logic Levels:           10  (CARRY4=4 DSP48E1=1 LUT2=1 LUT3=1 LUT5=2 LUT6=1)
  Clock Uncertainty:      0.182ns  ((TSJ^2 + DJ^2)^1/2) / 2 + PE
    Total System Jitter     (TSJ):    0.050ns
    Discrete Jitter          (DJ):    0.159ns
    Phase Error              (PE):    0.099ns

    Location             Delay type                Incr(ns)  Path(ns)    Netlist Resource(s)
  -------------------------------------------------------------------    -------------------
    DSP48_X0Y21          DSP48E1                      0.000     0.000 r  u_gpu/u_core/lane[6].u_cpu/alu_result_comb0__0/ACOUT[16]
                         net (fo=1, routed)           0.002     0.002    u_gpu/u_core/lane[6].u_cpu/alu_result_comb0__0_n_37
    DSP48_X0Y22          DSP48E1 (Prop_dsp48e1_ACIN[16]_P[0])
                                                      3.639     3.641 r  u_gpu/u_core/lane[6].u_cpu/alu_result_comb0__1/P[0]
                         net (fo=2, routed)           1.139     4.780    u_gpu/u_core/lane[6].u_cpu/alu_result_comb0__1_n_105
    SLICE_X10Y51         LUT2 (Prop_lut2_I0_O)        0.124     4.904 r  u_gpu/u_core/lane[6].u_cpu/i___16_i_21/O
                         net (fo=1, routed)           0.000     4.904    u_gpu/u_core/lane[6].u_cpu/i___16_i_21_n_0
    SLICE_X10Y51         CARRY4 (Prop_carry4_S[1]_CO[3])
                                                      0.533     5.437 r  u_gpu/u_core/lane[6].u_cpu/i___16_i_17/CO[3]
                         net (fo=1, routed)           0.000     5.437    u_gpu/u_core/lane[6].u_cpu/i___16_i_17_n_0
    SLICE_X10Y52         CARRY4 (Prop_carry4_CI_CO[3])
                                                      0.117     5.554 r  u_gpu/u_core/lane[6].u_cpu/i___15_i_17/CO[3]
                         net (fo=1, routed)           0.000     5.554    u_gpu/u_core/lane[6].u_cpu/i___15_i_17_n_0
    SLICE_X10Y53         CARRY4 (Prop_carry4_CI_CO[3])
                                                      0.117     5.671 r  u_gpu/u_core/lane[6].u_cpu/i___14_i_18/CO[3]
                         net (fo=1, routed)           0.000     5.671    u_gpu/u_core/lane[6].u_cpu/i___14_i_18_n_0
    SLICE_X10Y54         CARRY4 (Prop_carry4_CI_O[3])
                                                      0.315     5.986 r  u_gpu/u_core/lane[6].u_cpu/i___12_i_21/O[3]
                         net (fo=1, routed)           0.744     6.731    u_gpu/u_core/u_fetcher/alu_result[31]_i_7__2_0[3]
    SLICE_X7Y58          LUT5 (Prop_lut5_I0_O)        0.307     7.038 r  u_gpu/u_core/u_fetcher/alu_result[31]_i_15__2/O
                         net (fo=1, routed)           0.852     7.889    u_gpu/u_core/u_fetcher/alu_result[31]_i_15__2_n_0
    SLICE_X6Y60          LUT3 (Prop_lut3_I2_O)        0.148     8.037 f  u_gpu/u_core/u_fetcher/alu_result[31]_i_7__2/O
                         net (fo=1, routed)           0.436     8.473    u_gpu/u_core/u_fetcher/alu_result[31]_i_7__2_n_0
    SLICE_X4Y58          LUT6 (Prop_lut6_I3_O)        0.328     8.801 r  u_gpu/u_core/u_fetcher/alu_result[31]_i_4__3/O
                         net (fo=1, routed)           0.770     9.571    u_gpu/u_core/u_fetcher/alu_result[31]_i_4__3_n_0
    SLICE_X13Y55         LUT5 (Prop_lut5_I4_O)        0.124     9.695 r  u_gpu/u_core/u_fetcher/alu_result[31]_i_1__5/O
                         net (fo=1, routed)           0.000     9.695    u_gpu/u_core/lane[6].u_cpu/alu_result_reg[31]_2[31]
    SLICE_X13Y55         FDRE                                         r  u_gpu/u_core/lane[6].u_cpu/alu_result_reg[31]/D
  -------------------------------------------------------------------    -------------------

                         (clock clk_out1_clk_wiz_0 rise edge)
                                                      0.000     0.000 r  
    F14                                               0.000     0.000 r  CLOCK_100 (IN)
                         net (fo=0)                   0.000     0.000    clk_wiz/inst/clk_in1
    F14                  IBUF (Prop_ibuf_I_O)         1.388     1.388 r  clk_wiz/inst/clkin1_ibufg/O
                         net (fo=1, routed)           1.162     2.550    clk_wiz/inst/clk_in1_clk_wiz_0
    MMCME2_ADV_X0Y1      MMCME2_ADV (Prop_mmcme2_adv_CLKIN1_CLKOUT0)
                                                     -7.208    -4.658 r  clk_wiz/inst/mmcm_adv_inst/CLKOUT0
                         net (fo=1, routed)           1.587    -3.071    clk_wiz/inst/clk_out1_clk_wiz_0
    BUFGCTRL_X0Y16       BUFG (Prop_bufg_I_O)         0.091    -2.980 r  clk_wiz/inst/clkout1_buf/O
                         net (fo=11926, routed)       1.437    -1.543    u_gpu/u_core/lane[6].u_cpu/clk_out1
    SLICE_X13Y55         FDRE                                         r  u_gpu/u_core/lane[6].u_cpu/alu_result_reg[31]/C

Slack:                    inf
  Source:                 u_gpu/u_core/lane[7].u_cpu/alu_result_comb0__0/ACOUT[16]
                            (internal pin)
  Destination:            u_gpu/u_core/lane[7].u_cpu/alu_result_reg[22]/D
                            (rising edge-triggered cell FDRE clocked by clk_out1_clk_wiz_0  {rise@0.000ns fall@12.500ns period=25.000ns})
  Path Group:             (none)
  Path Type:              Setup (Max at Slow Process Corner)
  Data Path Delay:        9.629ns  (logic 5.302ns (55.065%)  route 4.327ns (44.935%))
  Logic Levels:           8  (CARRY4=2 DSP48E1=1 LUT2=1 LUT3=1 LUT6=3)
  Clock Uncertainty:      0.182ns  ((TSJ^2 + DJ^2)^1/2) / 2 + PE
    Total System Jitter     (TSJ):    0.050ns
    Discrete Jitter          (DJ):    0.159ns
    Phase Error              (PE):    0.099ns

    Location             Delay type                Incr(ns)  Path(ns)    Netlist Resource(s)
  -------------------------------------------------------------------    -------------------
    DSP48_X1Y8           DSP48E1                      0.000     0.000 r  u_gpu/u_core/lane[7].u_cpu/alu_result_comb0__0/ACOUT[16]
                         net (fo=1, routed)           0.002     0.002    u_gpu/u_core/lane[7].u_cpu/alu_result_comb0__0_n_37
    DSP48_X1Y9           DSP48E1 (Prop_dsp48e1_ACIN[16]_P[1])
                                                      3.639     3.641 r  u_gpu/u_core/lane[7].u_cpu/alu_result_comb0__1/P[1]
                         net (fo=2, routed)           0.933     4.574    u_gpu/u_core/lane[7].u_cpu/alu_result_comb0__1_n_104
    SLICE_X53Y21         LUT2 (Prop_lut2_I0_O)        0.124     4.698 r  u_gpu/u_core/lane[7].u_cpu/i___27_i_18/O
                         net (fo=1, routed)           0.000     4.698    u_gpu/u_core/lane[7].u_cpu/i___27_i_18_n_0
    SLICE_X53Y21         CARRY4 (Prop_carry4_S[2]_CO[3])
                                                      0.398     5.096 r  u_gpu/u_core/lane[7].u_cpu/i___27_i_15/CO[3]
                         net (fo=1, routed)           0.000     5.096    u_gpu/u_core/lane[7].u_cpu/i___27_i_15_n_0
    SLICE_X53Y22         CARRY4 (Prop_carry4_CI_O[2])
                                                      0.239     5.335 r  u_gpu/u_core/lane[7].u_cpu/i___30_i_14/O[2]
                         net (fo=1, routed)           0.565     5.900    u_gpu/u_core/u_fetcher/i___32_i_1__4_0[2]
    SLICE_X49Y21         LUT6 (Prop_lut6_I0_O)        0.302     6.202 f  u_gpu/u_core/u_fetcher/i___31_i_4__0/O
                         net (fo=1, routed)           1.391     7.593    u_gpu/u_core/u_fetcher/i___31_i_4__0_n_0
    SLICE_X49Y42         LUT3 (Prop_lut3_I2_O)        0.150     7.743 f  u_gpu/u_core/u_fetcher/i___31_i_1__5/O
                         net (fo=1, routed)           1.021     8.765    u_gpu/u_core/lane[7].u_cpu/alu_result_reg[22]_0
    SLICE_X44Y27         LUT6 (Prop_lut6_I0_O)        0.326     9.091 f  u_gpu/u_core/lane[7].u_cpu/i___31/O
                         net (fo=1, routed)           0.414     9.505    u_gpu/u_core/u_fetcher/alu_result_reg[22]_21
    SLICE_X43Y27         LUT6 (Prop_lut6_I2_O)        0.124     9.629 r  u_gpu/u_core/u_fetcher/alu_result[22]_i_1__6/O
                         net (fo=1, routed)           0.000     9.629    u_gpu/u_core/lane[7].u_cpu/alu_result_reg[31]_4[22]
    SLICE_X43Y27         FDRE                                         r  u_gpu/u_core/lane[7].u_cpu/alu_result_reg[22]/D
  -------------------------------------------------------------------    -------------------

                         (clock clk_out1_clk_wiz_0 rise edge)
                                                      0.000     0.000 r  
    F14                                               0.000     0.000 r  CLOCK_100 (IN)
                         net (fo=0)                   0.000     0.000    clk_wiz/inst/clk_in1
    F14                  IBUF (Prop_ibuf_I_O)         1.388     1.388 r  clk_wiz/inst/clkin1_ibufg/O
                         net (fo=1, routed)           1.162     2.550    clk_wiz/inst/clk_in1_clk_wiz_0
    MMCME2_ADV_X0Y1      MMCME2_ADV (Prop_mmcme2_adv_CLKIN1_CLKOUT0)
                                                     -7.208    -4.658 r  clk_wiz/inst/mmcm_adv_inst/CLKOUT0
                         net (fo=1, routed)           1.587    -3.071    clk_wiz/inst/clk_out1_clk_wiz_0
    BUFGCTRL_X0Y16       BUFG (Prop_bufg_I_O)         0.091    -2.980 r  clk_wiz/inst/clkout1_buf/O
                         net (fo=11926, routed)       1.436    -1.543    u_gpu/u_core/lane[7].u_cpu/clk_out1
    SLICE_X43Y27         FDRE                                         r  u_gpu/u_core/lane[7].u_cpu/alu_result_reg[22]/C

Slack:                    inf
  Source:                 u_gpu/u_core/lane[2].u_cpu/alu_result_comb0__0/ACOUT[16]
                            (internal pin)
  Destination:            u_gpu/u_core/lane[2].u_cpu/alu_result_reg[23]/D
                            (rising edge-triggered cell FDRE clocked by clk_out1_clk_wiz_0  {rise@0.000ns fall@12.500ns period=25.000ns})
  Path Group:             (none)
  Path Type:              Setup (Max at Slow Process Corner)
  Data Path Delay:        9.601ns  (logic 5.532ns (57.620%)  route 4.069ns (42.380%))
  Logic Levels:           8  (CARRY4=2 DSP48E1=1 LUT2=1 LUT3=1 LUT6=3)
  Clock Uncertainty:      0.182ns  ((TSJ^2 + DJ^2)^1/2) / 2 + PE
    Total System Jitter     (TSJ):    0.050ns
    Discrete Jitter          (DJ):    0.159ns
    Phase Error              (PE):    0.099ns

    Location             Delay type                Incr(ns)  Path(ns)    Netlist Resource(s)
  -------------------------------------------------------------------    -------------------
    DSP48_X1Y15          DSP48E1                      0.000     0.000 r  u_gpu/u_core/lane[2].u_cpu/alu_result_comb0__0/ACOUT[16]
                         net (fo=1, routed)           0.002     0.002    u_gpu/u_core/lane[2].u_cpu/alu_result_comb0__0_n_37
    DSP48_X1Y16          DSP48E1 (Prop_dsp48e1_ACIN[16]_P[0])
                                                      3.639     3.641 r  u_gpu/u_core/lane[2].u_cpu/alu_result_comb0__1/P[0]
                         net (fo=2, routed)           0.910     4.551    u_gpu/u_core/lane[2].u_cpu/alu_result_comb0__1_n_105
    SLICE_X55Y40         LUT2 (Prop_lut2_I0_O)        0.124     4.675 r  u_gpu/u_core/lane[2].u_cpu/i___23_i_21/O
                         net (fo=1, routed)           0.000     4.675    u_gpu/u_core/lane[2].u_cpu/i___23_i_21_n_0
    SLICE_X55Y40         CARRY4 (Prop_carry4_S[1]_CO[3])
                                                      0.550     5.225 r  u_gpu/u_core/lane[2].u_cpu/i___23_i_14/CO[3]
                         net (fo=1, routed)           0.000     5.225    u_gpu/u_core/lane[2].u_cpu/i___23_i_14_n_0
    SLICE_X55Y41         CARRY4 (Prop_carry4_CI_O[3])
                                                      0.313     5.538 r  u_gpu/u_core/lane[2].u_cpu/i___26_i_8/O[3]
                         net (fo=1, routed)           0.462     6.000    u_gpu/u_core/u_fetcher/i___29_i_1__0_1[3]
    SLICE_X53Y42         LUT6 (Prop_lut6_I3_O)        0.306     6.306 f  u_gpu/u_core/u_fetcher/i___29_i_3__0/O
                         net (fo=1, routed)           1.550     7.857    u_gpu/u_core/u_fetcher/i___29_i_3__0_n_0
    SLICE_X60Y62         LUT3 (Prop_lut3_I2_O)        0.148     8.005 f  u_gpu/u_core/u_fetcher/i___29_i_1__0/O
                         net (fo=1, routed)           0.707     8.712    u_gpu/u_core/lane[2].u_cpu/alu_result_reg[23]_0
    SLICE_X61Y48         LUT6 (Prop_lut6_I0_O)        0.328     9.040 f  u_gpu/u_core/lane[2].u_cpu/i___29/O
                         net (fo=1, routed)           0.437     9.477    u_gpu/u_core/u_fetcher/alu_result_reg[23]_11
    SLICE_X59Y47         LUT6 (Prop_lut6_I3_O)        0.124     9.601 r  u_gpu/u_core/u_fetcher/alu_result[23]_i_1__1/O
                         net (fo=1, routed)           0.000     9.601    u_gpu/u_core/lane[2].u_cpu/alu_result_reg[31]_4[23]
    SLICE_X59Y47         FDRE                                         r  u_gpu/u_core/lane[2].u_cpu/alu_result_reg[23]/D
  -------------------------------------------------------------------    -------------------

                         (clock clk_out1_clk_wiz_0 rise edge)
                                                      0.000     0.000 r  
    F14                                               0.000     0.000 r  CLOCK_100 (IN)
                         net (fo=0)                   0.000     0.000    clk_wiz/inst/clk_in1
    F14                  IBUF (Prop_ibuf_I_O)         1.388     1.388 r  clk_wiz/inst/clkin1_ibufg/O
                         net (fo=1, routed)           1.162     2.550    clk_wiz/inst/clk_in1_clk_wiz_0
    MMCME2_ADV_X0Y1      MMCME2_ADV (Prop_mmcme2_adv_CLKIN1_CLKOUT0)
                                                     -7.208    -4.658 r  clk_wiz/inst/mmcm_adv_inst/CLKOUT0
                         net (fo=1, routed)           1.587    -3.071    clk_wiz/inst/clk_out1_clk_wiz_0
    BUFGCTRL_X0Y16       BUFG (Prop_bufg_I_O)         0.091    -2.980 r  clk_wiz/inst/clkout1_buf/O
                         net (fo=11926, routed)       1.522    -1.457    u_gpu/u_core/lane[2].u_cpu/clk_out1
    SLICE_X59Y47         FDRE                                         r  u_gpu/u_core/lane[2].u_cpu/alu_result_reg[23]/C

Slack:                    inf
  Source:                 u_gpu/u_core/lane[6].u_cpu/alu_result_comb0__0/ACOUT[16]
                            (internal pin)
  Destination:            u_gpu/u_core/lane[6].u_cpu/alu_result_reg[17]/D
                            (rising edge-triggered cell FDRE clocked by clk_out1_clk_wiz_0  {rise@0.000ns fall@12.500ns period=25.000ns})
  Path Group:             (none)
  Path Type:              Setup (Max at Slow Process Corner)
  Data Path Delay:        9.547ns  (logic 5.031ns (52.699%)  route 4.516ns (47.301%))
  Logic Levels:           8  (CARRY4=1 DSP48E1=1 LUT2=1 LUT3=1 LUT5=2 LUT6=2)
  Clock Uncertainty:      0.182ns  ((TSJ^2 + DJ^2)^1/2) / 2 + PE
    Total System Jitter     (TSJ):    0.050ns
    Discrete Jitter          (DJ):    0.159ns
    Phase Error              (PE):    0.099ns

    Location             Delay type                Incr(ns)  Path(ns)    Netlist Resource(s)
  -------------------------------------------------------------------    -------------------
    DSP48_X0Y21          DSP48E1                      0.000     0.000 r  u_gpu/u_core/lane[6].u_cpu/alu_result_comb0__0/ACOUT[16]
                         net (fo=1, routed)           0.002     0.002    u_gpu/u_core/lane[6].u_cpu/alu_result_comb0__0_n_37
    DSP48_X0Y22          DSP48E1 (Prop_dsp48e1_ACIN[16]_P[0])
                                                      3.639     3.641 r  u_gpu/u_core/lane[6].u_cpu/alu_result_comb0__1/P[0]
                         net (fo=2, routed)           1.139     4.780    u_gpu/u_core/lane[6].u_cpu/alu_result_comb0__1_n_105
    SLICE_X10Y51         LUT2 (Prop_lut2_I0_O)        0.124     4.904 r  u_gpu/u_core/lane[6].u_cpu/i___16_i_21/O
                         net (fo=1, routed)           0.000     4.904    u_gpu/u_core/lane[6].u_cpu/i___16_i_21_n_0
    SLICE_X10Y51         CARRY4 (Prop_carry4_S[1]_O[1])
                                                      0.230     5.134 r  u_gpu/u_core/lane[6].u_cpu/i___16_i_17/O[1]
                         net (fo=1, routed)           0.608     5.742    u_gpu/u_core/u_fetcher/i___19_i_1__3_0[1]
    SLICE_X9Y56          LUT5 (Prop_lut5_I1_O)        0.306     6.048 f  u_gpu/u_core/u_fetcher/i___33_i_2__4/O
                         net (fo=1, routed)           1.100     7.149    u_gpu/u_core/u_fetcher/i___33_i_2__4_n_0
    SLICE_X6Y61          LUT3 (Prop_lut3_I0_O)        0.153     7.302 f  u_gpu/u_core/u_fetcher/i___33_i_1__4/O
                         net (fo=1, routed)           0.644     7.946    u_gpu/u_core/lane[6].u_cpu/alu_result[17]_i_3__5
    SLICE_X2Y54          LUT6 (Prop_lut6_I0_O)        0.331     8.277 f  u_gpu/u_core/lane[6].u_cpu/i___33/O
                         net (fo=1, routed)           0.306     8.583    u_gpu/u_core/u_fetcher/alu_result_reg[17]_23
    SLICE_X2Y52          LUT6 (Prop_lut6_I5_O)        0.124     8.707 r  u_gpu/u_core/u_fetcher/alu_result[17]_i_3__5/O
                         net (fo=1, routed)           0.716     9.423    u_gpu/u_core/u_fetcher/alu_result[17]_i_3__5_n_0
    SLICE_X13Y52         LUT5 (Prop_lut5_I4_O)        0.124     9.547 r  u_gpu/u_core/u_fetcher/alu_result[17]_i_1__5/O
                         net (fo=1, routed)           0.000     9.547    u_gpu/u_core/lane[6].u_cpu/alu_result_reg[31]_2[17]
    SLICE_X13Y52         FDRE                                         r  u_gpu/u_core/lane[6].u_cpu/alu_result_reg[17]/D
  -------------------------------------------------------------------    -------------------

                         (clock clk_out1_clk_wiz_0 rise edge)
                                                      0.000     0.000 r  
    F14                                               0.000     0.000 r  CLOCK_100 (IN)
                         net (fo=0)                   0.000     0.000    clk_wiz/inst/clk_in1
    F14                  IBUF (Prop_ibuf_I_O)         1.388     1.388 r  clk_wiz/inst/clkin1_ibufg/O
                         net (fo=1, routed)           1.162     2.550    clk_wiz/inst/clk_in1_clk_wiz_0
    MMCME2_ADV_X0Y1      MMCME2_ADV (Prop_mmcme2_adv_CLKIN1_CLKOUT0)
                                                     -7.208    -4.658 r  clk_wiz/inst/mmcm_adv_inst/CLKOUT0
                         net (fo=1, routed)           1.587    -3.071    clk_wiz/inst/clk_out1_clk_wiz_0
    BUFGCTRL_X0Y16       BUFG (Prop_bufg_I_O)         0.091    -2.980 r  clk_wiz/inst/clkout1_buf/O
                         net (fo=11926, routed)       1.438    -1.542    u_gpu/u_core/lane[6].u_cpu/clk_out1
    SLICE_X13Y52         FDRE                                         r  u_gpu/u_core/lane[6].u_cpu/alu_result_reg[17]/C

Slack:                    inf
  Source:                 u_gpu/u_core/lane[6].u_cpu/alu_result_comb0__0/ACOUT[16]
                            (internal pin)
  Destination:            u_gpu/u_core/lane[6].u_cpu/alu_result_reg[21]/D
                            (rising edge-triggered cell FDRE clocked by clk_out1_clk_wiz_0  {rise@0.000ns fall@12.500ns period=25.000ns})
  Path Group:             (none)
  Path Type:              Setup (Max at Slow Process Corner)
  Data Path Delay:        9.527ns  (logic 5.529ns (58.036%)  route 3.998ns (41.964%))
  Logic Levels:           8  (CARRY4=2 DSP48E1=1 LUT2=1 LUT3=1 LUT5=1 LUT6=2)
  Clock Uncertainty:      0.182ns  ((TSJ^2 + DJ^2)^1/2) / 2 + PE
    Total System Jitter     (TSJ):    0.050ns
    Discrete Jitter          (DJ):    0.159ns
    Phase Error              (PE):    0.099ns

    Location             Delay type                Incr(ns)  Path(ns)    Netlist Resource(s)
  -------------------------------------------------------------------    -------------------
    DSP48_X0Y21          DSP48E1                      0.000     0.000 r  u_gpu/u_core/lane[6].u_cpu/alu_result_comb0__0/ACOUT[16]
                         net (fo=1, routed)           0.002     0.002    u_gpu/u_core/lane[6].u_cpu/alu_result_comb0__0_n_37
    DSP48_X0Y22          DSP48E1 (Prop_dsp48e1_ACIN[16]_P[0])
                                                      3.639     3.641 r  u_gpu/u_core/lane[6].u_cpu/alu_result_comb0__1/P[0]
                         net (fo=2, routed)           1.139     4.780    u_gpu/u_core/lane[6].u_cpu/alu_result_comb0__1_n_105
    SLICE_X10Y51         LUT2 (Prop_lut2_I0_O)        0.124     4.904 r  u_gpu/u_core/lane[6].u_cpu/i___16_i_21/O
                         net (fo=1, routed)           0.000     4.904    u_gpu/u_core/lane[6].u_cpu/i___16_i_21_n_0
    SLICE_X10Y51         CARRY4 (Prop_carry4_S[1]_CO[3])
                                                      0.533     5.437 r  u_gpu/u_core/lane[6].u_cpu/i___16_i_17/CO[3]
                         net (fo=1, routed)           0.000     5.437    u_gpu/u_core/lane[6].u_cpu/i___16_i_17_n_0
    SLICE_X10Y52         CARRY4 (Prop_carry4_CI_O[1])
                                                      0.323     5.760 r  u_gpu/u_core/lane[6].u_cpu/i___15_i_17/O[1]
                         net (fo=1, routed)           0.670     6.430    u_gpu/u_core/u_fetcher/i___36_i_1__3_0[1]
    SLICE_X9Y56          LUT5 (Prop_lut5_I1_O)        0.306     6.736 f  u_gpu/u_core/u_fetcher/i___35_i_2__1/O
                         net (fo=1, routed)           1.016     7.752    u_gpu/u_core/u_fetcher/i___35_i_2__1_n_0
    SLICE_X7Y61          LUT3 (Prop_lut3_I0_O)        0.153     7.905 f  u_gpu/u_core/u_fetcher/i___35_i_1__3/O
                         net (fo=1, routed)           0.686     8.591    u_gpu/u_core/lane[6].u_cpu/alu_result_reg[21]_1
    SLICE_X5Y57          LUT6 (Prop_lut6_I0_O)        0.327     8.918 f  u_gpu/u_core/lane[6].u_cpu/i___35/O
                         net (fo=1, routed)           0.485     9.403    u_gpu/u_core/u_fetcher/alu_result_reg[21]_19
    SLICE_X5Y55          LUT6 (Prop_lut6_I2_O)        0.124     9.527 r  u_gpu/u_core/u_fetcher/alu_result[21]_i_1__5/O
                         net (fo=1, routed)           0.000     9.527    u_gpu/u_core/lane[6].u_cpu/alu_result_reg[31]_2[21]
    SLICE_X5Y55          FDRE                                         r  u_gpu/u_core/lane[6].u_cpu/alu_result_reg[21]/D
  -------------------------------------------------------------------    -------------------

                         (clock clk_out1_clk_wiz_0 rise edge)
                                                      0.000     0.000 r  
    F14                                               0.000     0.000 r  CLOCK_100 (IN)
                         net (fo=0)                   0.000     0.000    clk_wiz/inst/clk_in1
    F14                  IBUF (Prop_ibuf_I_O)         1.388     1.388 r  clk_wiz/inst/clkin1_ibufg/O
                         net (fo=1, routed)           1.162     2.550    clk_wiz/inst/clk_in1_clk_wiz_0
    MMCME2_ADV_X0Y1      MMCME2_ADV (Prop_mmcme2_adv_CLKIN1_CLKOUT0)
                                                     -7.208    -4.658 r  clk_wiz/inst/mmcm_adv_inst/CLKOUT0
                         net (fo=1, routed)           1.587    -3.071    clk_wiz/inst/clk_out1_clk_wiz_0
    BUFGCTRL_X0Y16       BUFG (Prop_bufg_I_O)         0.091    -2.980 r  clk_wiz/inst/clkout1_buf/O
                         net (fo=11926, routed)       1.504    -1.476    u_gpu/u_core/lane[6].u_cpu/clk_out1
    SLICE_X5Y55          FDRE                                         r  u_gpu/u_core/lane[6].u_cpu/alu_result_reg[21]/C

Slack:                    inf
  Source:                 u_gpu/u_core/lane[4].u_cpu/alu_result_comb0__0/ACOUT[16]
                            (internal pin)
  Destination:            u_gpu/u_core/lane[4].u_cpu/alu_result_reg[22]/D
                            (rising edge-triggered cell FDRE clocked by clk_out1_clk_wiz_0  {rise@0.000ns fall@12.500ns period=25.000ns})
  Path Group:             (none)
  Path Type:              Setup (Max at Slow Process Corner)
  Data Path Delay:        9.378ns  (logic 5.208ns (55.534%)  route 4.170ns (44.466%))
  Logic Levels:           8  (CARRY4=2 DSP48E1=1 LUT2=1 LUT3=1 LUT6=3)
  Clock Uncertainty:      0.182ns  ((TSJ^2 + DJ^2)^1/2) / 2 + PE
    Total System Jitter     (TSJ):    0.050ns
    Discrete Jitter          (DJ):    0.159ns
    Phase Error              (PE):    0.099ns

    Location             Delay type                Incr(ns)  Path(ns)    Netlist Resource(s)
  -------------------------------------------------------------------    -------------------
    DSP48_X1Y23          DSP48E1                      0.000     0.000 r  u_gpu/u_core/lane[4].u_cpu/alu_result_comb0__0/ACOUT[16]
                         net (fo=1, routed)           0.002     0.002    u_gpu/u_core/lane[4].u_cpu/alu_result_comb0__0_n_37
    DSP48_X1Y24          DSP48E1 (Prop_dsp48e1_ACIN[16]_P[0])
                                                      3.639     3.641 r  u_gpu/u_core/lane[4].u_cpu/alu_result_comb0__1/P[0]
                         net (fo=2, routed)           0.766     4.407    u_gpu/u_core/lane[4].u_cpu/alu_result_comb0__1_n_105
    SLICE_X54Y60         LUT2 (Prop_lut2_I0_O)        0.124     4.531 r  u_gpu/u_core/lane[4].u_cpu/i___22_i_21/O
                         net (fo=1, routed)           0.000     4.531    u_gpu/u_core/lane[4].u_cpu/i___22_i_21_n_0
    SLICE_X54Y60         CARRY4 (Prop_carry4_S[1]_CO[3])
                                                      0.533     5.064 r  u_gpu/u_core/lane[4].u_cpu/i___22_i_14/CO[3]
                         net (fo=1, routed)           0.000     5.064    u_gpu/u_core/lane[4].u_cpu/i___22_i_14_n_0
    SLICE_X54Y61         CARRY4 (Prop_carry4_CI_O[2])
                                                      0.239     5.303 r  u_gpu/u_core/lane[4].u_cpu/i___25_i_8/O[2]
                         net (fo=1, routed)           0.543     5.847    u_gpu/u_core/u_fetcher/i___28_i_1__1_1[2]
    SLICE_X58Y61         LUT6 (Prop_lut6_I3_O)        0.301     6.148 f  u_gpu/u_core/u_fetcher/i___27_i_3__1/O
                         net (fo=1, routed)           1.367     7.515    u_gpu/u_core/u_fetcher/i___27_i_3__1_n_0
    SLICE_X49Y42         LUT3 (Prop_lut3_I2_O)        0.124     7.639 f  u_gpu/u_core/u_fetcher/i___27_i_1__1/O
                         net (fo=1, routed)           1.188     8.827    u_gpu/u_core/lane[4].u_cpu/alu_result_reg[22]_0
    SLICE_X49Y66         LUT6 (Prop_lut6_I0_O)        0.124     8.951 f  u_gpu/u_core/lane[4].u_cpu/i___27/O
                         net (fo=1, routed)           0.303     9.254    u_gpu/u_core/u_fetcher/alu_result_reg[22]_12
    SLICE_X48Y65         LUT6 (Prop_lut6_I2_O)        0.124     9.378 r  u_gpu/u_core/u_fetcher/alu_result[22]_i_1__3/O
                         net (fo=1, routed)           0.000     9.378    u_gpu/u_core/lane[4].u_cpu/alu_result_reg[31]_2[22]
    SLICE_X48Y65         FDRE                                         r  u_gpu/u_core/lane[4].u_cpu/alu_result_reg[22]/D
  -------------------------------------------------------------------    -------------------

                         (clock clk_out1_clk_wiz_0 rise edge)
                                                      0.000     0.000 r  
    F14                                               0.000     0.000 r  CLOCK_100 (IN)
                         net (fo=0)                   0.000     0.000    clk_wiz/inst/clk_in1
    F14                  IBUF (Prop_ibuf_I_O)         1.388     1.388 r  clk_wiz/inst/clkin1_ibufg/O
                         net (fo=1, routed)           1.162     2.550    clk_wiz/inst/clk_in1_clk_wiz_0
    MMCME2_ADV_X0Y1      MMCME2_ADV (Prop_mmcme2_adv_CLKIN1_CLKOUT0)
                                                     -7.208    -4.658 r  clk_wiz/inst/mmcm_adv_inst/CLKOUT0
                         net (fo=1, routed)           1.587    -3.071    clk_wiz/inst/clk_out1_clk_wiz_0
    BUFGCTRL_X0Y16       BUFG (Prop_bufg_I_O)         0.091    -2.980 r  clk_wiz/inst/clkout1_buf/O
                         net (fo=11926, routed)       1.432    -1.548    u_gpu/u_core/lane[4].u_cpu/clk_out1
    SLICE_X48Y65         FDRE                                         r  u_gpu/u_core/lane[4].u_cpu/alu_result_reg[22]/C

Slack:                    inf
  Source:                 u_gpu/u_core/lane[6].u_cpu/alu_result_comb0__0/ACOUT[16]
                            (internal pin)
  Destination:            u_gpu/u_core/lane[6].u_cpu/alu_result_reg[27]/D
                            (rising edge-triggered cell FDRE clocked by clk_out1_clk_wiz_0  {rise@0.000ns fall@12.500ns period=25.000ns})
  Path Group:             (none)
  Path Type:              Setup (Max at Slow Process Corner)
  Data Path Delay:        9.300ns  (logic 5.670ns (60.970%)  route 3.630ns (39.030%))
  Logic Levels:           9  (CARRY4=3 DSP48E1=1 LUT2=1 LUT3=1 LUT5=1 LUT6=2)
  Clock Uncertainty:      0.182ns  ((TSJ^2 + DJ^2)^1/2) / 2 + PE
    Total System Jitter     (TSJ):    0.050ns
    Discrete Jitter          (DJ):    0.159ns
    Phase Error              (PE):    0.099ns

    Location             Delay type                Incr(ns)  Path(ns)    Netlist Resource(s)
  -------------------------------------------------------------------    -------------------
    DSP48_X0Y21          DSP48E1                      0.000     0.000 r  u_gpu/u_core/lane[6].u_cpu/alu_result_comb0__0/ACOUT[16]
                         net (fo=1, routed)           0.002     0.002    u_gpu/u_core/lane[6].u_cpu/alu_result_comb0__0_n_37
    DSP48_X0Y22          DSP48E1 (Prop_dsp48e1_ACIN[16]_P[0])
                                                      3.639     3.641 r  u_gpu/u_core/lane[6].u_cpu/alu_result_comb0__1/P[0]
                         net (fo=2, routed)           1.139     4.780    u_gpu/u_core/lane[6].u_cpu/alu_result_comb0__1_n_105
    SLICE_X10Y51         LUT2 (Prop_lut2_I0_O)        0.124     4.904 r  u_gpu/u_core/lane[6].u_cpu/i___16_i_21/O
                         net (fo=1, routed)           0.000     4.904    u_gpu/u_core/lane[6].u_cpu/i___16_i_21_n_0
    SLICE_X10Y51         CARRY4 (Prop_carry4_S[1]_CO[3])
                                                      0.533     5.437 r  u_gpu/u_core/lane[6].u_cpu/i___16_i_17/CO[3]
                         net (fo=1, routed)           0.000     5.437    u_gpu/u_core/lane[6].u_cpu/i___16_i_17_n_0
    SLICE_X10Y52         CARRY4 (Prop_carry4_CI_CO[3])
                                                      0.117     5.554 r  u_gpu/u_core/lane[6].u_cpu/i___15_i_17/CO[3]
                         net (fo=1, routed)           0.000     5.554    u_gpu/u_core/lane[6].u_cpu/i___15_i_17_n_0
    SLICE_X10Y53         CARRY4 (Prop_carry4_CI_O[3])
                                                      0.315     5.869 r  u_gpu/u_core/lane[6].u_cpu/i___14_i_18/O[3]
                         net (fo=1, routed)           0.463     6.333    u_gpu/u_core/u_fetcher/i___39_i_1__5_0[3]
    SLICE_X9Y56          LUT5 (Prop_lut5_I1_O)        0.307     6.640 f  u_gpu/u_core/u_fetcher/i___39_i_2__4/O
                         net (fo=1, routed)           1.132     7.772    u_gpu/u_core/u_fetcher/i___39_i_2__4_n_0
    SLICE_X6Y60          LUT3 (Prop_lut3_I0_O)        0.156     7.928 f  u_gpu/u_core/u_fetcher/i___39_i_1__5/O
                         net (fo=1, routed)           0.597     8.525    u_gpu/u_core/lane[6].u_cpu/alu_result_reg[27]_0
    SLICE_X3Y56          LUT6 (Prop_lut6_I0_O)        0.355     8.880 f  u_gpu/u_core/lane[6].u_cpu/i___39/O
                         net (fo=1, routed)           0.295     9.176    u_gpu/u_core/u_fetcher/alu_result_reg[27]_18
    SLICE_X5Y56          LUT6 (Prop_lut6_I3_O)        0.124     9.300 r  u_gpu/u_core/u_fetcher/alu_result[27]_i_1__5/O
                         net (fo=1, routed)           0.000     9.300    u_gpu/u_core/lane[6].u_cpu/alu_result_reg[31]_2[27]
    SLICE_X5Y56          FDRE                                         r  u_gpu/u_core/lane[6].u_cpu/alu_result_reg[27]/D
  -------------------------------------------------------------------    -------------------

                         (clock clk_out1_clk_wiz_0 rise edge)
                                                      0.000     0.000 r  
    F14                                               0.000     0.000 r  CLOCK_100 (IN)
                         net (fo=0)                   0.000     0.000    clk_wiz/inst/clk_in1
    F14                  IBUF (Prop_ibuf_I_O)         1.388     1.388 r  clk_wiz/inst/clkin1_ibufg/O
                         net (fo=1, routed)           1.162     2.550    clk_wiz/inst/clk_in1_clk_wiz_0
    MMCME2_ADV_X0Y1      MMCME2_ADV (Prop_mmcme2_adv_CLKIN1_CLKOUT0)
                                                     -7.208    -4.658 r  clk_wiz/inst/mmcm_adv_inst/CLKOUT0
                         net (fo=1, routed)           1.587    -3.071    clk_wiz/inst/clk_out1_clk_wiz_0
    BUFGCTRL_X0Y16       BUFG (Prop_bufg_I_O)         0.091    -2.980 r  clk_wiz/inst/clkout1_buf/O
                         net (fo=11926, routed)       1.504    -1.476    u_gpu/u_core/lane[6].u_cpu/clk_out1
    SLICE_X5Y56          FDRE                                         r  u_gpu/u_core/lane[6].u_cpu/alu_result_reg[27]/C

Slack:                    inf
  Source:                 u_gpu/u_core/lane[1].u_cpu/alu_result_comb0__0/ACOUT[16]
                            (internal pin)
  Destination:            u_gpu/u_core/lane[1].u_cpu/alu_result_reg[22]/D
                            (rising edge-triggered cell FDRE clocked by clk_out1_clk_wiz_0  {rise@0.000ns fall@12.500ns period=25.000ns})
  Path Group:             (none)
  Path Type:              Setup (Max at Slow Process Corner)
  Data Path Delay:        9.241ns  (logic 5.438ns (58.845%)  route 3.803ns (41.155%))
  Logic Levels:           8  (CARRY4=2 DSP48E1=1 LUT2=1 LUT3=1 LUT6=3)
  Clock Uncertainty:      0.182ns  ((TSJ^2 + DJ^2)^1/2) / 2 + PE
    Total System Jitter     (TSJ):    0.050ns
    Discrete Jitter          (DJ):    0.159ns
    Phase Error              (PE):    0.099ns

    Location             Delay type                Incr(ns)  Path(ns)    Netlist Resource(s)
  -------------------------------------------------------------------    -------------------
    DSP48_X1Y11          DSP48E1                      0.000     0.000 r  u_gpu/u_core/lane[1].u_cpu/alu_result_comb0__0/ACOUT[16]
                         net (fo=1, routed)           0.002     0.002    u_gpu/u_core/lane[1].u_cpu/alu_result_comb0__0_n_37
    DSP48_X1Y12          DSP48E1 (Prop_dsp48e1_ACIN[16]_P[0])
                                                      3.639     3.641 r  u_gpu/u_core/lane[1].u_cpu/alu_result_comb0__1/P[0]
                         net (fo=2, routed)           0.901     4.542    u_gpu/u_core/lane[1].u_cpu/alu_result_comb0__1_n_105
    SLICE_X54Y26         LUT2 (Prop_lut2_I0_O)        0.124     4.666 r  u_gpu/u_core/lane[1].u_cpu/i___26_i_17/O
                         net (fo=1, routed)           0.000     4.666    u_gpu/u_core/lane[1].u_cpu/i___26_i_17_n_0
    SLICE_X54Y26         CARRY4 (Prop_carry4_S[1]_CO[3])
                                                      0.533     5.199 r  u_gpu/u_core/lane[1].u_cpu/i___26_i_13/CO[3]
                         net (fo=1, routed)           0.000     5.199    u_gpu/u_core/lane[1].u_cpu/i___26_i_13_n_0
    SLICE_X54Y27         CARRY4 (Prop_carry4_CI_O[2])
                                                      0.239     5.438 r  u_gpu/u_core/lane[1].u_cpu/i___29_i_9/O[2]
                         net (fo=1, routed)           0.572     6.010    u_gpu/u_core/u_fetcher/i___32_i_1_0[2]
    SLICE_X57Y28         LUT6 (Prop_lut6_I0_O)        0.301     6.311 f  u_gpu/u_core/u_fetcher/i___31_i_3__0/O
                         net (fo=1, routed)           1.155     7.466    u_gpu/u_core/u_fetcher/i___31_i_3__0_n_0
    SLICE_X57Y34         LUT3 (Prop_lut3_I2_O)        0.152     7.618 f  u_gpu/u_core/u_fetcher/i___31_i_1__0/O
                         net (fo=1, routed)           1.015     8.633    u_gpu/u_core/lane[1].u_cpu/alu_result_reg[22]_0
    SLICE_X58Y26         LUT6 (Prop_lut6_I0_O)        0.326     8.959 f  u_gpu/u_core/lane[1].u_cpu/i___31/O
                         net (fo=1, routed)           0.159     9.117    u_gpu/u_core/u_fetcher/alu_result_reg[22]_1
    SLICE_X58Y26         LUT6 (Prop_lut6_I2_O)        0.124     9.241 r  u_gpu/u_core/u_fetcher/alu_result[22]_i_1__0/O
                         net (fo=1, routed)           0.000     9.241    u_gpu/u_core/lane[1].u_cpu/alu_result_reg[31]_2[22]
    SLICE_X58Y26         FDRE                                         r  u_gpu/u_core/lane[1].u_cpu/alu_result_reg[22]/D
  -------------------------------------------------------------------    -------------------

                         (clock clk_out1_clk_wiz_0 rise edge)
                                                      0.000     0.000 r  
    F14                                               0.000     0.000 r  CLOCK_100 (IN)
                         net (fo=0)                   0.000     0.000    clk_wiz/inst/clk_in1
    F14                  IBUF (Prop_ibuf_I_O)         1.388     1.388 r  clk_wiz/inst/clkin1_ibufg/O
                         net (fo=1, routed)           1.162     2.550    clk_wiz/inst/clk_in1_clk_wiz_0
    MMCME2_ADV_X0Y1      MMCME2_ADV (Prop_mmcme2_adv_CLKIN1_CLKOUT0)
                                                     -7.208    -4.658 r  clk_wiz/inst/mmcm_adv_inst/CLKOUT0
                         net (fo=1, routed)           1.587    -3.071    clk_wiz/inst/clk_out1_clk_wiz_0
    BUFGCTRL_X0Y16       BUFG (Prop_bufg_I_O)         0.091    -2.980 r  clk_wiz/inst/clkout1_buf/O
                         net (fo=11926, routed)       1.506    -1.473    u_gpu/u_core/lane[1].u_cpu/clk_out1
    SLICE_X58Y26         FDRE                                         r  u_gpu/u_core/lane[1].u_cpu/alu_result_reg[22]/C





Min Delay Paths
--------------------------------------------------------------------------------------
Slack:                    inf
  Source:                 clk_wiz/inst/mmcm_adv_inst/LOCKED
                            (internal pin)
  Destination:            vga_to_hdmi/u_hdmiTx/serRed/master/RST
                            (rising edge-triggered cell OSERDESE2 clocked by clk_out1_clk_wiz_0  {rise@0.000ns fall@12.500ns period=25.000ns})
  Path Group:             (none)
  Path Type:              Hold (Min at Fast Process Corner)
  Data Path Delay:        0.954ns  (logic 0.045ns (4.717%)  route 0.909ns (95.283%))
  Logic Levels:           1  (LUT1=1)
  Clock Uncertainty:      0.182ns  ((TSJ^2 + DJ^2)^1/2) / 2 + PE
    Total System Jitter     (TSJ):    0.050ns
    Discrete Jitter          (DJ):    0.159ns
    Phase Error              (PE):    0.099ns

    Location             Delay type                Incr(ns)  Path(ns)    Netlist Resource(s)
  -------------------------------------------------------------------    -------------------
    MMCME2_ADV_X0Y1      MMCME2_ADV                   0.000     0.000 f  clk_wiz/inst/mmcm_adv_inst/LOCKED
                         net (fo=2, routed)           0.607     0.607    vga_to_hdmi/u_hdmiTx/encRed/locked
    SLICE_X1Y27          LUT1 (Prop_lut1_I0_O)        0.045     0.652 r  vga_to_hdmi/u_hdmiTx/encRed/master_i_1/O
                         net (fo=50, routed)          0.302     0.954    vga_to_hdmi/u_hdmiTx/serRed/AR[0]
    OLOGIC_X0Y26         OSERDESE2                                    r  vga_to_hdmi/u_hdmiTx/serRed/master/RST
  -------------------------------------------------------------------    -------------------

                         (clock clk_out1_clk_wiz_0 rise edge)
                                                      0.000     0.000 r  
    F14                                               0.000     0.000 r  CLOCK_100 (IN)
                         net (fo=0)                   0.000     0.000    clk_wiz/inst/clk_in1
    F14                  IBUF (Prop_ibuf_I_O)         0.414     0.414 r  clk_wiz/inst/clkin1_ibufg/O
                         net (fo=1, routed)           0.480     0.894    clk_wiz/inst/clk_in1_clk_wiz_0
    MMCME2_ADV_X0Y1      MMCME2_ADV (Prop_mmcme2_adv_CLKIN1_CLKOUT0)
                                                     -3.141    -2.247 r  clk_wiz/inst/mmcm_adv_inst/CLKOUT0
                         net (fo=1, routed)           0.534    -1.713    clk_wiz/inst/clk_out1_clk_wiz_0
    BUFGCTRL_X0Y16       BUFG (Prop_bufg_I_O)         0.029    -1.684 r  clk_wiz/inst/clkout1_buf/O
                         net (fo=11926, routed)       0.852    -0.833    vga_to_hdmi/u_hdmiTx/serRed/clk_out1
    OLOGIC_X0Y26         OSERDESE2                                    r  vga_to_hdmi/u_hdmiTx/serRed/master/CLKDIV

Slack:                    inf
  Source:                 BTN[0]
                            (input port)
  Destination:            sync_reset/temp_reg/D
                            (rising edge-triggered cell FDRE clocked by clk_out1_clk_wiz_0  {rise@0.000ns fall@12.500ns period=25.000ns})
  Path Group:             (none)
  Path Type:              Hold (Min at Fast Process Corner)
  Data Path Delay:        0.995ns  (logic 0.225ns (22.559%)  route 0.771ns (77.441%))
  Logic Levels:           1  (IBUF=1)
  Clock Path Skew:        -0.823ns (DCD - SCD - CPR)
    Destination Clock Delay (DCD):    -0.823ns
    Source Clock Delay      (SCD):    0.000ns
    Clock Pessimism Removal (CPR):    -0.000ns

    Location             Delay type                Incr(ns)  Path(ns)    Netlist Resource(s)
  -------------------------------------------------------------------    -------------------
    J2                                                0.000     0.000 r  BTN[0] (IN)
                         net (fo=0)                   0.000     0.000    BTN[0]
    J2                   IBUF (Prop_ibuf_I_O)         0.225     0.225 r  BTN_IBUF[0]_inst/O
                         net (fo=2, routed)           0.771     0.995    sync_reset/reset
    SLICE_X65Y93         FDRE                                         r  sync_reset/temp_reg/D
  -------------------------------------------------------------------    -------------------

                         (clock clk_out1_clk_wiz_0 rise edge)
                                                      0.000     0.000 r  
    F14                                               0.000     0.000 r  CLOCK_100 (IN)
                         net (fo=0)                   0.000     0.000    clk_wiz/inst/clk_in1
    F14                  IBUF (Prop_ibuf_I_O)         0.414     0.414 r  clk_wiz/inst/clkin1_ibufg/O
                         net (fo=1, routed)           0.480     0.894    clk_wiz/inst/clk_in1_clk_wiz_0
    MMCME2_ADV_X0Y1      MMCME2_ADV (Prop_mmcme2_adv_CLKIN1_CLKOUT0)
                                                     -3.141    -2.247 r  clk_wiz/inst/mmcm_adv_inst/CLKOUT0
                         net (fo=1, routed)           0.534    -1.713    clk_wiz/inst/clk_out1_clk_wiz_0
    BUFGCTRL_X0Y16       BUFG (Prop_bufg_I_O)         0.029    -1.684 r  clk_wiz/inst/clkout1_buf/O
                         net (fo=11926, routed)       0.861    -0.823    sync_reset/clk_out1
    SLICE_X65Y93         FDRE                                         r  sync_reset/temp_reg/C

Slack:                    inf
  Source:                 clk_wiz/inst/mmcm_adv_inst/LOCKED
                            (internal pin)
  Destination:            vga_to_hdmi/u_hdmiTx/serClock/master/RST
                            (rising edge-triggered cell OSERDESE2 clocked by clk_out1_clk_wiz_0  {rise@0.000ns fall@12.500ns period=25.000ns})
  Path Group:             (none)
  Path Type:              Hold (Min at Fast Process Corner)
  Data Path Delay:        1.135ns  (logic 0.045ns (3.964%)  route 1.090ns (96.036%))
  Logic Levels:           1  (LUT1=1)
  Clock Uncertainty:      0.182ns  ((TSJ^2 + DJ^2)^1/2) / 2 + PE
    Total System Jitter     (TSJ):    0.050ns
    Discrete Jitter          (DJ):    0.159ns
    Phase Error              (PE):    0.099ns

    Location             Delay type                Incr(ns)  Path(ns)    Netlist Resource(s)
  -------------------------------------------------------------------    -------------------
    MMCME2_ADV_X0Y1      MMCME2_ADV                   0.000     0.000 f  clk_wiz/inst/mmcm_adv_inst/LOCKED
                         net (fo=2, routed)           0.607     0.607    vga_to_hdmi/u_hdmiTx/encRed/locked
    SLICE_X1Y27          LUT1 (Prop_lut1_I0_O)        0.045     0.652 r  vga_to_hdmi/u_hdmiTx/encRed/master_i_1/O
                         net (fo=50, routed)          0.483     1.135    vga_to_hdmi/u_hdmiTx/serClock/AR[0]
    OLOGIC_X0Y24         OSERDESE2                                    r  vga_to_hdmi/u_hdmiTx/serClock/master/RST
  -------------------------------------------------------------------    -------------------

                         (clock clk_out1_clk_wiz_0 rise edge)
                                                      0.000     0.000 r  
    F14                                               0.000     0.000 r  CLOCK_100 (IN)
                         net (fo=0)                   0.000     0.000    clk_wiz/inst/clk_in1
    F14                  IBUF (Prop_ibuf_I_O)         0.414     0.414 r  clk_wiz/inst/clkin1_ibufg/O
                         net (fo=1, routed)           0.480     0.894    clk_wiz/inst/clk_in1_clk_wiz_0
    MMCME2_ADV_X0Y1      MMCME2_ADV (Prop_mmcme2_adv_CLKIN1_CLKOUT0)
                                                     -3.141    -2.247 r  clk_wiz/inst/mmcm_adv_inst/CLKOUT0
                         net (fo=1, routed)           0.534    -1.713    clk_wiz/inst/clk_out1_clk_wiz_0
    BUFGCTRL_X0Y16       BUFG (Prop_bufg_I_O)         0.029    -1.684 r  clk_wiz/inst/clkout1_buf/O
                         net (fo=11926, routed)       0.852    -0.833    vga_to_hdmi/u_hdmiTx/serClock/clk_out1
    OLOGIC_X0Y24         OSERDESE2                                    r  vga_to_hdmi/u_hdmiTx/serClock/master/CLKDIV

Slack:                    inf
  Source:                 clk_wiz/inst/mmcm_adv_inst/LOCKED
                            (internal pin)
  Destination:            vga_to_hdmi/u_hdmiTx/serRed/slave/RST
                            (rising edge-triggered cell OSERDESE2 clocked by clk_out1_clk_wiz_0  {rise@0.000ns fall@12.500ns period=25.000ns})
  Path Group:             (none)
  Path Type:              Hold (Min at Fast Process Corner)
  Data Path Delay:        1.157ns  (logic 0.045ns (3.888%)  route 1.112ns (96.112%))
  Logic Levels:           1  (LUT1=1)
  Clock Uncertainty:      0.182ns  ((TSJ^2 + DJ^2)^1/2) / 2 + PE
    Total System Jitter     (TSJ):    0.050ns
    Discrete Jitter          (DJ):    0.159ns
    Phase Error              (PE):    0.099ns

    Location             Delay type                Incr(ns)  Path(ns)    Netlist Resource(s)
  -------------------------------------------------------------------    -------------------
    MMCME2_ADV_X0Y1      MMCME2_ADV                   0.000     0.000 f  clk_wiz/inst/mmcm_adv_inst/LOCKED
                         net (fo=2, routed)           0.607     0.607    vga_to_hdmi/u_hdmiTx/encRed/locked
    SLICE_X1Y27          LUT1 (Prop_lut1_I0_O)        0.045     0.652 r  vga_to_hdmi/u_hdmiTx/encRed/master_i_1/O
                         net (fo=50, routed)          0.505     1.157    vga_to_hdmi/u_hdmiTx/serRed/AR[0]
    OLOGIC_X0Y25         OSERDESE2                                    r  vga_to_hdmi/u_hdmiTx/serRed/slave/RST
  -------------------------------------------------------------------    -------------------

                         (clock clk_out1_clk_wiz_0 rise edge)
                                                      0.000     0.000 r  
    F14                                               0.000     0.000 r  CLOCK_100 (IN)
                         net (fo=0)                   0.000     0.000    clk_wiz/inst/clk_in1
    F14                  IBUF (Prop_ibuf_I_O)         0.414     0.414 r  clk_wiz/inst/clkin1_ibufg/O
                         net (fo=1, routed)           0.480     0.894    clk_wiz/inst/clk_in1_clk_wiz_0
    MMCME2_ADV_X0Y1      MMCME2_ADV (Prop_mmcme2_adv_CLKIN1_CLKOUT0)
                                                     -3.141    -2.247 r  clk_wiz/inst/mmcm_adv_inst/CLKOUT0
                         net (fo=1, routed)           0.534    -1.713    clk_wiz/inst/clk_out1_clk_wiz_0
    BUFGCTRL_X0Y16       BUFG (Prop_bufg_I_O)         0.029    -1.684 r  clk_wiz/inst/clkout1_buf/O
                         net (fo=11926, routed)       0.852    -0.833    vga_to_hdmi/u_hdmiTx/serRed/clk_out1
    OLOGIC_X0Y25         OSERDESE2                                    r  vga_to_hdmi/u_hdmiTx/serRed/slave/CLKDIV

Slack:                    inf
  Source:                 clk_wiz/inst/mmcm_adv_inst/LOCKED
                            (internal pin)
  Destination:            vga_to_hdmi/u_hdmiTx/serClock/slave/RST
                            (rising edge-triggered cell OSERDESE2 clocked by clk_out1_clk_wiz_0  {rise@0.000ns fall@12.500ns period=25.000ns})
  Path Group:             (none)
  Path Type:              Hold (Min at Fast Process Corner)
  Data Path Delay:        1.220ns  (logic 0.045ns (3.688%)  route 1.175ns (96.312%))
  Logic Levels:           1  (LUT1=1)
  Clock Uncertainty:      0.182ns  ((TSJ^2 + DJ^2)^1/2) / 2 + PE
    Total System Jitter     (TSJ):    0.050ns
    Discrete Jitter          (DJ):    0.159ns
    Phase Error              (PE):    0.099ns

    Location             Delay type                Incr(ns)  Path(ns)    Netlist Resource(s)
  -------------------------------------------------------------------    -------------------
    MMCME2_ADV_X0Y1      MMCME2_ADV                   0.000     0.000 f  clk_wiz/inst/mmcm_adv_inst/LOCKED
                         net (fo=2, routed)           0.607     0.607    vga_to_hdmi/u_hdmiTx/encRed/locked
    SLICE_X1Y27          LUT1 (Prop_lut1_I0_O)        0.045     0.652 r  vga_to_hdmi/u_hdmiTx/encRed/master_i_1/O
                         net (fo=50, routed)          0.568     1.220    vga_to_hdmi/u_hdmiTx/serClock/AR[0]
    OLOGIC_X0Y23         OSERDESE2                                    r  vga_to_hdmi/u_hdmiTx/serClock/slave/RST
  -------------------------------------------------------------------    -------------------

                         (clock clk_out1_clk_wiz_0 rise edge)
                                                      0.000     0.000 r  
    F14                                               0.000     0.000 r  CLOCK_100 (IN)
                         net (fo=0)                   0.000     0.000    clk_wiz/inst/clk_in1
    F14                  IBUF (Prop_ibuf_I_O)         0.414     0.414 r  clk_wiz/inst/clkin1_ibufg/O
                         net (fo=1, routed)           0.480     0.894    clk_wiz/inst/clk_in1_clk_wiz_0
    MMCME2_ADV_X0Y1      MMCME2_ADV (Prop_mmcme2_adv_CLKIN1_CLKOUT0)
                                                     -3.141    -2.247 r  clk_wiz/inst/mmcm_adv_inst/CLKOUT0
                         net (fo=1, routed)           0.534    -1.713    clk_wiz/inst/clk_out1_clk_wiz_0
    BUFGCTRL_X0Y16       BUFG (Prop_bufg_I_O)         0.029    -1.684 r  clk_wiz/inst/clkout1_buf/O
                         net (fo=11926, routed)       0.852    -0.833    vga_to_hdmi/u_hdmiTx/serClock/clk_out1
    OLOGIC_X0Y23         OSERDESE2                                    r  vga_to_hdmi/u_hdmiTx/serClock/slave/CLKDIV

Slack:                    inf
  Source:                 clk_wiz/inst/mmcm_adv_inst/LOCKED
                            (internal pin)
  Destination:            vga_to_hdmi/u_hdmiTx/serGreen/master/RST
                            (rising edge-triggered cell OSERDESE2 clocked by clk_out1_clk_wiz_0  {rise@0.000ns fall@12.500ns period=25.000ns})
  Path Group:             (none)
  Path Type:              Hold (Min at Fast Process Corner)
  Data Path Delay:        1.225ns  (logic 0.045ns (3.673%)  route 1.180ns (96.327%))
  Logic Levels:           1  (LUT1=1)
  Clock Uncertainty:      0.182ns  ((TSJ^2 + DJ^2)^1/2) / 2 + PE
    Total System Jitter     (TSJ):    0.050ns
    Discrete Jitter          (DJ):    0.159ns
    Phase Error              (PE):    0.099ns

    Location             Delay type                Incr(ns)  Path(ns)    Netlist Resource(s)
  -------------------------------------------------------------------    -------------------
    MMCME2_ADV_X0Y1      MMCME2_ADV                   0.000     0.000 f  clk_wiz/inst/mmcm_adv_inst/LOCKED
                         net (fo=2, routed)           0.607     0.607    vga_to_hdmi/u_hdmiTx/encRed/locked
    SLICE_X1Y27          LUT1 (Prop_lut1_I0_O)        0.045     0.652 r  vga_to_hdmi/u_hdmiTx/encRed/master_i_1/O
                         net (fo=50, routed)          0.573     1.225    vga_to_hdmi/u_hdmiTx/serGreen/AR[0]
    OLOGIC_X0Y22         OSERDESE2                                    r  vga_to_hdmi/u_hdmiTx/serGreen/master/RST
  -------------------------------------------------------------------    -------------------

                         (clock clk_out1_clk_wiz_0 rise edge)
                                                      0.000     0.000 r  
    F14                                               0.000     0.000 r  CLOCK_100 (IN)
                         net (fo=0)                   0.000     0.000    clk_wiz/inst/clk_in1
    F14                  IBUF (Prop_ibuf_I_O)         0.414     0.414 r  clk_wiz/inst/clkin1_ibufg/O
                         net (fo=1, routed)           0.480     0.894    clk_wiz/inst/clk_in1_clk_wiz_0
    MMCME2_ADV_X0Y1      MMCME2_ADV (Prop_mmcme2_adv_CLKIN1_CLKOUT0)
                                                     -3.141    -2.247 r  clk_wiz/inst/mmcm_adv_inst/CLKOUT0
                         net (fo=1, routed)           0.534    -1.713    clk_wiz/inst/clk_out1_clk_wiz_0
    BUFGCTRL_X0Y16       BUFG (Prop_bufg_I_O)         0.029    -1.684 r  clk_wiz/inst/clkout1_buf/O
                         net (fo=11926, routed)       0.853    -0.832    vga_to_hdmi/u_hdmiTx/serGreen/clk_out1
    OLOGIC_X0Y22         OSERDESE2                                    r  vga_to_hdmi/u_hdmiTx/serGreen/master/CLKDIV

Slack:                    inf
  Source:                 clk_wiz/inst/mmcm_adv_inst/LOCKED
                            (internal pin)
  Destination:            vga_to_hdmi/u_hdmiTx/encGreen/tmdsOut_reg[0]/CLR
                            (removal check against rising-edge clock clk_out1_clk_wiz_0  {rise@0.000ns fall@12.500ns period=25.000ns})
  Path Group:             (none)
  Path Type:              Removal (Min at Fast Process Corner)
  Data Path Delay:        1.246ns  (logic 0.045ns (3.613%)  route 1.201ns (96.387%))
  Logic Levels:           1  (LUT1=1)
  Clock Uncertainty:      0.182ns  ((TSJ^2 + DJ^2)^1/2) / 2 + PE
    Total System Jitter     (TSJ):    0.050ns
    Discrete Jitter          (DJ):    0.159ns
    Phase Error              (PE):    0.099ns

    Location             Delay type                Incr(ns)  Path(ns)    Netlist Resource(s)
  -------------------------------------------------------------------    -------------------
    MMCME2_ADV_X0Y1      MMCME2_ADV                   0.000     0.000 r  clk_wiz/inst/mmcm_adv_inst/LOCKED
                         net (fo=2, routed)           0.607     0.607    vga_to_hdmi/u_hdmiTx/encRed/locked
    SLICE_X1Y27          LUT1 (Prop_lut1_I0_O)        0.045     0.652 f  vga_to_hdmi/u_hdmiTx/encRed/master_i_1/O
                         net (fo=50, routed)          0.593     1.246    vga_to_hdmi/u_hdmiTx/encGreen/AR[0]
    SLICE_X0Y20          FDCE                                         f  vga_to_hdmi/u_hdmiTx/encGreen/tmdsOut_reg[0]/CLR
  -------------------------------------------------------------------    -------------------

                         (clock clk_out1_clk_wiz_0 rise edge)
                                                      0.000     0.000 r  
    F14                                               0.000     0.000 r  CLOCK_100 (IN)
                         net (fo=0)                   0.000     0.000    clk_wiz/inst/clk_in1
    F14                  IBUF (Prop_ibuf_I_O)         0.414     0.414 r  clk_wiz/inst/clkin1_ibufg/O
                         net (fo=1, routed)           0.480     0.894    clk_wiz/inst/clk_in1_clk_wiz_0
    MMCME2_ADV_X0Y1      MMCME2_ADV (Prop_mmcme2_adv_CLKIN1_CLKOUT0)
                                                     -3.141    -2.247 r  clk_wiz/inst/mmcm_adv_inst/CLKOUT0
                         net (fo=1, routed)           0.534    -1.713    clk_wiz/inst/clk_out1_clk_wiz_0
    BUFGCTRL_X0Y16       BUFG (Prop_bufg_I_O)         0.029    -1.684 r  clk_wiz/inst/clkout1_buf/O
                         net (fo=11926, routed)       0.857    -0.828    vga_to_hdmi/u_hdmiTx/encGreen/clk_out1
    SLICE_X0Y20          FDCE                                         r  vga_to_hdmi/u_hdmiTx/encGreen/tmdsOut_reg[0]/C

Slack:                    inf
  Source:                 clk_wiz/inst/mmcm_adv_inst/LOCKED
                            (internal pin)
  Destination:            vga_to_hdmi/u_hdmiTx/encGreen/tmdsOut_reg[2]/PRE
                            (removal check against rising-edge clock clk_out1_clk_wiz_0  {rise@0.000ns fall@12.500ns period=25.000ns})
  Path Group:             (none)
  Path Type:              Removal (Min at Fast Process Corner)
  Data Path Delay:        1.246ns  (logic 0.045ns (3.613%)  route 1.201ns (96.387%))
  Logic Levels:           1  (LUT1=1)
  Clock Uncertainty:      0.182ns  ((TSJ^2 + DJ^2)^1/2) / 2 + PE
    Total System Jitter     (TSJ):    0.050ns
    Discrete Jitter          (DJ):    0.159ns
    Phase Error              (PE):    0.099ns

    Location             Delay type                Incr(ns)  Path(ns)    Netlist Resource(s)
  -------------------------------------------------------------------    -------------------
    MMCME2_ADV_X0Y1      MMCME2_ADV                   0.000     0.000 r  clk_wiz/inst/mmcm_adv_inst/LOCKED
                         net (fo=2, routed)           0.607     0.607    vga_to_hdmi/u_hdmiTx/encRed/locked
    SLICE_X1Y27          LUT1 (Prop_lut1_I0_O)        0.045     0.652 f  vga_to_hdmi/u_hdmiTx/encRed/master_i_1/O
                         net (fo=50, routed)          0.593     1.246    vga_to_hdmi/u_hdmiTx/encGreen/AR[0]
    SLICE_X0Y20          FDPE                                         f  vga_to_hdmi/u_hdmiTx/encGreen/tmdsOut_reg[2]/PRE
  -------------------------------------------------------------------    -------------------

                         (clock clk_out1_clk_wiz_0 rise edge)
                                                      0.000     0.000 r  
    F14                                               0.000     0.000 r  CLOCK_100 (IN)
                         net (fo=0)                   0.000     0.000    clk_wiz/inst/clk_in1
    F14                  IBUF (Prop_ibuf_I_O)         0.414     0.414 r  clk_wiz/inst/clkin1_ibufg/O
                         net (fo=1, routed)           0.480     0.894    clk_wiz/inst/clk_in1_clk_wiz_0
    MMCME2_ADV_X0Y1      MMCME2_ADV (Prop_mmcme2_adv_CLKIN1_CLKOUT0)
                                                     -3.141    -2.247 r  clk_wiz/inst/mmcm_adv_inst/CLKOUT0
                         net (fo=1, routed)           0.534    -1.713    clk_wiz/inst/clk_out1_clk_wiz_0
    BUFGCTRL_X0Y16       BUFG (Prop_bufg_I_O)         0.029    -1.684 r  clk_wiz/inst/clkout1_buf/O
                         net (fo=11926, routed)       0.857    -0.828    vga_to_hdmi/u_hdmiTx/encGreen/clk_out1
    SLICE_X0Y20          FDPE                                         r  vga_to_hdmi/u_hdmiTx/encGreen/tmdsOut_reg[2]/C

Slack:                    inf
  Source:                 clk_wiz/inst/mmcm_adv_inst/LOCKED
                            (internal pin)
  Destination:            vga_to_hdmi/u_hdmiTx/encGreen/tmdsOut_reg[9]/PRE
                            (removal check against rising-edge clock clk_out1_clk_wiz_0  {rise@0.000ns fall@12.500ns period=25.000ns})
  Path Group:             (none)
  Path Type:              Removal (Min at Fast Process Corner)
  Data Path Delay:        1.246ns  (logic 0.045ns (3.613%)  route 1.201ns (96.387%))
  Logic Levels:           1  (LUT1=1)
  Clock Uncertainty:      0.182ns  ((TSJ^2 + DJ^2)^1/2) / 2 + PE
    Total System Jitter     (TSJ):    0.050ns
    Discrete Jitter          (DJ):    0.159ns
    Phase Error              (PE):    0.099ns

    Location             Delay type                Incr(ns)  Path(ns)    Netlist Resource(s)
  -------------------------------------------------------------------    -------------------
    MMCME2_ADV_X0Y1      MMCME2_ADV                   0.000     0.000 r  clk_wiz/inst/mmcm_adv_inst/LOCKED
                         net (fo=2, routed)           0.607     0.607    vga_to_hdmi/u_hdmiTx/encRed/locked
    SLICE_X1Y27          LUT1 (Prop_lut1_I0_O)        0.045     0.652 f  vga_to_hdmi/u_hdmiTx/encRed/master_i_1/O
                         net (fo=50, routed)          0.593     1.246    vga_to_hdmi/u_hdmiTx/encGreen/AR[0]
    SLICE_X0Y20          FDPE                                         f  vga_to_hdmi/u_hdmiTx/encGreen/tmdsOut_reg[9]/PRE
  -------------------------------------------------------------------    -------------------

                         (clock clk_out1_clk_wiz_0 rise edge)
                                                      0.000     0.000 r  
    F14                                               0.000     0.000 r  CLOCK_100 (IN)
                         net (fo=0)                   0.000     0.000    clk_wiz/inst/clk_in1
    F14                  IBUF (Prop_ibuf_I_O)         0.414     0.414 r  clk_wiz/inst/clkin1_ibufg/O
                         net (fo=1, routed)           0.480     0.894    clk_wiz/inst/clk_in1_clk_wiz_0
    MMCME2_ADV_X0Y1      MMCME2_ADV (Prop_mmcme2_adv_CLKIN1_CLKOUT0)
                                                     -3.141    -2.247 r  clk_wiz/inst/mmcm_adv_inst/CLKOUT0
                         net (fo=1, routed)           0.534    -1.713    clk_wiz/inst/clk_out1_clk_wiz_0
    BUFGCTRL_X0Y16       BUFG (Prop_bufg_I_O)         0.029    -1.684 r  clk_wiz/inst/clkout1_buf/O
                         net (fo=11926, routed)       0.857    -0.828    vga_to_hdmi/u_hdmiTx/encGreen/clk_out1
    SLICE_X0Y20          FDPE                                         r  vga_to_hdmi/u_hdmiTx/encGreen/tmdsOut_reg[9]/C

Slack:                    inf
  Source:                 clk_wiz/inst/mmcm_adv_inst/LOCKED
                            (internal pin)
  Destination:            vga_to_hdmi/u_hdmiTx/encRed/tmdsOut_reg[0]/CLR
                            (removal check against rising-edge clock clk_out1_clk_wiz_0  {rise@0.000ns fall@12.500ns period=25.000ns})
  Path Group:             (none)
  Path Type:              Removal (Min at Fast Process Corner)
  Data Path Delay:        1.246ns  (logic 0.045ns (3.613%)  route 1.201ns (96.387%))
  Logic Levels:           1  (LUT1=1)
  Clock Uncertainty:      0.182ns  ((TSJ^2 + DJ^2)^1/2) / 2 + PE
    Total System Jitter     (TSJ):    0.050ns
    Discrete Jitter          (DJ):    0.159ns
    Phase Error              (PE):    0.099ns

    Location             Delay type                Incr(ns)  Path(ns)    Netlist Resource(s)
  -------------------------------------------------------------------    -------------------
    MMCME2_ADV_X0Y1      MMCME2_ADV                   0.000     0.000 r  clk_wiz/inst/mmcm_adv_inst/LOCKED
                         net (fo=2, routed)           0.607     0.607    vga_to_hdmi/u_hdmiTx/encRed/locked
    SLICE_X1Y27          LUT1 (Prop_lut1_I0_O)        0.045     0.652 f  vga_to_hdmi/u_hdmiTx/encRed/master_i_1/O
                         net (fo=50, routed)          0.593     1.246    vga_to_hdmi/u_hdmiTx/encRed/AR[0]
    SLICE_X0Y20          FDCE                                         f  vga_to_hdmi/u_hdmiTx/encRed/tmdsOut_reg[0]/CLR
  -------------------------------------------------------------------    -------------------

                         (clock clk_out1_clk_wiz_0 rise edge)
                                                      0.000     0.000 r  
    F14                                               0.000     0.000 r  CLOCK_100 (IN)
                         net (fo=0)                   0.000     0.000    clk_wiz/inst/clk_in1
    F14                  IBUF (Prop_ibuf_I_O)         0.414     0.414 r  clk_wiz/inst/clkin1_ibufg/O
                         net (fo=1, routed)           0.480     0.894    clk_wiz/inst/clk_in1_clk_wiz_0
    MMCME2_ADV_X0Y1      MMCME2_ADV (Prop_mmcme2_adv_CLKIN1_CLKOUT0)
                                                     -3.141    -2.247 r  clk_wiz/inst/mmcm_adv_inst/CLKOUT0
                         net (fo=1, routed)           0.534    -1.713    clk_wiz/inst/clk_out1_clk_wiz_0
    BUFGCTRL_X0Y16       BUFG (Prop_bufg_I_O)         0.029    -1.684 r  clk_wiz/inst/clkout1_buf/O
                         net (fo=11926, routed)       0.857    -0.828    vga_to_hdmi/u_hdmiTx/encRed/clk_out1
    SLICE_X0Y20          FDCE                                         r  vga_to_hdmi/u_hdmiTx/encRed/tmdsOut_reg[0]/C





