// generated by img_tool.py -- packed from mems/jensen_huang.jpg
// 64x64 RGB, one 32-bit element per pixel (0x00BBGGRR), 4096 elements, loaded into data_buffer.sv
00000000000000000000000000000000
00000000000000000000000000000000
00000000000000000000000000000000
00000000000000000000000000000000
00000000000000000000000000000000
00000000000000000000000000000000
00000000000000000000000000000000
00000000000000000000000000000000
00000000000000000000000000000000
00000000000000000000000000000000
00000000000000000000000000000000
00000000000000000000000000000000
00000000000000000000000000000000
00000000000000000000000000000000
00000000000000100000001000000010
00000000000011000000100000000011
00000000001100010010000000001011
00000000011110000101000100101011
00000000100010000101101100110101
00000000100010000101101100110101
00000000100001110101101000110101
00000000100010000101100100111001
00000000100001110101100000111000
00000000100001110101100000111000
00000000100001110101100000111000
00000000100000110101100100110110
00000000100000100101101000110000
00000000100001000101101000101111
00000000100001000101100100110010
00000000100000110101100000110001
00000000100000100101011100110000
00000000100000010101011100101101
00000000100000010101011000101111
00000000011111110101010100110010
00000000011111100101010000110001
00000000100000100101010000110010
00000000100000010101010000110011
00000000011110000100111100101110
00000000011101100100111100101111
00000000011101000100111000101110
00000000011000110100010100101010
00000000010011010011011000011100
00000000001110000010011100001100
00000000001010100001011100001010
00000000000101010000111100001010
00000000000011000000110100000100
00000000000010100000011100000010
00000000000000010000000000000010
00000000000000010000000100000001
00000000000000010000000100000001
00000000000000010000000100000001
00000000000000010000000100000001
00000000000000010000000100000001
00000000000001010000001100000010
00000000000011100000100100000110
00000000000000000000000000000000
00000000000000000000000000000000
00000000000000000000000000000000
00000000000000000000000000000000
00000000000000000000000000000000
00000000000000000000000000000000
00000000000000000000000000000000
00000000000000000000000000000000
00000000000000000000000000000000
00000000000000000000000000000000
00000000000000000000000000000000
00000000000000000000000000000000
00000000000000000000000000000000
00000000000000000000000000000000
00000000000000000000000000000000
00000000000000000000000000000000
00000000000000000000000000000000
00000000000000000000000000000000
00000000000000000000000000000000
00000000000000000000000000000000
00000000000000000000000000000000
00000000000000000000000000000000
00000000000000000000000000000000
00000000000000010000000100000001
00000000000010010000011000000010
00000000001011000001111000001000
00000000011110110101010000101101
00000000100011010110000000111011
00000000100011010110000000111011
00000000100011000101111100111010
00000000100010110101110000111100
00000000100011000101110100111101
00000000100010110101111000111101
00000000100010110101111000111101
00000000100010000101111000111011
00000000100001110101110100111000
00000000100010010101111000110111
00000000100010000101110000110111
00000000100001110101101100110110
00000000100010000101110000110111
00000000100010000101101100111001
00000000100001110101101000111001
00000000100001000101100100111000
00000000100001000101100100111000
00000000100001100101100100111000
00000000100000110101010100110110
00000000011111000101001100110011
00000000011111000101001100110011
00000000011101110101000100110001
00000000011000110100010100101010
00000000010011010011010100011101
00000000001101110010011000001100
00000000001001110001011000001001
00000000000101010000111100001010
00000000000011000000110100000100
00000000000010100000011100000010
00000000000000010000000000000010
00000000000000010000000100000001
00000000000000010000000100000001
00000000000000010000000100000001
00000000000000010000000100000001
00000000000000010000000100000001
00000000000010000000011000000101
00000000000011010000100000000101
00000000000000000000000000000000
00000000000000000000000000000000
00000000000000000000000000000000
00000000000000000000000000000000
00000000000000000000000000000000
00000000000000000000000000000000
00000000000000000000000000000000
00000000000000000000000000000000
00000000000000000000000000000000
00000000000000000000000000000000
00000000000000000000000000000000
00000000000000000000000000000000
00000000000000000000000000000000
00000000000000000000000000000000
00000000000000000000000000000000
00000000000000000000000000000000
00000000000000000000000000000000
00000000000000000000000000000000
00000000000000000000000000000000
00000000000000000000000000000000
00000000000000000000000000000000
00000000000000000000000000000000
00000000000000000000000000000000
00000000000000000000000000000000
00000000000010000000010100000001
00000000001010110001110000001001
00000000100000010101011100110100
00000000100100100110010001000010
00000000100100100110010001000010
00000000100100000110011001000011
00000000100011100110001101000010
00000000100011100110001101000010
00000000100011100110001101000010
00000000100011100110001101000010
00000000100011010110001001000001
00000000100011010110001001000001
00000000100011010110000000111111
00000000100011100110000100111111
00000000100100000110001101000001
00000000100011010110000000111110
00000000100011000101111100111101
00000000100010110101110100111110
00000000100010010101111000111101
00000000100010000101110100111100
00000000100001110101101100111100
00000000100001110101100000111100
00000000100000000101011000111001
00000000100000010101011000110101
00000000011110100101000100110001
00000000011001100100001100101001
00000000010011000011010000011110
00000000001110000010011000001111
00000000001001110001011000001001
00000000000101110000111000001010
00000000000011000000110100000100
00000000000010100000011100000010
00000000000000010000000000000010
00000000000000010000000100000001
00000000000000010000000100000001
00000000000000010000000100000001
00000000000000010000000100000001
00000000000000010000000100000001
00000000000010100000100000000111
00000000000011010000100000000101
00000000000000000000000000000000
00000000000000000000000000000000
00000000000000000000000000000000
00000000000000000000000000000000
00000000000000000000000000000000
00000000000000000000000000000000
00000000000000000000000000000000
00000000000000000000000000000000
00000000000000000000000000000000
00000000000000000000000000000000
00000000000000000000000000000000
00000000000000000000000000000000
00000000000000000000000000000000
00000000000000000000000000000000
00000000000000000000000000000000
00000000000000000000000000000000
00000000000000000000000000000000
00000000000000000000000000000000
00000000000000000000000000000000
00000000000000000000000000000000
00000000000000000000000000000000
00000000000000000000000000000000
00000000000000000000000000000000
00000000000000010000000100000001
00000000000001010000001100000010
00000000001001110001100100000111
00000000100001000101011100110101
00000000100101000110011001000100
00000000100101000110011001000100
00000000100101000110100001000011
00000000100100110110011001000100
00000000100100000110011001000011
00000000100100000110010101000100
00000000100100100110010101000011
00000000100100000110010101000100
00000000100011100110001101000010
00000000100011010110000101000010
00000000100011110110010001000011
00000000100011110110010001000011
00000000100011100110001101000010
00000000100011010110001001000001
00000000100010010110001001000010
00000000100010010110000001000000
00000000100010010110000001000000
00000000100010100101111000111111
00000000100001110101101100111110
00000000100000110101011100111010
00000000100000100101011000110111
00000000011101100101000000101101
00000000011001000100000000101000
00000000010011000011001100011111
00000000001101000010011000010100
00000000001010010001100100001000
00000000000110100000111000001000
00000000000011110000110000000100
00000000000001110000011000000010
00000000000000000000000000000000
00000000000000010000000100000001
00000000000000010000000100000001
00000000000000010000000100000001
00000000000000010000000100000001
00000000000000010000000100000001
00000000000011100000101100000111
00000000000010110000011100000110
00000000000000000000000000000000
00000000000000000000000000000000
00000000000000000000000000000000
00000000000000000000000000000000
00000000000000000000000000000000
00000000000000000000000000000000
00000000000000000000000000000000
00000000000000000000000000000000
00000000000000000000000000000000
00000000000000000000000000000000
00000000000000000000000000000000
00000000000000000000000000000000
00000000000000000000000000000000
00000000000000000000000000000000
00000000000000000000000000000000
00000000000000000000000000000000
00000000000000000000000000000000
00000000000000000000000000000000
00000000000000000000000000000000
00000000000000000000000000000000
00000000000000000000000000000000
00000000000000000000000000000000
00000000000000000000000000000000
00000000000000010000000100000001
00000000000001010000001100000010
00000000001010000001101000001000
00000000100010000101110000110111
00000000100101110110101001000100
00000000100101110110101001000100
00000000100101100110101101000100
00000000100101100110101101000100
00000000100101010110100001000110
00000000100100110110100101000110
00000000100101010110100001000110
00000000100101010110011101000101
00000000100101000110011001000100
00000000100100110110010101000011
00000000100100100110100001000101
00000000100100100110100001000101
00000000100100010110011101000100
00000000100100000110010101000100
00000000100010110110010101000011
00000000100010110110010101000011
00000000100010010110001001000010
00000000100010110110001001000010
00000000100001110101110101000000
00000000100001010101100100111100
00000000100000110101100000110111
00000000011101110101000100101110
00000000011000010011111100100111
00000000010010100011001000011110
00000000001101000010011000010100
00000000001010100001101000001010
00000000000110100000111100000111
00000000000011100000101100000011
00000000000001100000010100000001
00000000000000000000000000000000
00000000000000010000000100000001
00000000000000010000000100000001
00000000000000010000000100000001
00000000000000010000000100000001
00000000000000010000000100000001
00000000000011110000110000001000
00000000000010010000010100000100
00000000000000010000000100000001
00000000000000000000000000000000
00000000000000000000000000000000
00000000000000000000000000000000
00000000000000000000000000000000
00000000000000000000000000000000
00000000000000000000000000000000
00000000000000000000000000000000
00000000000000000000000000000000
00000000000000000000000000000000
00000000000000000000000000000000
00000000000000000000000000000000
00000000000000000000000000000000
00000000000000000000000000000000
00000000000000000000000000000000
00000000000000000000000000000000
00000000000000000000000000000000
00000000000000000000000000000000
00000000000000000000000000000000
00000000000000000000000000000000
00000000000000000000000000000000
00000000000000000000000000000000
00000000000000000000000000000000
00000000000000010000000100000001
00000000000001010000001100000010
00000000001010100001101000001001
00000000100010110101110100111011
00000000100111000110101101000101
00000000100110000110101101000101
00000000100101100110101001000001
00000000100101100110101001000001
00000000100101110110101001000101
00000000100110000110101001001000
00000000100101110110101001000101
00000000100101110110101001000100
00000000100101100110100101000100
00000000100101100110100101000100
00000000100101010110101001000011
00000000100101100110101101000100
00000000100101100110101101000100
00000000100100110110100101000100
00000000100100100110100001000011
00000000100011100110100101000011
00000000100100000110011101000110
00000000100100000110101001001000
00000000100010110110010101000111
00000000100001110101110001000001
00000000100000100101100100111001
00000000011110000101001000110000
00000000011000010011111100100111
00000000010001010011000000011011
00000000001100110010010100010011
00000000001001100001100100001001
00000000000110010001000000000111
00000000000011010000101000000010
00000000000001110000001100000010
00000000000000010000000000000010
00000000000000010000000100000001
00000000000000010000000100000001
00000000000000010000000100000001
00000000000000010000000100000001
00000000000000010000000100000001
00000000000100000000110100001001
00000000000000110000001100000011
00000000000000010000000100000001
00000000000000000000000000000000
00000000000000000000000000000000
00000000000000000000000000000000
00000000000000000000000000000000
00000000000000000000000000000000
00000000000000000000000000000000
00000000000000000000000000000000
00000000000000000000000000000000
00000000000000000000000000000000
00000000000000000000000000000000
00000000000000000000000000000000
00000000000000000000000000000000
00000000000000000000000000000000
00000000000000000000000000000000
00000000000000000000000000000000
00000000000000000000000000000000
00000000000000000000000000000000
00000000000000000000000000000000
00000000000000000000000000000000
00000000000000000000000000000000
00000000000000000000000000000000
00000000000000000000000000000000
00000000000000010000000100000001
00000000000001010000001100000010
00000000001011110001111100001110
00000000100100100110001100111101
00000000100111100110110101000111
00000000100110100110110101000111
00000000100110100110110101000111
00000000100110100110110101000111
00000000100110110110111001001001
00000000100110110110110101001011
00000000100110100110110101001000
00000000100110100110110101000111
00000000100110100110110101000111
00000000100110100110110101000111
00000000100110010110110101000100
00000000100110010110110101000100
00000000100110010110111001000111
00000000100101010110101101000110
00000000100101010110101101000110
00000000100001100110101101010001
00000000101111011010110010011111
00000000110101011101000111001100
00000000110111111101011011001101
00000000100010010110001001000110
00000000100001010101110000111011
00000000011101110101000100101111
00000000010111010011111000100101
00000000010001000010111100011010
00000000001011110010001000010010
00000000001001000001011100000111
00000000000110010001000000000111
00000000000011000000100100000001
00000000000001100000001000000001
00000000000000000000000000000001
00000000000000010000000100000001
00000000000000010000000100000001
00000000000000010000000100000001
00000000000000010000000100000001
00000000000000100000001000000010
00000000000100010000110100001000
00000000000000100000001000000010
00000000000000000000000000000000
00000000000000000000000000000000
00000000000000000000000000000000
00000000000000000000000000000000
00000000000000000000000000000000
00000000000000000000000000000000
00000000000000000000000000000000
00000000000000000000000000000000
00000000000000000000000000000000
00000000000000000000000000000000
00000000000000000000000000000000
00000000000000000000000000000000
00000000000000000000000000000000
00000000000000000000000000000000
00000000000000000000000000000000
00000000000000000000000000000000
00000000000000000000000000000000
00000000000000000000000000000000
00000000000000000000000000000000
00000000000000000000000000000000
00000000000000000000000000000000
00000000000000000000000000000000
00000000000000000000000000000000
00000000000000010000000100000001
00000000000001100000010000000011
00000000001111000010100100010100
00000000100110100110100101000001
00000000101000100111000101001011
00000000100111100111000101001011
00000000100111100111000101001100
00000000100111100111000101001100
00000000100111100111000101001100
00000000100111010110111101001101
00000000100111000110111101001010
00000000100111000110111101001001
00000000100111010111000001001010
00000000100111010111000101001000
00000000100111000111000001000111
00000000100110110110111101000110
00000000100111000110111101001001
00000000100101110111011101100100
00000000111000101110000011011111
00000000100110101001110010011100
00000000011010100110110001101101
00000000100100101000111110010001
00000000100110001001001110010100
00000000101010001001110010011000
00000000100000010101110000111010
00000000011100100101001000101110
00000000010110110011111100100001
00000000010000010010110100011011
00000000001011010010000000010000
00000000001000100001010100000101
00000000000110000000111100000110
00000000000011000000100100000001
00000000000001100000001000000001
00000000000000010000000000000010
00000000000000010000000100000001
00000000000000010000000100000001
00000000000000010000000100000001
00000000000000000000000000000000
00000000000001000000010000000100
00000000000100110000110100000110
00000000000000010000000100000001
00000000000000010000000100000001
00000000000000000000000000000000
00000000000000000000000000000000
00000000000000000000000000000000
00000000000000000000000000000000
00000000000000000000000000000000
00000000000000000000000000000000
00000000000000000000000000000000
00000000000000000000000000000000
00000000000000000000000000000000
00000000000000000000000000000000
00000000000000000000000000000000
00000000000000000000000000000000
00000000000000000000000000000000
00000000000000000000000000000000
00000000000000000000000000000000
00000000000000000000000000000000
00000000000000000000000000000000
00000000000000000000000000000000
00000000000000000000000000000000
00000000000000000000000000000000
00000000000000000000000000000000
00000000000000000000000000000000
00000000000000010000000100000001
00000000000001100000010000000011
00000000010001100011000100011011
00000000100111010111000101001000
00000000101001010111010101010001
00000000101000010111010101010000
00000000101000100111011001010001
00000000101000010111010101010000
00000000101000010111010101010000
00000000101000000111010001001111
00000000101000000111010001001111
00000000101000000111010001001111
00000000101000100111011001010001
00000000101000010111011001001111
00000000101000000111010101001110
00000000100111100111001101001100
00000000101110101001101110000100
00000000011111000111101101111101
00000000011110010111110010000001
00000000001111110100100001010010
00000000001111100100011001010111
00000000001111000100001001001111
00000000011001100110100001110010
00000000100011101000110110001001
00000000110100111100110011000011
00000000011011100101000100110110
00000000010101000011110000011110
00000000001111010010110000011001
00000000001011000001111100001111
00000000000111110001001100000111
00000000000101000000111000000011
00000000000010100000011100000010
00000000000001000000001000000010
00000000000000010000000100000001
00000000000000010000000100000001
00000000000000010000000100000001
00000000000000010000000100000001
00000000000000010000000100000001
00000000000010010000100000000100
00000000000100110000110100001000
00000000000000000000000000000000
00000000000000000000000000000000
00000000000000000000000000000000
00000000000000000000000000000000
00000000000000000000000000000000
00000000000000000000000000000000
00000000000000000000000000000000
00000000000000000000000000000000
00000000000000000000000000000000
00000000000000000000000000000000
00000000000000000000000000000000
00000000000000000000000000000000
00000000000000000000000000000000
00000000000000000000000000000000
00000000000000000000000000000000
00000000000000000000000000000000
00000000000000000000000000000000
00000000000000000000000000000000
00000000000000000000000000000000
00000000000000000000000000000000
00000000000000000000000000000000
00000000000000000000000000000000
00000000000000000000000000000000
00000000000000000000000000000000
00000000000000010000000100000001
00000000000001100000010000000011
00000000010100110011101000100000
00000000101000110111011001010001
00000000101010010111110001010111
00000000101001100111110001011001
00000000101001100111110001011001
00000000101001010111101101011000
00000000101001010111100101010100
00000000101001010111100101010100
00000000101001010111100001010110
00000000101001100111100101010111
00000000101010000111101101011001
00000000101001100111101001010101
00000000101001100111101001010101
00000000101001010111100001010110
00000000100110011001101110011011
00000000101000111010101010100111
00000000010000110100011101011010
00000000010001010101100001111001
00000000011000000111011010011111
00000000010011010110000110000100
00000000010101110110010110000001
00000000011110100111111010000011
00000000110111111101111111011111
00000000101110001011010110110001
00000000010100100011110000100000
00000000001110010010101100010101
00000000001010110001111100001101
00000000000111100001001000000110
00000000000100110000110000000011
00000000000010010000011000000010
00000000000000110000000100000001
00000000000000000000000000000000
00000000000000010000000100000001
00000000000000010000000100000001
00000000000000010000000100000001
00000000000000010000000100000001
00000000000011110000110000001000
00000000000100000000101000000101
00000000000000000000000000000000
00000000000000000000000000000000
00000000000000000000000000000000
00000000000000000000000000000000
00000000000000000000000000000000
00000000000000000000000000000000
00000000000000000000000000000000
00000000000000000000000000000000
00000000000000000000000000000000
00000000000000000000000000000000
00000000000000000000000000000000
00000000000000000000000000000000
00000000000000000000000000000000
00000000000000000000000000000000
00000000000000000000000000000000
00000000000000000000000000000000
00000000000000000000000000000000
00000000000000000000000000000000
00000000000000000000000000000000
00000000000000000000000000000000
00000000000000000000000000000000
00000000000000000000000000000000
00000000000000010000000100000001
00000000000000010000000100000001
00000000000000110000000100000001
00000000000001110000010100000100
00000000011001000100010000100111
00000000101010010111110101011000
00000000101010111000000101011110
00000000101010111000000101011110
00000000101001111000000101011110
00000000101001101000000001011101
00000000101010100111111101011110
00000000101010010111111101011100
00000000101010010111111001011101
00000000101010100111111101011110
00000000101010100111111101011110
00000000101010000111110101011100
00000000101010000111110101011100
00000000101011001000000101011010
00000000100000110111111110000100
00000000010111000110010101101001
00000000011001100111100010100001
00000000011110001001001111000110
00000000011111011001100111001000
00000000011111101001010111000010
00000000011011101000011010110100
00000000011101111000001110011011
00000000101111001011110111000001
00000000110100001101000011010000
00000000010101010100001000100111
00000000001110010010101100010101
00000000001001110001110100001011
00000000000111000001001000001000
00000000000100000000101000000101
00000000000001110000001100000010
00000000000000010000000100000001
00000000000000010000000100000001
00000000000000010000000100000001
00000000000000010000000100000001
00000000000000010000000100000001
00000000000000010000000100000001
00000000000110010000111000001010
00000000000010110000100000000100
00000000000000000000000000000000
00000000000000000000000000000000
00000000000000000000000000000000
00000000000000000000000000000000
00000000000000000000000000000000
00000000000000000000000000000000
00000000000000000000000000000000
00000000000000000000000000000000
00000000000000000000000000000000
00000000000000000000000000000000
00000000000000000000000000000000
00000000000000000000000000000000
00000000000000000000000000000000
00000000000000000000000000000000
00000000000000000000000000000000
00000000000000000000000000000000
00000000000000000000000000000000
00000000000000000000000000000000
00000000000000000000000000000000
00000000000000000000000000000000
00000000000000000000000000000000
00000000000000000000000000000000
00000000000000010000000100000001
00000000000000010000000100000001
00000000000000110000000100000001
00000000000010100000011100000011
00000000011100100101001000101111
00000000101011111000010001011101
00000000101011111000011001011111
00000000101011111000011001011111
00000000101011001000010101011111
00000000101010111000010001011110
00000000101011011000001101011110
00000000101011011000001101100000
00000000101011011000001101100000
00000000101011101000010001100001
00000000101011101000010001100001
00000000101011001000001001011111
00000000101010111000000101011110
00000000101001111000010001100011
00000000100011101000101010010000
00000000010110100110110110001110
00000000011010001000001010111000
00000000011011011000100011000000
00000000100000001001101011001001
00000000011011001000101111000000
00000000010101110111000110101101
00000000011001000111101110101000
00000000100100001001001110011000
00000000110010111100101011001100
00000000010001100011011000011111
00000000001101010010011100010100
00000000001001010001101100001001
00000000000110100001000000000110
00000000000011100000011100000100
00000000000001110000001100000010
00000000000000010000000100000001
00000000000000010000000100000001
00000000000000010000000100000001
00000000000000010000000100000001
00000000000000010000000100000001
00000000000000100000001000000010
00000000000110010000111100001000
00000000000010000000010100000001
00000000000000000000000000000000
00000000000000000000000000000000
00000000000000000000000000000000
00000000000000000000000000000000
00000000000000000000000000000000
00000000000000000000000000000000
00000000000000000000000000000000
00000000000000000000000000000000
00000000000000000000000000000000
00000000000000000000000000000000
00000000000000000000000000000000
00000000000000000000000000000000
00000000000000000000000000000000
00000000000000000000000000000000
00000000000000000000000000000000
00000000000000000000000000000000
00000000000000000000000000000000
00000000000000000000000000000000
00000000000000000000000000000000
00000000000000000000000000000000
00000000000000000000000000000000
00000000000000000000000000000000
00000000000000010000000100000001
00000000000000010000000100000001
00000000000001000000001000000010
00000000000011100000100000000001
00000000011111110110000000111001
00000000101100101000100001011110
00000000101100101000100101100010
00000000101100101000100101100010
00000000101100101000100101100010
00000000101100011000100001100001
00000000101100011000011101100010
00000000101100001000011001100001
00000000101100001000011001100001
00000000101100001000011001100001
00000000101100001000011001100001
00000000101100001000011001100011
00000000101011111000010101100010
00000000101100101000101101101011
00000000100111111001011110100001
00000000011001000111100110101100
00000000100011111001100011000011
00000000100000011001100011001010
00000000100001001001101111001001
00000000011011011000001110110111
00000000011100011000011010111001
00000000010110110111000010100100
00000000100110001001110110101100
00000000100110001001011010011100
00000000001111100011011000101111
00000000001101010010011100010100
00000000001001010001101100001010
00000000000110010000111100000101
00000000000011100000011100000100
00000000000001100000001000000001
00000000000000010000000100000001
00000000000000010000000100000001
00000000000000010000000100000001
00000000000000010000000100000001
00000000000000010000000100000001
00000000000000110000001100000011
00000000000110010000111100001000
00000000000001100000001100000000
00000000000000000000000000000000
00000000000000000000000000000000
00000000000000000000000000000000
00000000000000000000000000000000
00000000000000000000000000000000
00000000000000000000000000000000
00000000000000000000000000000000
00000000000000000000000000000000
00000000000000000000000000000000
00000000000000000000000000000000
00000000000000000000000000000000
00000000000000000000000000000000
00000000000000000000000000000000
00000000000000000000000000000000
00000000000000000000000000000000
00000000000000000000000000000000
00000000000000000000000000000000
00000000000000000000000000000000
00000000000000000000000000000000
00000000000000000000000000000000
00000000000000010000000100000001
00000000000000010000000100000001
00000000000000010000000100000001
00000000000000010000000100000001
00000000000001000000001000000001
00000000000100100000111000000011
00000000100010110110110000111111
00000000101101101000101101100100
00000000101110001000111001100100
00000000101110001000111001100100
00000000101110001000111001100100
00000000101101101000110101100110
00000000101101001000101101100100
00000000101101001000101101100100
00000000101101101000110001100010
00000000101101001000101101100100
00000000101101001000101101100100
00000000101100111000100101100100
00000000101100101000100001100011
00000000101100011000100101100110
00000000101001101010000110110000
00000000011000000111010110101000
00000000100001101001010011000100
00000000011111001001000111000100
00000000100000111001100011001011
00000000011011011000001010110110
00000000011110011000010010110000
00000000011010110111101110100110
00000000011001010110110001111111
00000000100001101000010110001110
00000000011001000101110001010101
00000000001101000010011000010011
00000000001000100001011000001010
00000000000101100000111100000110
00000000000011000000011100000100
00000000000001000000001000000010
00000000000000010000000100000001
00000000000000010000000100000001
00000000000000010000000100000001
00000000000000010000000100000001
00000000000000010000000100000001
00000000000010010000010100000100
00000000000101100000111000000111
00000000000000010000000100000001
00000000000000000000000000000000
00000000000000000000000000000000
00000000000000000000000000000000
00000000000000000000000000000000
00000000000000000000000000000000
00000000000000010000000100000001
00000000000000010000000100000001
00000000000000010000000100000001
00000000000000010000000100000001
00000000000000010000000100000001
00000000000000000000000000000000
00000000000000000000000000000000
00000000000000000000000000000000
00000000000000000000000000000000
00000000000000000000000000000000
00000000000000000000000000000000
00000000000000000000000000000000
00000000000000000000000000000000
00000000000000000000000000000000
00000000000000000000000000000000
00000000000000010000000100000001
00000000000000010000000100000001
00000000000000010000000100000001
00000000000000010000001000000000
00000000000001010000010000000000
00000000000110110001010000000101
00000000100101010111010101001010
00000000101110101000111101101000
00000000101111001001000001101011
00000000101111001001000001101011
00000000101110011000111101101010
00000000101110011000111101101010
00000000101110011000111101101100
00000000101110011000111101101010
00000000101110111001000001101001
00000000101110001000111101101000
00000000101110001000111101101000
00000000101101101000110001100111
00000000101101101000110001100111
00000000101100001000101001101000
00000000100010011000001110010100
00000000011011111000000010110001
00000000100000101001011011000110
00000000100101111010100111011000
00000000100101101010100111010110
00000000100011101010011011010100
00000000011100011000001010110011
00000000011011100111111010101101
00000000011010100110101110000101
00000000011110100111110010000111
00000000001111110011011000101101
00000000001100010010001100010000
00000000000111010001010000000111
00000000000100100000110100000100
00000000000010100000010100000010
00000000000000110000000100000001
00000000000000010000000100000001
00000000000000010000000100000001
00000000000000010000000100000001
00000000000000010000000100000001
00000000000000010000000100000001
00000000000010110000100000000100
00000000000100110000110100000110
00000000000000000000000000000000
00000000000000000000000000000000
00000000000000000000000000000000
00000000000000000000000000000000
00000000000000000000000000000000
00000000000000000000000000000000
00000000000000010000000100000001
00000000000000010000000100000001
00000000000000010000000100000001
00000000000000010000000100000001
00000000000000010000000100000001
00000000000000000000000000000000
00000000000000000000000000000000
00000000000000000000000000000000
00000000000000000000000000000000
00000000000000000000000000000000
00000000000000000000000000000000
00000000000000000000000000000000
00000000000000000000000000000000
00000000000000000000000000000000
00000000000000000000000000000000
00000000000000010000000100000001
00000000000000010000001000000000
00000000000000000000000000000100
00000000100110001001011011001010
00000000000001100000011000000000
00000000001010100001111000001100
00000000101000100111111001011000
00000000101111011001001101110000
00000000101111011001001101110000
00000000101111011001001001110001
00000000101111001001001101110010
00000000101111001001001101110010
00000000101111011001001001110001
00000000101110111001001101110000
00000000101110101001001001101111
00000000101110011001001001101011
00000000101110001001000101101010
00000000101110001001000101101011
00000000101110011001000101101110
00000000101110011001000101101110
00000000011011110111001110000110
00000000011100101000001010110001
00000000011111111000100010101001
00000000100010101001011110111101
00000000011110111000101010111000
00000000011000000111001110011110
00000000011111001000110010110110
00000000011001110111101010101101
00000000001111110100111001111100
00000000011010100110101101111001
00000000010000110011100000110100
00000000001011010010001000001110
00000000000111010001010000000111
00000000000011100000101100000011
00000000000001010000001100000011
00000000000001000000001000000010
00000000000000010000000100000001
00000000000000010000000100000001
00000000000000010000000100000001
00000000000000000000000000000000
00000000000000000000000000000000
00000000000100000000110000000111
00000000000011110000101100000110
00000000000000010000000000000010
00000000000000000000000000000000
00000000000000000000000000000000
00000000000000000000000000000000
00000000000000000000000000000000
00000000000000000000000000000000
00000000110000111100001111011011
00000000000000010000000100000001
00000000000000010000000000000010
00000000000000010000000100000001
00000000000000010000000100000001
00000000000000000000000000000000
00000000000000000000000000000000
00000000000000000000000000000000
00000000000000000000000000000000
00000000000000000000000000000000
00000000000000000000000000000000
00000000000000000000000000000000
00000000000000000000000000000000
00000000000000000000000000000000
00000000000000000000000000000000
00000000000000010000000100000001
00000000000000110000000000000010
00000000100010111000101011001010
00000000000111010001111101010101
00000000000001100000011000000000
00000000001110110010100000010011
00000000101011001000100001100010
00000000110001111010111010011110
00000000101111111001010101111000
00000000101111111001010101111000
00000000101111101001010101110101
00000000101111101001010101110101
00000000101111111001010001110011
00000000101111101001010101110100
00000000101111011001010001110011
00000000101111001001010101101111
00000000101110111001010001101110
00000000101111001001001101110010
00000000101111001001001101110010
00000000101111011001010001110011
00000000000101000001110000111001
00000000011000000111000010011111
00000000011101111000011010110100
00000000000101010010000101010001
00000000010011010101000001110110
00000000011111101001000010111001
00000000010101100110100110011100
00000000010110000110100110011100
00000000000000000000010000010111
00000000010110000101011101101011
00000000010101110100111101001111
00000000001011000010000100001101
00000000000111000001001100000110
00000000000011000000100100000001
00000000000001000000001000000010
00000000000000110000000100000001
00000000000000010000000100000001
00000000000000010000000100000001
00000000000000010000000100000001
00000000000000010000000100000001
00000000000000100000001000000010
00000000000101010001000000000111
00000000000011010000101000000010
00000000000000010000000000000010
00000000000000000000000000000000
00000000000000000000000000000000
00000000000000000000000000000000
00000000000000010000000100000001
00000000000000110000000000000010
00000000010011010100110010001110
00000000000000010000000000000010
00000000101101111011101111011110
00000000000000010000000100000001
00000000000000010000000100000001
00000000000000000000000000000000
00000000000000000000000000000000
00000000000000000000000000000000
00000000000000000000000000000000
00000000000000000000000000000000
00000000000000000000000000000000
00000000000000000000000000000000
00000000000000000000000000000000
00000000000000000000000000000000
00000000000000000000000000000000
00000000000000010000000100000001
00000000000000110000000100000001
00000000010011010100101110010001
00000000010000000100011001111011
00000000101010101011100011010101
00000000110011011101101111101101
00000000101001101010000110011000
00000000101100111001000101111001
00000000101111101001011001111101
00000000101111101001011001111101
00000000110000001001011001111001
00000000110000001001011001111001
00000000110000101001011001110111
00000000110000001001011101110111
00000000101111111001010101111000
00000000101111111001011101110100
00000000101111101001011001110011
00000000101111111001011001110101
00000000101111111001011001110110
00000000101111111001010101111000
00000000001001010011010001011011
00000000010010110101101010001000
00000000000101010001100100110001
00000000011101000111110110100010
00000000001110100100100101110111
00000000001101010100001001101110
00000000001011010011010101001100
00000000010101010110010010010010
00000000010000100101000010000101
00000000000100010001001100011011
00000000010100000100100101000110
00000000001010110010000000001100
00000000000110110001000100000111
00000000000011000000100100000001
00000000000000110000000100000001
00000000000000110000000100000001
00000000000000010000000100000001
00000000000000010000000100000001
00000000000000010000000100000001
00000000000000010000000100000001
00000000000000110000001100000011
00000000000110000001001000000111
00000000000010110000100000000000
00000000000000010000000000000010
00000000000000000000000000000000
00000000000000000000000000000000
00000000000000100000001000000010
00000000000000110000000100000001
00000000000000010000000100000001
00000000001100100011010001101110
00000000000000010000000100000001
00000000010001110100011110000011
00000000000000010000000100000001
00000000000000010000000100000001
00000000000000000000000000000000
00000000000000000000000000000000
00000000000000000000000000000000
00000000000000000000000000000000
00000000000000000000000000000000
00000000000000000000000000000000
00000000000000000000000000000000
00000000000000000000000000000000
00000000000000000000000000000000
00000000000000000000000000000000
00000000000000010000000100000001
00000000000101110001011000101010
00000000010011100100111110001011
00000000011111101000001110111010
00000000010111100110010110010111
00000000100011001001000110111110
00000000000110000001100000011000
00000000110011001001110110000001
00000000110000011001101001111110
00000000110000011001100110000000
00000000110000101001011101111100
00000000110010001001100101111101
00000000110001011001100101111100
00000000110000011001011101111010
00000000110000011001011101111010
00000000101111111001100001111000
00000000101111101001011101110111
00000000101111111001100001111000
00000000110000011001100001111000
00000000101111111001100101110111
00000000010001110101100110001110
00000000011111011000101110111011
00000000010111110110111110100100
00000000011000100111001010100000
00000000100100101010001011010000
00000000011110111000101110111010
00000000010111000111000110100100
00000000011011010111110010101101
00000000010010110101110110011100
00000000010011110101011101111111
00000000001101100100000001110110
00000000001010100001110100001101
00000000000110110001001000001001
00000000000011010000100100000100
00000000000000010000000100000001
00000000000000010000000100000001
00000000000000010000000100000001
00000000000000010000000100000001
00000000000000010000000100000001
00000000000000010000000100000001
00000000000000110000001100000011
00000000000110100001000100000111
00000000000001110000011000000010
00000000000000010000000100000001
00000000000000010000000100000001
00000000000000110000001100000011
00000000000010110000011000000011
00000000000010100000011000000101
00000000000000000000000000001101
00000000010110110110001010011011
00000000000000110000011000001011
00000000001001110010011101011101
00000000000000010000000000000010
00000000000000010000000100000001
00000000000000000000000000000000
00000000000000000000000000000000
00000000000000000000000000000000
00000000000000000000000000000000
00000000000000000000000000000000
00000000000000000000000000000000
00000000000000000000000000000000
00000000000000000000000000000000
00000000000000000000000000000000
00000000000000000000000000000000
00000000000000000000000000000000
00000000010110010101011101110100
00000000010101100101011010010010
00000000001101110011101101110101
00000000010101110101100110000010
00000000001100100011010001010110
00000000100010111010000010000111
00000000101110101001111010000110
00000000110001011001110110000001
00000000110001011001110110000001
00000000110001111001110010000001
00000000110010011001110110000000
00000000110001111001110010000001
00000000110001011001101001111111
00000000110001011001101001111111
00000000110000111001101101111110
00000000110000101001101001111101
00000000110000111001101101111110
00000000110000111001101101111110
00000000110001101001101001111101
00000000010011010101111110011100
00000000011110101000110010111011
00000000100000101001000011001010
00000000100100001001101111001101
00000000100000101000101010111111
00000000011001010111011010101111
00000000011110001000011110111111
00000000011101111000100010111011
00000000001111000100111110001100
00000000001000100010111101100011
00000000001100010011010001010000
00000000001010010001110000001100
00000000000101110000111100001000
00000000000011010000100100000100
00000000000000010000000100000001
00000000000000010000000100000001
00000000000000010000000100000001
00000000000000010000000100000001
00000000000000010000000100000001
00000000000000010000000100000001
00000000000001010000010100000101
00000000000110110001001000001001
00000000000000110000001100000011
00000000000000010000000100000001
00000000000000010000000100000001
00000000000001100000010000000011
00000000000101100000110100000100
00000000000100100000101000000011
00000000100100001001000110110011
00000000011011010111001010101001
00000000011111110111111110110101
00000000011100100111000110110011
00000000000000100000000000000011
00000000000000010000000100000001
00000000000000000000000000000000
00000000000000000000000000000000
00000000000000000000000000000000
00000000000000000000000000000000
00000000000000000000000000000000
00000000000000000000000000000000
00000000000000000000000000000000
00000000000000000000000000000000
00000000000000000000000000000000
00000000000000000000000000000000
00000000000000000000000000000000
00000000000000000000000000001010
00000000011000100110000010011011
00000000011110000111110010101111
00000000011001110110010001011111
00000000000111000001101000011001
00000000011001001000001101011110
00000000000110000001000000010001
00000000110000011010011010010010
00000000110001011010000010000110
00000000110010001001111110000110
00000000110010001001111110000110
00000000110010001001111110000110
00000000110001111001111110000011
00000000110001111001111110000011
00000000110001111001111110000010
00000000110001111001111110000010
00000000110001101010000010000010
00000000110001101010000010000010
00000000110001011001111110000001
00000000010010010101101010010010
00000000011101111000100110111110
00000000010110100110011110100101
00000000000111010010011001001100
00000000001101110011111001101111
00000000010100100101111110010111
00000000010101100110010010011111
00000000011000100111011010101111
00000000001111000101001010001100
00000000011101001000010010111001
00000000001011100010001000011100
00000000001001100001110000001011
00000000000101000001000000000101
00000000000010110000011100000010
00000000000001010000000000000001
00000000000000010000000100000001
00000000000000010000000100000001
00000000000000010000000100000001
00000000000000010000000100000001
00000000000000010000000100000001
00000000000011100000101000000101
00000000000110110001000000001000
00000000000000110000000100000001
00000000000000010000000100000001
00000000000000010000000100000001
00000000000011100000011000000110
00000000000110000000111000000100
00000000000100100000110000000001
00000000100000001000000110111001
00000000000110010010000001000001
00000000100000101000100110111010
00000000010010000100101010000100
00000000000000010000000100000001
00000000000000010000000100000001
00000000000000000000000000000000
00000000000000000000000000000000
00000000000000000000000000000000
00000000000000000000000000000000
00000000000000000000000000000000
00000000000000000000000000000000
00000000000000000000000000000000
00000000000000000000000000000000
00000000000000000000000000000000
00000000000000000000000000000000
00000000000000000000000000000000
00000000000000100000000000000000
00000000100010111000101111000001
00000000001101000011000100111010
00000000000111110001100000011011
00000000001000010001110100101001
00000000000111010001011100011000
00000000100000001000000010101000
00000000100111011001110111001101
00000000110010011010010010001000
00000000110010101010001010001001
00000000110010101010001010001001
00000000110010101010001010001001
00000000110010101010001110000111
00000000110010101010001110000111
00000000110001111010001110000101
00000000110001111010001110000101
00000000110010011010001010000110
00000000110010011010001110000101
00000000110010011010001110000101
00000000010101000110100110011101
00000000011010010111110010110101
00000000100011001001100011001110
00000000011011010111100110101111
00000000011000100110111110100011
00000000011100011000000110110110
00000000011010010111110110110100
00000000010100010110010110011111
00000000010000100101100010010010
00000000011101101000101110111111
00000000001100100010011000010100
00000000001000010001100000001010
00000000000100110000111100000100
00000000000010100000011000000001
00000000000001010000000000000001
00000000000000010000000100000001
00000000000000010000000100000001
00000000000000010000000100000001
00000000000000010000000100000001
00000000000000010000000100000001
00000000000100010000110100001000
00000000000101100000111000000111
00000000000001000000001000000010
00000000000000010000000100000001
00000000000000110000000100000001
00000000000011110000100100000100
00000000000101110000110100000011
00000000000100100000101100000010
00000000100100001001000011000110
00000000100101011001010111000011
00000000010001000100011010000111
00000000001101110011101001110001
00000000000000010000000100000001
00000000000000010000000100000001
00000000000000000000000000000000
00000000000000000000000000000000
00000000000000000000000000000000
00000000000000000000000000000000
00000000000000000000000000000000
00000000000000000000000000000000
00000000000000000000000000000000
00000000000000000000000000000000
00000000000000000000000000000000
00000000000000000000000000000000
00000000000000000000000000000000
00000000000000000000000000000000
00000000010001010100010001110110
00000000000011010000110100010011
00000000000100000000101100001101
00000000110011011100011011001011
00000000010110010101101110000100
00000000010101100101110010001011
00000000110001111010101110010011
00000000110010101010011110001101
00000000110010111010011010001100
00000000110010111010011010001100
00000000110010011010011010001100
00000000110010011010011010001100
00000000110010011010011010001100
00000000110001111010010010001010
00000000110001111010010010001010
00000000110010001010010110001011
00000000110010101010010110001011
00000000110010011010010010001010
00000000011000000110111110100000
00000000011101001000101110111011
00000000100001011001000011000010
00000000010000000100001001111100
00000000001111100011111001111110
00000000011011010111101110101100
00000000011010000111101110101110
00000000011001110111110010110011
00000000001111010101000110001010
00000000011101111000111010111110
00000000001011100010001000010000
00000000000111100001010100001000
00000000000100110000110100000010
00000000000010000000010100000001
00000000000000110000000100000001
00000000000000010000000100000001
00000000000000010000000100000001
00000000000000010000000100000001
00000000000000010000000100000001
00000000000000010000000100000001
00000000000101000000111000001001
00000000000100010000101100000110
00000000000000010000000100000001
00000000000000010000000100000001
00000000101010111010110111011101
00000000101110101011101111011101
00000000000101110000111000000100
00000000000011000000011100000000
00000000100001011000010110111011
00000000011100010110111110101010
00000000100100111001000111000101
00000000001000000010001101001111
00000000000000010000000100000001
00000000000000010000000100000001
00000000000000000000000000000000
00000000000000000000000000000000
00000000000000000000000000000000
00000000000000000000000000000000
00000000000000000000000000000000
00000000000000000000000000000000
00000000000000000000000000000000
00000000000000000000000000000000
00000000000000000000000000000000
00000000000000000000000000000000
00000000000000000000000000000000
00000000000000000000000000000000
00000000011101110111100010101010
00000000001100100011010001010010
00000000000011000000100100001011
00000000001001100010000100101010
00000000011011010110110110011101
00000000000100110001001000011100
00000000110011001010101010001101
00000000110011011010101010010000
00000000110011101010100110001111
00000000110011001010100110001111
00000000110010111010100010001110
00000000110010001010011110001101
00000000110010001010011110001101
00000000110010101010011110001101
00000000110010011010011010001100
00000000110010011010011010001100
00000000110011001010011110001101
00000000110010111010011010001100
00000000110000111010011010010111
00000000011111001001001011000010
00000000010100100101111110010011
00000000100000010111011010111111
00000000011110010111000011000110
00000000100010101000111011000011
00000000010110000110101110011110
00000000010110100110111110100110
00000000001101110100011001111110
00000000010000110010111000011001
00000000001011010010000100001111
00000000000111100001010100001000
00000000000100110000110100000010
00000000000010000000010000000011
00000000000000010000000100000001
00000000000000010000000100000001
00000000000000010000000100000001
00000000000000010000000100000001
00000000000000010000000100000001
00000000000000010000000100000001
00000000000110010001000000000111
00000000000011000000011100000100
00000000000000010000000100000001
00000000000000010000000100000001
00000000010011000100111010000100
00000000100000000111111110110111
00000000000011010000101000011001
00000000110010001100100111101111
00000000011110000111100010101110
00000000011010010110100010100000
00000000100100111001001011000100
00000000011111110111110110111000
00000000000000010000000100000001
00000000000000010000000100000001
00000000000000000000000000000000
00000000000000000000000000000000
00000000000000000000000000000000
00000000000000000000000000000000
00000000000000000000000000000000
00000000000000000000000000000000
00000000000000000000000000000000
00000000000000000000000000000000
00000000000000000000000000000000
00000000000000000000000000000000
00000000000000000000000000000000
00000000000000000000000000000000
00000000011100010111010010100111
00000000011100010111000110011111
00000000000100000000111100010011
00000000100001111000100010101110
00000000011111000111100110110000
00000000110100011010111110010010
00000000110011101010101110010001
00000000110011101010101110010001
00000000110100011010110010010010
00000000110011111010110010010010
00000000110011101010101110010001
00000000110010111010101010010000
00000000110010111010101010010000
00000000110011011010101010010000
00000000110011011010101010010000
00000000110011001010100110001111
00000000110011101010100110001111
00000000110011011010100010001110
00000000110011001010011110001011
00000000011010010111110110101101
00000000100010011001110011001111
00000000010111000110110010100001
00000000001111000100101001111010
00000000011010010111101110110000
00000000011010010111110010101111
00000000010101010110101010100001
00000000001010110011100001100100
00000000001111010010110000011001
00000000001010110001111100001101
00000000000110110001001000000101
00000000000100100000110000000001
00000000000001110000001100000010
00000000000000010000000100000001
00000000000000010000000100000001
00000000000000010000000100000001
00000000000000010000000100000001
00000000000000010000000100000001
00000000000000010000000100000001
00000000000110010001000000000111
00000000000001100000010100000001
00000000000000010000000100000001
00000000000000010000000100000001
00000000000000010000001000000000
00000000000011100001000000011010
00000000011000100110001010011000
00000000011100100111000110101001
00000000010110110101110010010110
00000000100101111001101111000100
00000000100111111001111111001101
00000000010010010100101001111100
00000000000000010000000100000001
00000000000000010000000100000001
00000000000000000000000000000000
00000000000000000000000000000000
00000000000000000000000000000000
00000000000000000000000000000000
00000000000000000000000000000000
00000000000000000000000000000000
00000000000000000000000000000000
00000000000000000000000000000000
00000000000000000000000000000000
00000000000000000000000000000000
00000000000000000000000000000000
00000000000000000000000000000000
00000000011101110111101110101110
00000000100101101001100111000101
00000000100011101000110010111010
00000000011100010111000010100010
00000000011011010110101010100010
00000000110100011010110110010101
00000000110011111010101110010011
00000000110011111010101110010011
00000000110100001010110010010100
00000000110100001010110010010100
00000000110011111010101110010011
00000000110011101010110010010100
00000000110011101010110010010100
00000000110011111010110010010010
00000000110011111010110010010010
00000000110011101010101010010010
00000000110011101010101010010010
00000000110011001010100110001111
00000000110011011010100010001110
00000000001110110100101101110101
00000000100001011001010111000100
00000000100100101010000011010001
00000000100101011010001111010111
00000000100000001001001111000110
00000000010111100111001110100110
00000000001010100011010001011100
00000000010000000100010001010111
00000000001110100010100100010110
00000000001010000001101100001011
00000000000110010001000000000110
00000000000011100000101100000011
00000000000001010000001100000010
00000000000000010000000100000001
00000000000000010000000100000001
00000000000000010000000100000001
00000000000000010000000100000001
00000000000000010000000100000001
00000000000001010000001100000010
00000000000110000000111000000111
00000000000000110000001100000011
00000000000000010000000100000001
00000000000000010000000100000001
00000000000010000000010100000001
00000000000101110000111000000000
00000000001111010100001001110011
00000000100100101001000011000100
00000000011000100110011010010111
00000000011011110111001110100011
00000000100010011000101010111101
00000000000011000000110100101001
00000000000000010000000100000001
00000000000000010000000100000001
00000000000000000000000000000000
00000000000000000000000000000000
00000000000000000000000000000000
00000000000000000000000000000000
00000000000000000000000000000000
00000000000000000000000000000000
00000000000000000000000000000000
00000000000000000000000000000000
00000000000000000000000000000000
00000000000000000000000000000000
00000000000000000000000000000000
00000000000000000000000000000000
00000000011010000110111010010001
00000000011110010111110110110000
00000000101010111010110011011110
00000000011000110110010010010110
00000000010111000101110010010010
00000000110011101010111110010110
00000000110100101010111010010110
00000000110100001010110010010100
00000000110100001010110010010100
00000000110100011010110110010101
00000000110100011010110110010101
00000000110011111010110110010101
00000000110011111010110110010101
00000000110100011010111010010100
00000000110100011010111010010100
00000000110100001010110010010100
00000000110100011010110010010110
00000000110011111010101010010100
00000000110011111010100110010001
00000000110100111010101010010011
00000000001011110011011101011100
00000000011010110111101110110000
00000000010111100110110010100000
00000000010100010101110110001101
00000000001000000010010100111110
00000000001000010010101001001011
00000000000001110000010100001011
00000000001110000010101000010100
00000000001001110001101000001100
00000000000110010001000000000110
00000000000011010000101000000010
00000000000001000000001000000001
00000000000000010000000100000001
00000000000000010000000100000001
00000000000000010000000100000001
00000000000000010000000100000001
00000000000000010000000100000001
00000000000010010000011100000110
00000000000101100000111000000111
00000000000000010000000100000001
00000000000000010000000100000001
00000000000000010000000100000001
00000000000010010000011000000010
00000000000101110000110100000011
00000000001101100011110101100100
00000000011000110101111110011010
00000000010001010100100001111011
00000000011100000111010010100101
00000000010101000101011010000110
00000000000000000000000000000101
00000000000000010000000100000001
00000000000000010000000100000001
00000000000000000000000000000000
00000000000000000000000000000000
00000000000000000000000000000000
00000000000000000000000000000000
00000000000000000000000000000000
00000000000000000000000000000000
00000000000000000000000000000000
00000000000000000000000000000000
00000000000000000000000000000000
00000000000000000000000000000000
00000000000000000000000000000000
00000000000000010000000100000001
00000000000011010000110000010101
00000000010101100101101010001011
00000000100101101001100111001100
00000000010100110101010010000000
00000000000001010000001000000100
00000000110100011010111110010111
00000000110100011010111110011000
00000000110011111010110110010110
00000000110100001010111010010111
00000000110100001010111010010111
00000000110100111010111010011000
00000000110100001010111010010111
00000000110100001010111010010111
00000000110100101010111010010110
00000000110100101010111010010110
00000000110100101010111110010101
00000000110100111010111010011000
00000000110100011010110010010110
00000000110100101010101110010101
00000000110011101010011010001101
00000000001110010100010001101010
00000000000110010010000000110001
00000000000001100000100100010001
00000000000011010001000000011000
00000000001000010010101101001101
00000000010000100101001101111110
00000000000011010000101100001011
00000000001100110010100100011000
00000000001001110001101100001111
00000000000110000001000100001000
00000000000011110000100100000010
00000000000001100000001000000001
00000000000000010000000100000001
00000000000000010000000100000001
00000000000000010000000100000001
00000000000000010000000100000001
00000000000000010000000100000001
00000000000011100000100100000110
00000000000101100000111000000111
00000000000000010000000100000001
00000000000000000000000000000000
00000000000000010000000100000001
00000000000010110000011000000011
00000000000101100000110100000000
00000000000010110000100000000011
00000000001011100010110101010111
00000000010000100100010101110010
00000000011010010110101110011011
00000000010011000100111001111110
00000000000000010000000000000010
00000000000000010000000100000001
00000000000000010000000100000001
00000000000000000000000000000000
00000000000000000000000000000000
00000000000000000000000000000000
00000000000000000000000000000000
00000000000000000000000000000000
00000000000000000000000000000000
00000000000000000000000000000000
00000000000000000000000000000000
00000000000000000000000000000000
00000000000000000000000000000000
00000000000000000000000000000000
00000000000000010000000100000001
00000000000100100001000100010101
00000000001100100011011101011110
00000000010011110101000110000001
00000000000100110001011000100100
00000000101111001010100010001111
00000000110100111011000110011001
00000000110100101011000010011001
00000000110100011010111110011000
00000000110100101011000010011001
00000000110100101011000010011001
00000000110101001010111110011001
00000000110100101011000010011001
00000000010001000010100000010111
00000000001100110001101100001001
00000000110000011010100010010100
00000000101011011010101010011100
00000000000111000001011100001110
00000000110011101010110110011010
00000000100000000101111101001111
00000000000111110001011100010000
00000000000110000001101000100100
00000000001000100010110101001011
00000000000010010000100100001111
00000000000001100000101100001110
00000000010001000101010010000010
00000000011010111000001010110000
00000000000011110000101100001010
00000000001011000010011000100001
00000000101111001011011110101110
00000000001110110011011000101101
00000000100001000111111001110111
00000000001001110010001100011110
00000000000000010000000100000001
00000000001100010010111000101001
00000000010111000101100101010101
00000000000000010000000100000001
00000000000000010000000100000001
00000000000101000000111000000111
00000000000100100000110000000101
00000000000000010000000100000001
00000000000000000000000000000000
00000000000000010000000100000001
00000000000011100000100000000001
00000000000101100000110100000000
00000000000100010000100100000010
00000000001000010010010001000011
00000000010000100100001001110000
00000000011010110110110110011101
00000000010001100100011101110011
00000000000011100000110000001100
00000000000000010000000100000001
00000000000000010000000100000001
00000000000000000000000000000000
00000000000000000000000000000000
00000000000000000000000000000000
00000000000000000000000000000000
00000000000000000000000000000000
00000000000000000000000000000000
00000000000000000000000000000000
00000000000000000000000000000000
00000000000000000000000000000000
00000000000000000000000000000000
00000000000000000000000000000000
00000000000000010000000100000001
00000000000010100000101100001001
00000000010011010100110001010101
00000000001010010010101000110100
00000000000001100000010000000100
00000000110100111011010010011011
00000000110101011011001110011011
00000000110101001011001010011011
00000000110101001011001010011011
00000000110100111011000110011010
00000000110100111011000110011010
00000000110101011011000010011010
00000000110110011101010011001011
00000000111011011110101111100000
00000000111110001111010111101101
00000000111111111111111011110100
00000000110001101100001010110111
00000000000010100000010100000010
00000000000010110000100000000100
00000000011110110111100001110011
00000000000011100000100000000011
00000000000101010001000000010001
00000000001110010100000101100110
00000000000110010001110100110101
00000000001000010010011101000100
00000000000111110010011100111000
00000000001000010001101100100000
00000000000011100000101000001001
00000000000111110001101000010111
00000000000001100000001100000000
00000000010010000100001000111011
00000000001000000001110100010101
00000000001000010001111000010110
00000000000111000001110000010110
00000000101111011011101010110010
00000000001101100011001000101101
00000000000001000000001000000010
00000000000000000000000000000000
00000000000110000000111100000110
00000000000010110000011000000011
00000000000000000000000000000000
00000000000000000000000000000000
00000000000000010000000100000001
00000000000010100000011000000001
00000000000011110000100100000010
00000000000010100000011000000001
00000000000011000000110100001011
00000000000101010001011100101111
00000000010011000100111001111110
00000000000111100010001100111100
00000000000110000001100000011000
00000000000000010000000100000001
00000000000000010000000100000001
00000000000000000000000000000000
00000000000000000000000000000000
00000000000000000000000000000000
00000000000000000000000000000000
00000000000000000000000000000000
00000000000000000000000000000000
00000000000000000000000000000000
00000000000000000000000000000000
00000000000000000000000000000000
00000000000000000000000000000000
00000000000000000000000000000000
00000000000000010000000100000001
00000000000010100000101000001010
00000000000001000000010000000100
00000000000001100000010000000011
00000000000011000000101000001010
00000000110100101011000010011000
00000000110101011011010110011110
00000000110101001011010010011101
00000000110101001011010010011101
00000000110101011011001110011100
00000000110101101011001010100000
00000000000101100000011000000000
00000000001100010010110000100011
00000000100010001000001001110111
00000000111010001110001111011010
00000000000011100000110000000100
00000000000011010000100100000100
00000000000010000000100100000111
00000000000111010001101100011010
00000000101000101010001010010100
00000000001001000001111000011001
00000000000100110000101100001011
00000000000010110000011000000011
00000000011100010111100110100001
00000000011000100111010110011000
00000000000110010001010100010100
00000000000011100000100100001010
00000000000011100000110000001100
00000000001010000010001100100000
00000000001001000001111000010111
00000000000101110001000100001010
00000000110110101101010111001100
00000000000010100000011000000001
00000000000111000001101100010111
00000000001111010011101000110101
00000000010100100100111001001001
00000000000101000000111100001100
00000000000000100000000100000011
00000000000101110000101100000101
00000000000001000000001000000010
00000000000000000000000000000000
00000000000000000000000000000000
00000000000000010000000100000001
00000000000010000000010100000001
00000000000010010000011000000010
00000000000001110000010000000000
00000000000011010000101100001011
00000000000111100001110100100111
00000000000001000000001100000101
00000000000000100000000100000011
00000000000001000000010000000100
00000000000000000000000000000000
00000000000000000000000000000000
00000000000000000000000000000000
00000000000000000000000000000000
00000000000000000000000000000000
00000000000000000000000000000000
00000000000000000000000000000000
00000000000000000000000000000000
00000000000000000000000000000000
00000000000000000000000000000000
00000000000000000000000000000000
00000000000000000000000000000000
00000000000000000000000000000000
00000000000000010000000100000001
00000000000001000000010000000100
00000000000000110000001100000011
00000000000000110000000100000001
00000000001001000010001000100010
00000000110100001011011010100110
00000000110101011011010110011110
00000000110101011011010110011110
00000000110101011011010110011110
00000000110101001011010010011101
00000000110101111011010010100000
00000000000111010001010000010001
00000000001101110011000100101010
00000000101011001010010110011100
00000000010101000100110101000100
00000000100101011001001010001010
00000000000100010001000000001100
00000000000011010000110000001000
00000000101101111011010110101101
00000000101001101010010010011001
00000000000111110001101100010110
00000000000101000000110100001010
00000000000101100000111000001110
00000000010111010101100001011001
00000000000101100001010000011010
00000000011111000111100001110111
00000000000010110000011000000111
00000000000010110000011000000111
00000000000010000000001100000100
00000000001100000010101000100011
00000000000110010001011000001110
00000000001101100011000100101000
00000000011101110111001101101110
00000000000011000000100100000101
00000000100011001000100110000101
00000000001000100001111000011001
00000000000100010000110000001001
00000000000011000000101000001001
00000000000110000000110000000110
00000000000000100000001000000010
00000000000000000000000000000000
00000000000000000000000000000000
00000000000000010000000100000001
00000000000010000000010100000001
00000000000001110000010000000000
00000000000001000000001000000001
00000000000010100000100000001000
00000000000001000000001000000010
00000000000001000000001000000010
00000000000000110000001100000011
00000000000000000000000000000000
00000000000000000000000000000000
00000000000000000000000000000000
00000000000000000000000000000000
00000000000000000000000000000000
00000000000000000000000000000000
00000000000000000000000000000000
00000000000000000000000000000000
00000000000000000000000000000000
00000000000000000000000000000000
00000000000000000000000000000000
00000000000000000000000000000000
00000000000000000000000000000000
00000000000000000000000000000000
00000000000000100000001000000010
00000000010011100100111001001110
00000000000000110000001100000011
00000000000010000000100000001000
00000000000011110000110100001101
00000000001000000000111100000110
00000000110101111011011010100010
00000000110101111011011010100010
00000000110101111011011010100010
00000000110101011011010110011110
00000000000011110000001100000000
00000000000101010001000000001101
00000000001111010011011100110010
00000000111101101111000011101001
00000000010100000100101001000101
00000000010001000011110100111010
00000000011110000111001101110000
00000000101001111010010010011100
00000000101000111001111010010101
00000000100110001001010110001101
00000000000010100000101000000100
00000000000101110001010000010000
00000000000101100000111000001110
00000000000100000000101000001011
00000000001100110010111000101101
00000000000010100000011000000101
00000000000110000001001100010100
00000000000010010000010000000101
00000000000011000000011100001000
00000000000001010000001000000000
00000000101111001011100010110011
00000000011101110111010001101100
00000000100011001000100010000011
00000000101100001010111110100101
00000000000110010001011000010001
00000000000011100000100100000110
00000000001011000010011100100100
00000000000110110001011100010110
00000000000011000000011100000100
00000000000000010000001000000000
00000000000000010000000100000001
00000000000000000000000000000000
00000000000000110000000100000001
00000000000001100000000100000010
00000000000000010000000100000001
00000000000000010000000100000001
00000000000010000000011000000110
00000000000000100000001000000010
00000000000000100000001000000010
00000000000000100000001000000010
00000000000000110000001100000011
00000000000000000000000000000000
00000000000000000000000000000000
00000000000000000000000000000000
00000000000000000000000000000000
00000000000000000000000000000000
00000000000000000000000000000000
00000000000000000000000000000000
00000000000000000000000000000000
00000000000000000000000000000000
00000000000000000000000000000000
00000000000000000000000000000000
00000000000000000000000000000000
00000000000000000000000000000000
00000000000001000000010000000100
00000000000001100000011000000110
00000000000000100000001000000010
00000000000000100000001000000010
00000000001001000010001000100010
00000000000110110001000000001100
00000000110110001011011110100011
00000000110110001011011110100011
00000000110110001011011110100011
00000000110101001011010110011110
00000000011001100101101001011000
00000000001101010011001000101110
00000000000101100001000000001001
00000000011001000101111001010111
00000000001001010001111100011010
00000000001000100001101100011000
00000000101101001011000010101011
00000000110011001100100011000011
00000000011111010111100101110100
00000000011101100111000101101110
00000000010000000011110000110111
00000000001100010011000000101100
00000000000011100000110000001011
00000000000100010000110000001101
00000000001110110011100100111001
00000000000001100000010000000100
00000000010010100100010101000110
00000000000011100000100100001010
00000000000010110000011000000111
00000000010110100101100001010111
00000000001011010010101000100101
00000000000011000000100100000100
00000000101011011010100110100100
00000000110100001100111111000101
00000000111111111111110011110100
00000000001101110011001100101110
00000000000111000001011100010100
00000000000011000000100000000111
00000000000110100001100000010111
00000000000001110000010100000101
00000000000000110000000100000001
00000000000000000000000000000000
00000000000000110000000100000001
00000000000001100000000100000010
00000000000000010000000100000001
00000000000000110000000100000001
00000000000010010000011100000111
00000000000000110000001100000011
00000000000000100000001000000010
00000000000000100000001000000010
00000000000000110000001100000011
00000000000000000000000000000000
00000000000000000000000000000000
00000000000000000000000000000000
00000000000000000000000000000000
00000000000000000000000000000000
00000000000000000000000000000000
00000000000000000000000000000000
00000000000000000000000000000000
00000000000000000000000000000000
00000000000000000000000000000000
00000000000000000000000000000000
00000000000000000000000000000000
00000000000000000000000000000000
00000000000010000000100000001000
00000000000101000001010000010100
00000000000000110000001100000011
00000000000001000000010000000100
00000000000010110000100100001001
00000000000100100000110100001100
00000000110110001011011110100011
00000000110110001011011110100011
00000000110110001011011110100011
00000000000010100000011100000011
00000000000011100000100100001000
00000000000010110000010000000001
00000000111010011110001011011111
00000000001101010010111100101000
00000000101011011010011110100010
00000000001010010010001000011111
00000000000101100001001000001101
00000000000010110000011100000010
00000000110100101100111011001001
00000000000010110000101100001011
00000000111101001110111111101100
00000000000100000000110100001001
00000000000101000001000000001111
00000000010001110100001001000011
00000000000010000000011000000110
00000000000011110000110100001101
00000000110100111100111011001111
00000000000011000000011100001000
00000000000011010000100000001001
00000000000010100000100000001000
00000000111111001111100111110100
00000000101010001010010110100000
00000000001111000011100100110100
00000000000001110000010100000000
00000000111111011111101011110010
00000000001011010010100100100100
00000000000011110000101000000111
00000000000011100000101000001001
00000000000010010000011100000111
00000000111100011110111111101111
00000000000000110000000100000001
00000000000000000000000000000000
00000000000000110000000100000001
00000000000001100000000100000010
00000000000000010000000100000001
00000000000000110000000100000001
00000000000001110000010100000101
00000000000000010000000100000001
00000000000000100000001000000010
00000000000000100000001000000010
00000000000000110000001100000011
00000000000000000000000000000000
00000000000000000000000000000000
00000000000000000000000000000000
00000000000000000000000000000000
00000000000000000000000000000000
00000000000000000000000000000000
00000000000000000000000000000000
00000000000000000000000000000000
00000000000000000000000000000000
00000000000000000000000000000000
00000000000000000000000000000000
00000000000000000000000000000000
00000000000000000000000000000000
00000000000011010000110100001101
00000000000001010000010100000101
00000000000000110000001100000011
00000000000001100000011000000110
00000000000001110000010100000101
00000000000100100000110000001101
00000000110110101011100110100101
00000000110110001011100110100100
00000000000010110000010100000000
00000000000111010001101000010110
00000000000010000000011000000101
00000000001110110011001100110011
00000000011010100110010001011111
00000000010101100101000001001011
00000000110111101101100011010011
00000000000011000000100100000101
00000000101011111010110010101000
00000000111110011111010011110001
00000000000011110000111000001010
00000000000011010000110100001101
00000000100111111001101110010110
00000000000010100000100000000111
00000000000010110000100100001000
00000000000011010000100100001000
00000000000110010001010100010100
00000000000011100000110000001100
00000000000011100000110000001100
00000000000101000000111100010000
00000000001011110010101000101011
00000000000111010001101100011011
00000000000111000001100000010111
00000000001011000010100100100101
00000000110110101101011111001111
00000000110010101100011110111111
00000000000001110000001000000000
00000000001001100010001100011011
00000000000011110000101000000111
00000000000010100000011000000101
00000000000000110000000100000001
00000000000010100000100000000111
00000000000000100000000000000000
00000000000001110000010100000101
00000000000001100000010000000100
00000000000000110000000100000001
00000000000000010000000100000001
00000000000000010000000100000001
00000000000001100000010000000100
00000000000000010000000100000001
00000000000000010000000100000001
00000000000000100000001000000010
00000000000000110000001100000011
00000000000000000000000000000000
00000000000000000000000000000000
00000000000000000000000000000000
00000000000000000000000000000000
00000000000000000000000000000000
00000000000000000000000000000000
00000000000000000000000000000000
00000000000000000000000000000000
00000000000000000000000000000000
00000000000000000000000000000000
00000000000000000000000000000000
00000000000000000000000000000000
00000000000000000000000000000000
00000000000000000000000000000000
00000000000001110000011100000111
00000000000000110000001100000011
00000000000001000000010000000100
00000000000110100001100000011000
00000000000011100000100100001010
00000000110110111011101010100110
00000000001011010001111100010011
00000000000100110001000000001011
00000000011011110110110001101000
00000000000001110000001100000010
00000000000101100001000100010000
00000000001011100010011100100100
00000000101101101011000010101011
00000000000010000000011100000011
00000000001000100010000100011101
00000000000111110001101000010111
00000000111111111111111011110110
00000000000101100001001000010001
00000000000010100000100000001000
00000000000011010000101000000110
00000000010000010011111100111110
00000000000110010001010100010100
00000000001010000010010000100011
00000000000111110001101000011011
00000000000110000001001100010100
00000000000101110001001000010011
00000000000100010000110000001101
00000000000110110001100000010100
00000000000111110001101100011010
00000000000101110001010000010000
00000000000101100001001100001110
00000000010000100011111000111001
00000000000100010000110100001000
00000000000011000000100100000101
00000000000111000001011100011001
00000000000110000001010000010011
00000000011000100101110101011100
00000000000101000001001000010010
00000000110110101101100011011000
00000000100001001000001010000010
00000000000001110000010100000101
00000000001101000011001000110010
00000000000101100001010000010011
00000000000000100000000000000000
00000000000011000000101000001010
00000000000001100000011000000110
00000000000000010000000100000001
00000000000000010000000100000001
00000000000000100000001000000010
00000000000000110000001100000011
00000000000000000000000000000000
00000000000000000000000000000000
00000000000000000000000000000000
00000000000000000000000000000000
00000000000000000000000000000000
00000000000000000000000000000000
00000000000000000000000000000000
00000000000000000000000000000000
00000000000000000000000000000000
00000000000000000000000000000000
00000000000000000000000000000000
00000000000000000000000000000000
00000000000000000000000000000000
00000000001000000010000000100000
00000000000010000000100000001000
00000000000000100000001000000010
00000000000000110000001100000011
00000000000010010000011100000111
00000000000100010000110000001101
00000000010100100100110001000111
00000000000011110000110000001000
00000000000011110000110000001000
00000000000011010000101000000110
00000000000010100000011000000101
00000000000001000000000000000000
00000000000100010000100100001001
00000000000101110001001000010001
00000000000010110000011100000110
00000000000010010000010100000100
00000000000110010001010100010000
00000000101011111010101110100000
00000000000011000000100000000111
00000000000101000000111100010000
00000000000100000000110100001001
00000000000011000000100000000111
00000000010001100100001001000001
00000000000011010000100100001000
00000000000101100001000100010010
00000000000111110001100000011011
00000000000111000001010100011000
00000000001000000001101100011100
00000000000011000000100100000101
00000000000101000001000100001101
00000000010100110101000001001011
00000000100100001000111010000110
00000000000100010000110100001000
00000000000100100000111000001001
00000000000100010000111000001010
00000000001010000010001100100100
00000000001001000010001000100001
00000000000010110000011100000110
00000000000000110000000100000001
00000000000000110000000100000001
00000000000001010000001100000011
00000000001011000010101000101010
00000000111000011101111111011111
00000000001000100010000000011111
00000000000011100000110000001100
00000000000010110000100100001001
00000000000000100000001000000010
00000000000000100000001000000010
00000000000000010000000100000001
00000000000000100000001000000010
00000000000000100000001000000010
00000000000000000000000000000000
00000000000000000000000000000000
00000000000000000000000000000000
00000000000000000000000000000000
00000000000000000000000000000000
00000000000000000000000000000000
00000000000000000000000000000000
00000000000000000000000000000000
00000000000000000000000000000000
00000000000000000000000000000000
00000000000000000000000000000000
00000000000000000000000000000000
00000000000000010000000100000001
00000000000000110000001100000011
00000000000001010000010100000101
00000000000001000000010000000100
00000000000000100000001000000010
00000000000001000000010000000100
00000000000011100000110000001100
00000000000010100000011000000101
00000000101000011001110110011100
00000000000011110000101100001010
00000000000111010001100100011000
00000000000010010000010100000100
00000000001101110011010100110100
00000000001000010001110000011011
00000000000111000001010000010100
00000000000011000000011100000110
00000000000011100000100100001000
00000000000011010000100100000100
00000000000101100001001000001101
00000000000011000000101100000111
00000000001100110011000000101011
00000000000001100000010000000011
00000000000111010001100100011000
00000000000101000001000000001111
00000000000101100001001000010001
00000000000110000001001100010100
00000000000110100001001100010110
00000000000110110001010000010111
00000000001001100001111100100010
00000000010011000100011101000100
00000000000100010000111000001010
00000000010110100101011101010011
00000000000001100000001100000000
00000000010001000100000100111101
00000000000011000000100000000011
00000000000011000000100100000101
00000000010010110100100001000100
00000000000100000000110000001011
00000000000100000000111000001101
00000000000010100000100000000111
00000000000010010000011100000111
00000000000001110000010100000101
00000000001010010010011100100111
00000000000001100000010000000100
00000000000000110000001000000000
00000000000000110000000100000001
00000000000010100000100000001000
00000000000000100000001000000010
00000000000000100000001000000010
00000000000000010000000100000001
00000000000000100000001000000010
00000000000001000000010000000100
00000000000000000000000000000000
00000000000000000000000000000000
00000000000000000000000000000000
00000000000000000000000000000000
00000000000000000000000000000000
00000000000000000000000000000000
00000000000000000000000000000000
00000000000000000000000000000000
00000000000000000000000000000000
00000000000000000000000000000000
00000000000000000000000000000000
00000000000000000000000000000000
00000000000000010000000100000001
00000000000001010000010100000101
00000000000000110000001100000011
00000000000001000000010000000100
00000000000000110000001100000011
00000000000001010000010100000101
00000000000010000000011000000110
00000000000010100000011000000101
00000000001101100011001000110001
00000000000001000000000000000000
00000000110111111101101111011010
00000000000010110000011100000110
00000000000001100000010000000011
00000000001011110010101000101001
00000000100110001001000010010000
00000000010000010011110000111011
00000000000010100000010100000100
00000000000010100000010100000100
00000000000011010000100000000101
00000000000111000001101100010111
00000000010110100101101101010111
00000000000101100001010000010011
00000000000110100001011000010101
00000000000001110000001100000010
00000000001000100001111000011101
00000000000110100001010100010110
00000000000111100001011100011010
00000000000110100001001100010110
00000000000110010001001000010101
00000000001000100001110100011100
00000000000010000000010100000001
00000000000100110001000100010000
00000000000001110000010000000000
00000000000001100000001100000000
00000000000011000000011100000100
00000000000010010000011000000010
00000000000101110001010000010000
00000000000101000001000000001111
00000000001101000011001000110001
00000000000000100000000000000000
00000000000001110000010100000101
00000000000010000000011000000110
00000000001111100011110000111100
00000000001110000011011000110101
00000000000001110000011000000010
00000000001111000011101000111010
00000000000010000000011000000110
00000000000000100000001000000010
00000000000000100000001000000010
00000000000000010000000100000001
00000000000000100000001000000010
00000000000001000000010000000100
00000000000000000000000000000000
00000000000000000000000000000000
00000000000000000000000000000000
00000000000000000000000000000000
00000000000000000000000000000000
00000000000000000000000000000000
00000000000000000000000000000000
00000000000000000000000000000000
00000000000000000000000000000000
00000000000000000000000000000000
00000000000000000000000000000000
00000000000000000000000000000000
00000000000000010000000100000001
00000000000000110000001100000011
00000000000001000000010000000100
00000000000000110000001100000011
00000000000001010000010100000101
00000000000001010000010100000101
00000000000100110001000100010001
00000000000111110001101000011011
00000000001110100011010100110110
00000000000100010000110100001100
00000000001010010010010100100100
00000000000001000000001000000001
00000000000001100000010000000011
00000000100011111000101110001010
00000000001000110001101100011011
00000000010001000011110000111100
00000000000011010000100000000111
00000000000011100000100100001000
00000000000010110000011000000101
00000000000100110000111000001101
00000000000010110000011100000110
00000000000001100000010000000011
00000000000111000001101000011001
00000000000010010000010100000100
00000000000111010001100000011001
00000000000111100001011100011010
00000000000111000001011100011000
00000000000110100001010100010110
00000000000110100001010100010110
00000000000110000001001000010011
00000000000010100000011000000101
00000000001001010010001100100010
00000000001101110011001100110010
00000000000010010000010100000100
00000000000000110000001000000000
00000000001011100010101100100111
00000000000010000000010100000001
00000000000111000001100100010101
00000000000101110001001100010010
00000000000001010000001100000010
00000000000001000000001000000010
00000000000001010000010100000101
00000000000011100000110000001100
00000000000001000000001000000001
00000000000001010000001100000010
00000000000010110000100100001001
00000000000010010000011100000111
00000000000000010000000100000001
00000000000000010000000100000001
00000000000000010000000100000001
00000000000000110000001100000011
00000000000001000000010000000100
00000000000000000000000000000000
00000000000000000000000000000000
00000000000000000000000000000000
00000000000000000000000000000000
00000000000000000000000000000000
00000000000000000000000000000000
00000000000000000000000000000000
00000000000000000000000000000000
00000000000000000000000000000000
00000000000000000000000000000000
00000000000000000000000000000000
00000000000000000000000000000000
00000000000000010000000100000001
00000000000001100000011000000110
00000000000000100000001000000010
00000000000000110000001100000011
00000000000001000000010000000100
00000000000000110000001100000011
00000000000100100001000000010000
00000000000010000000001100000100
00000000001011000010011100101000
00000000000101110001001000010011
00000000000000110000001100000011
00000000000000010000000100000001
00000000000001010000001100000010
00000000010111100101100101011000
00000000001110100011001000110010
00000000000101100000111000001110
00000000000010110000011100000110
00000000000011100000100100001000
00000000010001000011111100111110
00000000000100000000101100001010
00000000001010110010011100100110
00000000000010110000011100000110
00000000000011110000101100001010
00000000000100010000110100001100
00000000000111010001100000011001
00000000000111110001100000011011
00000000000110000001001100010100
00000000000101000000111100010000
00000000000100010000110000001101
00000000000100110000110100001110
00000000001110110011011100110110
00000000000001110000010100000100
00000000000001010000001100000010
00000000000100100001001100010001
00000000000010100000011000000101
00000000010000100011111000111101
00000000000010110000011100000110
00000000001110000011010000110011
00000000000010110000110000001010
00000000000000010000000100000001
00000000000000110000001100000011
00000000000000010000000100000001
00000000000001000000001000000010
00000000000010000000011000000110
00000000001010010010011100100111
00000000001001110010010100100101
00000000000010100000100000001000
00000000000000010000000100000001
00000000000000010000000100000001
00000000000000010000000100000001
00000000000000110000001100000011
00000000000000100000001000000010
00000000000000000000000000000000
00000000000000000000000000000000
00000000000000000000000000000000
00000000000000000000000000000000
00000000000000000000000000000000
00000000000000000000000000000000
00000000000000000000000000000000
00000000000000000000000000000000
00000000000000000000000000000000
00000000000000000000000000000000
00000000000000000000000000000000
00000000000000010000000100000001
00000000000000010000000100000001
00000000000010010000011100000111
00000000000000100000001000000010
00000000000000110000001100000011
00000000000001000000010000000100
00000000000000100000001000000010
00000000000010000000011000000110
00000000000010010000010000000101
00000000001010000010001100100100
00000000001101010011000000110001
00000000000000010000000100000001
00000000000000100000001000000010
00000000000000110000001100000011
00000000010110000101001101010010
00000000111010101110001011100010
00000000001011110010101000101001
00000000000011000000100000000111
00000000000100010000110000001011
00000000000110100001010100010100
00000000000011110000101000001001
00000000000101000000111100001110
00000000000101010001000100010000
00000000000100000000110000001011
00000000000110110001011100010110
00000000000111000001011000010111
00000000000101110001001000010011
00000000000101110001001000010011
00000000000101010001000000010001
00000000000101100001000100010010
00000000000101110001001000010011
00000000000110110001011100010110
00000000000010110000100100001000
00000000000001110000010100000100
00000000000001100000010000000011
00000000000001110000010100000100
00000000000010100000011000000101
00000000000010000000010000000011
00000000000010110000011100000110
00000000000010010000101000001000
00000000000000010000000100000001
00000000000001000000010000000100
00000000000000100000001000000010
00000000000000110000000100000001
00000000000000100000001000000010
00000000000001010000001100000011
00000000000101110001010100010101
00000000000000100000000000000000
00000000000000010000000100000001
00000000000000010000000100000001
00000000000000100000001000000010
00000000000001010000010100000101
00000000000000010000000100000001
00000000000000000000000000000000
00000000000000000000000000000000
00000000000000000000000000000000
00000000000000000000000000000000
00000000000000000000000000000000
00000000000000000000000000000000
00000000000000000000000000000000
00000000000000000000000000000000
00000000000000000000000000000000
00000000000000000000000000000000
00000000000000000000000000000000
00000000000000010000000100000001
00000000000001010000001100000010
00000000000011100000100000000011
00000000000001010000001100000010
00000000000000110000001100000011
00000000000001100000011000000110
00000000000000100000001000000010
00000000000001010000001100000011
00000000000001000000010000000100
00000000000010000000001100000100
00000000000001010000010100000101
00000000000100010000111100001111
00000000000000010000000100000001
00000000000000110000001100000011
00000000010101110101001001010011
00000000011001110110001001100001
00000000000001000000000000000000
00000000000011000000100000000111
00000000000011100000100100001000
00000000000111010001010100010101
00000000010110000101000001010000
00000000000100000000100000001000
00000000001010000010010000100011
00000000000101010001000100010000
00000000000101110001001000010011
00000000000110110001011000010111
00000000000101100001000100010010
00000000000110100001010100010110
00000000000110000001001100010100
00000000000101000000111100010000
00000000000100100000110100001110
00000000000011100000101000001001
00000000000001100000010000000011
00000000000001010000001100000010
00000000000101110001010100010100
00000000000001100000010000000011
00000000000000110000010000000010
00000000001110000011011000110101
00000000000010010000011100000110
00000000000000110000001100000011
00000000000000010000000100000001
00000000000000010000000100000001
00000000000000010000000100000001
00000000000000110000001100000011
00000000000001000000010000000100
00000000000001100000010000000100
00000000000000110000000100000001
00000000000010010000011100000111
00000000000000010000000100000001
00000000000000010000000100000001
00000000000000010000000100000001
00000000000000110000001100000011
00000000000000000000000000000000
00000000000000000000000000000000
00000000000000000000000000000000
00000000000000000000000000000000
00000000000000000000000000000000
00000000000000000000000000000000
00000000000000000000000000000000
00000000000000000000000000000000
00000000000000000000000000000000
00000000000000000000000000000000
00000000000000010000000100000001
00000000000000010000000100000001
00000000000000010000000100000001
00000000000111000001001100001010
00000000101101111010011110011010
00000000000010010000010000000101
00000000000001100000010000000100
00000000000001100000011000000110
00000000000000110000001100000011
00000000000000110000000100000001
00000000001000110010000100100001
00000000000011010000100000001001
00000000000010010000011100000111
00000000000001000000001000000010
00000000000000100000001000000010
00000000000000110000001100000011
00000000100101101001001010010001
00000000001010010010010000100011
00000000001001000010000000011111
00000000001101010011000100110000
00000000000010100000010100000100
00000000011011110110011101100111
00000000001100010010100100101001
00000000000111110001101000011001
00000000000011100000100100001000
00000000000010000000011000000101
00000000000101010001000000010001
00000000000101100001000100010010
00000000000101010001000000010010
00000000000110000001001100010100
00000000000101010001000000010001
00000000000100100001000000010000
00000000000011100000110000001100
00000000000011110000101000001011
00000000010010110100100101001000
00000000000001010000001100000010
00000000000100100001000000001111
00000000000010010000011100000110
00000000001001100010010000100011
00000000000001110000010100000100
00000000000001100000010000000011
00000000000000110000001100000011
00000000000000100000001000000010
00000000000000010000000100000001
00000000000000010000000100000001
00000000000000010000000100000001
00000000000000010000000100000001
00000000000000010000000100000001
00000000000000010000000100000001
00000000000000010000000100000001
00000000000000010000000100000001
00000000000000100000001000000010
00000000000000100000001000000010
00000000000000100000001000000010
00000000000000000000000000000000
00000000000000000000000000000000
00000000000000000000000000000000
00000000000000000000000000000000
00000000000000000000000000000000
00000000000000000000000000000000
00000000000000000000000000000000
00000000000000000000000000000000
00000000000000000000000000000000
00000000000000000000000000000000
00000000000000010000000100000001
00000000000000010000000100000001
00000000000000010000000100000001
00000000010001110011011100100111
00000000110100111011101110100101
00000000000010010000010100000100
00000000000001010000001100000011
00000000000001000000010000000100
00000000000000110000001100000011
00000000000001110000010100000101
00000000000001110000010100000101
00000000000010110000011000000111
00000000000001100000010000000100
00000000000001100000010000000100
00000000000001000000010000000100
00000000000000010000000100000001
00000000000010110000011100000110
00000000000110110001011000010101
00000000001001000010000000011111
00000000010110000101010001010011
00000000001000010001110100011100
00000000100001000111110001111100
00000000010110000101000001010000
00000000001000110001111000011101
00000000001111100011100100111000
00000000000011000000101000001001
00000000000101010001000000010001
00000000000101010001000000010001
00000000000101110001001000010100
00000000000110000001001100010100
00000000000101000000111100010000
00000000000100000000111000001110
00000000000011010000101100001011
00000000000100000000101100001100
00000000010000100100000000111111
00000000000010100000100000000111
00000000000101100001010000010011
00000000000001000000001000000001
00000000000011000000101000001001
00000000000101100001010000010011
00000000000001010000001100000010
00000000000000110000001100000011
00000000000000100000001000000010
00000000000001000000010000000100
00000000000000100000001000000010
00000000000000100000001000000010
00000000000000100000001000000010
00000000000000100000001000000010
00000000000000100000001000000010
00000000000000010000000100000001
00000000000000100000001000000010
00000000000000100000001000000010
00000000000000100000001000000010
00000000000000010000000100000001
00000000000000000000000000000000
00000000000000000000000000000000
00000000000000000000000000000000
00000000000000000000000000000000
00000000000000000000000000000000
00000000000000000000000000000000
00000000000000000000000000000000
00000000000000000000000000000000
00000000000000000000000000000000
00000000000000000000000000000000
00000000000000010000000100000001
00000000000000010000000100000001
00000000000000010000001000000000
00000000011111110110001101010010
00000000111000001100011110110011
00000000110011001011110010101100
00000000000001100000010000000011
00000000000001000000010000000100
00000000000001000000010000000100
00000000000010000000011000000110
00000000000100100000110100001110
00000000000010100000100000001000
00000000000010010000101000001000
00000000111000001100011010111010
00000000111000111100010110110010
00000000110110111011111010110101
00000000000111010001010100010101
00000000000011010000100000000111
00000000000011100000100100001000
00000000001100000010101100101010
00000000000111100001100100011000
00000000001101000010111100101110
00000000010010010100000101000001
00000000011101110111001101110010
00000000001011000010011100100110
00000000000101110001001000010100
00000000000101100001000100010010
00000000000101010001000000010001
00000000000101110001001000010100
00000000000101010001000000010010
00000000000100110000111000001111
00000000000011110000110100001101
00000000000100000000111000001110
00000000000100000000101100001100
00000000000010000000001100000100
00000000000110100001100000010111
00000000000010000000011000000101
00000000000011110000110100001100
00000000000011010000101100001010
00000000010100000100111001001101
00000000000001100000010000000011
00000000000001000000010100000011
00000000000000000000000000000000
00000000000000010000000100000001
00000000000000110000001100000011
00000000000000100000001000000010
00000000000000010000000100000001
00000000000000100000001000000010
00000000000000010000000100000001
00000000000000010000000100000001
00000000000000100000001000000010
00000000000000110000001100000011
00000000000000010000000100000001
00000000000000010000000100000001
00000000000000000000000000000000
00000000000000000000000000000000
00000000000000000000000000000000
00000000000000000000000000000000
00000000000000000000000000000000
00000000000000000000000000000000
00000000000000000000000000000000
00000000000000000000000000000000
00000000000000000000000000000000
00000000000000000000000000000000
00000000000000010000000100000001
00000000000000010000000100000001
00000000000000010000000100000001
00000000101000011000100001110100
00000000111001111100110110111100
00000000111000011100100010110100
00000000111000101100011110110010
00000000110110111100011110110110
00000000000001110000010100000101
00000000000000100000010100000011
00000000000100000000010000000010
00000000110111011100011010110111
00000000111000101100011010110101
00000000111000101100011010110101
00000000111000101100011010110101
00000000101001001001001110000110
00000000101000001001101110011000
00000000010010110100011001000101
00000000010010010100010001000011
00000000100101111001001010010001
00000000000011100000100100001000
00000000001111000011011100110110
00000000000011000000010000000100
00000000000111000001011100010110
00000000000010000000011000000101
00000000000101100001000100010010
00000000000110000001001100010100
00000000000110010001010000010101
00000000000101110001001000010011
00000000000101100001000100010010
00000000000101000000111100010000
00000000000101100001000100010010
00000000000101000000111100010000
00000000000011000000101000001010
00000000000011110000101000001011
00000000000100000000101100001100
00000000000011100000100100001010
00000000000011010000100100001000
00000000100000000111110001111011
00000000000011100000101000001001
00000000000100000000110000001011
00000000000001110000010100000100
00000000000000010000000100000001
00000000000000010000000100000001
00000000000000010000000100000001
00000000000000010000000100000001
00000000000000010000000100000001
00000000000000110000001100000011
00000000000000110000001100000011
00000000000000000000000000000000
00000000000000010000000100000001
00000000000000010000000100000001
00000000000000010000000100000001
00000000000000010000000100000001
00000000000000000000000000000000
00000000000000000000000000000000
00000000000000000000000000000000
00000000000000000000000000000000
00000000000000000000000000000000
00000000000000000000000000000000
00000000000000000000000000000000
00000000000000000000000000000000
00000000000000000000000000000000
00000000000000000000000000000000
00000000000000010000000100000001
00000000000000010000000100000001
00000000000001010000010100000101
00000000101111101010010110010001
00000000111001111100110010111110
00000000111000111100100110111000
00000000111000101100100010110111
00000000111000101100100010110111
00000000111000101100011110110011
00000000111000011100011110110110
00000000111000011100011110110110
00000000111000011100011110110110
00000000111000111100011110110110
00000000111000111100011110110110
00000000111000111100011110110110
00000000000011100000011100000000
00000000001001010010000000011111
00000000101001001001111110011110
00000000000011110000101000001001
00000000001001100010000100100000
00000000001101000010111100101110
00000000010001010100000000111111
00000000000010010000000100000001
00000000000111000001100000010111
00000000000001100000010000000011
00000000000101000000111100010000
00000000000101110001001000010011
00000000000110010001010000010101
00000000000101110001001000010011
00000000000100110000111000001111
00000000000101100001000100010010
00000000000101110001001000010011
00000000000100000000101100001100
00000000000011010000101100001011
00000000000011010000101100001011
00000000101010001010001110100100
00000000000011100000100100001010
00000000000010010000010100000100
00000000100101101001001010010001
00000000010001000100000000111111
00000000000011000000100000000111
00000000000001100000011100000101
00000000000000010000000100000001
00000000000000010000000100000001
00000000000000010000000100000001
00000000000000010000000100000001
00000000000000000000000000000000
00000000000000010000000100000001
00000000000000010000000100000001
00000000000000000000000000000000
00000000000000010000000100000001
00000000000000010000000100000001
00000000000000010000000100000001
00000000000000010000000100000001
00000000000000000000000000000000
00000000000000000000000000000000
00000000000000000000000000000000
00000000000000000000000000000000
00000000000000000000000000000000
00000000000000000000000000000000
00000000000000000000000000000000
00000000000000000000000000000000
00000000000000000000000000000000
00000000000000000000000000000000
00000000000000010000000100000001
00000000000000010000000100000001
00000000000110010001001000001001
00000000110100001011011110100011
00000000111001101100101110111101
00000000111000111100100110111000
00000000111000101100100010110111
00000000111000101100100010110111
00000000111000101100100010110111
00000000111000101100100010110111
00000000111000101100100010111000
00000000111000101100100010111000
00000000111000101100100010111000
00000000111000111100100110111001
00000000111000111100100110111001
00000000000011000000101000000000
00000000001111000011100000110111
00000000000100010000110000001011
00000000000110000001001100010010
00000000000100100000110100001100
00000000000100010000110000001011
00000000000100110000111000001101
00000000000111000001010000010100
00000000000101100001000100010000
00000000000100100000111000001101
00000000000101100001000100010010
00000000000101100001000100010010
00000000000101110001001000010011
00000000000101100001000100010011
00000000000101110001001000010011
00000000000101110001001000010011
00000000000101110001001000010011
00000000000100100000110100001110
00000000000011100000110000001100
00000000000011010000101100001011
00000000000010010000010000000101
00000000001010110010011000100111
00000000000100110000111100001110
00000000000010100000011000000101
00000000001001000010000000011111
00000000101010111010011110100110
00000000000011100000110000001011
00000000000000010000000100000001
00000000000000010000000100000001
00000000000000000000000000000000
00000000000000000000000000000000
00000000000000010000000100000001
00000000000000010000000100000001
00000000000000010000000100000001
00000000000000000000000000000000
00000000000000010000000100000001
00000000000000010000000100000001
00000000000000010000000100000001
00000000000000010000000100000001
00000000000000000000000000000000
00000000000000000000000000000000
00000000000000000000000000000000
00000000000000000000000000000000
00000000000000000000000000000000
00000000000000000000000000000000
00000000000000000000000000000000
00000000000000000000000000000000
00000000000000000000000000000000
00000000000000000000000000000000
00000000000000010000000100000001
00000000000000010000000100000001
00000000010011000011101100101000
00000000110111001100001010110010
00000000111001001100101010111010
00000000111000111100100110111000
00000000111000111100100110111000
00000000111000101100100010110111
00000000111000101100100010110111
00000000111000101100100010110111
00000000111000101100100010111000
00000000111000101100100010111000
00000000111000101100100010111000
00000000111000111100100110111001
00000000111000111100100110111001
00000000000011010000100100000100
00000000001010000010001100100010
00000000000101010001000000001111
00000000110100111100111011001101
00000000010111000101011101010110
00000000000100000000101100001010
00000000001011010010100000100111
00000000000011100000100100001000
00000000011000100101101001011010
00000000000101110001001000010011
00000000000110010001010000010101
00000000000101110001001000010011
00000000000101100001000100010010
00000000000101110001001000010100
00000000000110000001001100010100
00000000000110000001001100010100
00000000000110000001001100010100
00000000000101000000111100010000
00000000000011110000110100001101
00000000000011100000110000001100
00000000000011000000101000001010
00000000000101000000111100010000
00000000000010100000010100000110
00000000000010010000010000000101
00000000011111000111011101111000
00000000000010100000010100000110
00000000000010000000011000000101
00000000000001000000001000000001
00000000000000000000000000000000
00000000000000000000000000000000
00000000000000000000000000000000
00000000000000010000000100000001
00000000000000010000000100000001
00000000000000010000000100000001
00000000000000000000000000000000
00000000000000010000000100000001
00000000000000010000000100000001
00000000000000010000000100000001
00000000000000010000000100000001
00000000000000000000000000000000
00000000000000000000000000000000
00000000000000000000000000000000
00000000000000000000000000000000
00000000000000000000000000000000
00000000000000000000000000000000
00000000000000000000000000000000
00000000000000000000000000000000
00000000000000000000000000000000
00000000000000000000000000000000
00000000000000010000000100000001
00000000000000010000000100000001
00000000011110110110001101001111
00000000111000111100100110111001
00000000111001001100101010111010
00000000111000111100100110111000
00000000111000111100100110111000
00000000111000101100100010110111
00000000111000101100100010110111
00000000111000101100100010110111
00000000111000111100100110111001
00000000111000111100100110111001
00000000111000111100100110111001
00000000111001001100101010111010
00000000111001001100101010111010
00000000001010000001111100011011
00000000010100110100111001001101
00000000001010010010010000100011
00000000000101100001000100010000
00000000001011110010101000101001
00000000001111110011101000111001
00000000000110000001001100010010
00000000010001000011111100111110
00000000000001110000001100000010
00000000000100100000110100001110
00000000000101000000111100010000
00000000000101110001001000010011
00000000000101110001001000010011
00000000000110000001001100010101
00000000000101110001001000010011
00000000000101110001001000010011
00000000000101110001001000010011
00000000000101100001000100010010
00000000000011010000101100001011
00000000000011010000101100001011
00000000000011000000101000001010
00000000001011000010011100101000
00000000010011110100101001001011
00000000010001110100001001000011
00000000100011101000100110001010
00000000000011100000100100001010
00000000000001100000010000000011
00000000000000110000000100000000
00000000000000000000000000000000
00000000000000000000000000000000
00000000000000000000000000000000
00000000000000010000000100000001
00000000000000010000000100000001
00000000000000010000000100000001
00000000000000000000000000000000
00000000000000010000000100000001
00000000000000010000000100000001
00000000000000010000000100000001
00000000000000010000000100000001
00000000000000000000000000000000
00000000000000000000000000000000
00000000000000000000000000000000
00000000000000000000000000000000
00000000000000000000000000000000
00000000000000000000000000000000
00000000000000000000000000000000
00000000000000000000000000000000
00000000000000000000000000000000
00000000000000000000000000000000
00000000000000010000000100000001
00000000000000100000001000000010
00000000100111101000100001101111
00000000111010001100111010111110
00000000111001011100101110111011
00000000111000111100100110111001
00000000111000111100100110111001
00000000111000101100100010111000
00000000111000101100100010111000
00000000111000101100100010111000
00000000111000111100100110111001
00000000111001001100101010111010
00000000111001001100101010111010
00000000111001001100101010111010
00000000111001001100101010111010
00000000000111100001010100010001
00000000000110010000111100001111
00000000001100000010011000100110
00000000011010110110001101100011
00000000000100000000100000001000
00000000000010100000011000000101
00000000000111100001100100011000
00000000000011100000100100001000
00000000000000000000001100000001
00000000000100000000101100001100
00000000000101000000111100010000
00000000000101100001000100010010
00000000000101110001001000010011
00000000000110000001001100010100
00000000000101110001001000010100
00000000000101110001001000010100
00000000000101110001001000010100
00000000000101110001001000010100
00000000000011010000101100001011
00000000000011010000101100001011
00000000000011010000101100001011
00000000000001100000000100000010
00000000000110110001011000010111
00000000000001110000001000000011
00000000001000000001101100011100
00000000000010100000010100000110
00000000000010000000011000000110
00000000000000110000000100000001
00000000000000000000000000000000
00000000000000000000000000000000
00000000000000000000000000000000
00000000000000010000000100000001
00000000000000010000000100000001
00000000000000010000000100000001
00000000000000000000000000000000
00000000000000010000000100000001
00000000000000010000000100000001
00000000000000010000000100000001
00000000000000010000000100000001
00000000000000000000000000000000
00000000000000000000000000000000
00000000000000000000000000000000
00000000000000000000000000000000
00000000000000000000000000000000
00000000000000000000000000000000
00000000000000000000000000000000
00000000000000000000000000000000
00000000000000000000000000000000
00000000000000000000000000000000
00000000000000010000000100000001
00000000000000100000001000000010
00000000101101111010000010000110
00000000111001111100110110111101
00000000111000111100100110111001
00000000111000111100100110111001
00000000111000111100100110111001
00000000111000111100100110111001
00000000111000111100100110111001
00000000111000111100100110111001
00000000111000111100100110111001
00000000111001001100101010111010
00000000111001001100101010111010
00000000111001001100101010111010
00000000111001001100101010111010
00000000000010100000011100000010
00000000100000100111100001111000
00000000001100100010100000101000
00000000000100010000110000001011
00000000000100010000100100001001
00000000000011100000100100001000
00000000100111111001101010011001
00000000000010110000011000000101
00000000000000100000001100000001
00000000000100000000101100001100
00000000000100110000111000001111
00000000000101010001000000010001
00000000000101110001001000010011
00000000000110000001001100010100
00000000000101100001000100010011
00000000000101100001000100010011
00000000000101100001000100010011
00000000000101100001000100010011
00000000000011010000101100001011
00000000000011000000101000001010
00000000000011010000101100001011
00000000000001110000010100000101
00000000011010010110010001100101
00000000101000011001110010011101
00000000111111101111100111111010
00000000000010000000001100000100
00000000000001100000010000000100
00000000000001000000001000000010
00000000000000000000000000000000
00000000000000000000000000000000
00000000000000000000000000000000
00000000000000010000000100000001
00000000000000010000000100000001
00000000000000010000000100000001
00000000000000000000000000000000
00000000000000010000000100000001
00000000000000010000000100000001
00000000000000010000000100000001
00000000000000010000000100000001
00000000000000000000000000000000
00000000000000000000000000000000
00000000000000000000000000000000
00000000000000000000000000000000
00000000000000000000000000000000
00000000000000000000000000000000
00000000000000000000000000000000
00000000000000000000000000000000
00000000000000010000000100000001
00000000000000010000000100000001
00000000000000010000000100000001
00000000000001000000010100000001
00000000110010001010111110011011
00000000111001101100110010111100
00000000111000111100100110111001
00000000111000111100100110111001
00000000111000111100100110111001
00000000111000101100100110111001
00000000111000101100100110111001
00000000111000101100100110111001
00000000111000101100100110111001
00000000111001001100101010111010
00000000111001001100101010111010
00000000111001001100101010111010
00000000111001001100101010111010
00000000010010100100001001000010
00000000000101010000110100001101
00000000000110100001000000010000
00000000001001010010000000011111
00000000000101000000110000001100
00000000001001110010001000100001
00000000000011010000100000000111
00000000000000110000000100000000
00000000000001000000010000000100
00000000000011100000110000001100
00000000000100010000110000001101
00000000000100110000111000001111
00000000000101100001000100010010
00000000000101110001001000010100
00000000000101100001000100010011
00000000000101010001000000010010
00000000000101010001000000010010
00000000000101100001000100010011
00000000000011010000101100001011
00000000000011000000101000001010
00000000000011000000101000001010
00000000000011000000101000001010
00000000101101001011001010110010
00000000000100010000110000001101
00000000001011010010100000101001
00000000010011010100100001001001
00000000000001100000010000000100
00000000000000110000000100000001
00000000000000000000000000000000
00000000000000000000000000000000
00000000000000000000000000000000
00000000000000010000000100000001
00000000000000010000000100000001
00000000000000010000000100000001
00000000000000000000000000000000
00000000000000010000000100000001
00000000000000010000000100000001
00000000000000010000000100000001
00000000000000010000000100000001
00000000000000000000000000000000
00000000000000000000000000000000
00000000000000000000000000000000
00000000000000000000000000000000
00000000000000000000000000000000
00000000000000000000000000000000
00000000000000000000000000000000
00000000000000000000000000000000
00000000000000010000000100000001
00000000000000010000000100000001
00000000000000010000000100000001
00000000000110010001001000001001
00000000110101001011101010101010
00000000111001011100101110111011
00000000111000111100100110111001
00000000111000111100100110111001
00000000111000111100100110111001
00000000111000101100100110111001
00000000111000101100100110111001
00000000111000101100100110111001
00000000111000101100100110111001
00000000111001001100101010111010
00000000111001001100101010111010
00000000111001001100101010111010
00000000111001001100101010111010
00000000001100100010101000101011
00000000001101110010111100110000
00000000001100010010011000101000
00000000110111001101010011010100
00000000000101100000111000001110
00000000000100100000110100001100
00000000000100100000110100001100
00000000000000010000001000000000
00000000000011010000101100001011
00000000000011010000101100001011
00000000000100010000110000001101
00000000000100110000111000001111
00000000000101010001000000010001
00000000000101100001000100010011
00000000000101100001000100010011
00000000000101010001000000010010
00000000000101010001000000010010
00000000000101010001000000010010
00000000000011000000101000001010
00000000000011000000101000001010
00000000000011000000101000001010
00000000000010110000100100001001
00000000000001100000010000000100
00000000010100010100110001001101
00000000000101010001000000010001
00000000010110000101001101010100
00000000000101010001001100010011
00000000000000000000000000000000
00000000000000000000000000000000
00000000000000000000000000000000
00000000000000000000000000000000
00000000000000010000000100000001
00000000000000010000000100000001
00000000000000010000000100000001
00000000000000000000000000000000
00000000000000010000000100000001
00000000000000010000000100000001
00000000000000010000000100000001
00000000000000010000000100000001
00000000000000000000000000000000
00000000000000000000000000000000
00000000000000000000000000000000
00000000000000000000000000000000
00000000000000000000000000000000
00000000000000000000000000000000
00000000000000000000000000000000
00000000000000000000000000000000
00000000000000010000000100000001
00000000000000010000000100000001
00000000000000010000000100000001
00000000010000110011011000101000
00000000110111001100001010110010
00000000111001001100101010111010
00000000111000111100100110111001
00000000111000111100100110111001
00000000111000111100100110111001
00000000111000101100100110111001
00000000111000101100100110111001
00000000111000101100100110111001
00000000111000101100100110111001
00000000111001001100101010111010
00000000111001001100101010111010
00000000111001001100101010111010
00000000111001001100101010111010
00000000101100111010101110101100
00000000000101100000111000001111
00000000010000100011011100111001
00000000000101100000101100001101
00000000000101110000110000001110
00000000001000100001110100011100
00000000000100010000110000001011
00000000000000010000001000000000
00000000000011010000101100001011
00000000000011010000101100001011
00000000000100010000110000001101
00000000000100110000111000001111
00000000000101000000111100010000
00000000000101100001000100010011
00000000000101100001000100010011
00000000000101010001000000010010
00000000000101010001000000010010
00000000000101010001000000010010
00000000000011000000101000001010
00000000000011000000101000001010
00000000000010100000100000001000
00000000000010110000100100001001
00000000000001000000001000000010
00000000000011000000011100001000
00000000000110000001001100010100
00000000001111110011110100111101
00000000000010000000011000000110
00000000000000110000001100000011
00000000000000000000000000000000
00000000000000000000000000000000
00000000000000000000000000000000
00000000000000010000000100000001
00000000000000010000000100000001
00000000000000010000000100000001
00000000000000000000000000000000
00000000000000010000000100000001
00000000000000010000000100000001
00000000000000010000000100000001
00000000000000010000000100000001
00000000000000000000000000000000
00000000000000000000000000000000
00000000000000000000000000000000
00000000000000000000000000000000
00000000000000000000000000000000
00000000000000000000000000000000
00000000000000000000000000000000
00000000000000000000000000000000
00000000000000010000000100000001
00000000000000010000000100000001
00000000000000010000000100000001
00000000011011100101101001001000
00000000111000011100100010111000
00000000111000111100100010111010
00000000111000101100011110111001
00000000111000001100011110110111
00000000111000001100011110110111
00000000111000001100011110110111
00000000111000001100011110110111
00000000111000001100011110110111
00000000111000001100011110110111
00000000111000011100100010111000
00000000111000101100100110111001
00000000111000011100100010111000
00000000111000011100100010111000
00000000000110010000111000010000
00000000000101110001000100010010
00000000110011011100011111001000
00000000000100010000101100001100
00000000000100110000100000001010
00000000000100110000101100001100
00000000000001010000000000000000
00000000000000010000000100000001
00000000000011010000101100001011
00000000000011010000101100001011
00000000000011100000110000001100
00000000000100110000111000001111
00000000000101000000111100010000
00000000000101000000111100010000
00000000000101100001000100010010
00000000000101010001000000010001
00000000000101010001000000010001
00000000000101010001000000010001
00000000000011000000101000001010
00000000000010110000100100001001
00000000000011000000101000001010
00000000000011000000101000001010
00000000000010000000011000000110
00000000000011010000100000001001
00000000000001110000001000000011
00000000000001000000010000000100
00000000000010000000011000000110
00000000000001110000010100000101
00000000000000000000000000000000
00000000000000000000000000000000
00000000000000000000000000000000
00000000000000010000000100000001
00000000000000010000000100000001
00000000000000010000000100000001
00000000000000000000000000000000
00000000000000010000000100000001
00000000000000010000000100000001
00000000000000010000000100000001
00000000000000010000000100000001
00000000000000000000000000000000
00000000000000000000000000000000
00000000000000000000000000000000
00000000000000000000000000000000
00000000000000000000000000000000
00000000000000000000000000000000
00000000000000000000000000000000
00000000000000000000000000000000
00000000000000010000000100000001
00000000000000010000000100000001
00000000000000100000001000000010
00000000100100000111101101100110
00000000111000111100100110111011
00000000111000011100011010111000
00000000111000001100010110110111
00000000110111101100010110110101
00000000110111101100010110110101
00000000110111101100010110110101
00000000110111101100010110110101
00000000110111101100010110110101
00000000110111111100011010110110
00000000110111111100011010110110
00000000111000001100011110110111
00000000111000001100011110110111
00000000111000001100011110110111
00000000000011000000011100001000
00000000001100110010111000101111
00000000000011010000011100001000
00000000100001010111110101111110
00000000001110100011001000110011
00000000000100110000110100001110
00000000000000100000000000000000
00000000000000000000000000000000
00000000000011010000101100001011
00000000000011010000101100001011
00000000000011100000110000001100
00000000000100110000111000001111
00000000000100010000110000001101
00000000000100110000111000001111
00000000000101010001000000010001
00000000000101000000111100010000
00000000000101010001000000010001
00000000000101000000111100010000
00000000000011010000101100001011
00000000000011000000101000001010
00000000000010110000100100001001
00000000000010100000100000001000
00000000000010100000100000001000
00000000011010010110010001100101
00000000000010000000001100000100
00000000000010110000011000000111
00000000000001100000010000000100
00000000000010010000011100000111
00000000000000000000000000000000
00000000000000000000000000000000
00000000000000000000000000000000
00000000000000010000000100000001
00000000000000010000000100000001
00000000000000010000000100000001
00000000000000000000000000000000
00000000000000010000000100000001
00000000000000010000000100000001
00000000000000010000000100000001
00000000000000010000000100000001
00000000000000000000000000000000
00000000000000000000000000000000
00000000000000000000000000000000
00000000000000000000000000000000
00000000000000000000000000000000
00000000000000000000000000000000
00000000000000000000000000000000
00000000000000000000000000000000
00000000000000010000000100000001
00000000000000010000000100000001
00000000000000100000001000000010
00000000101000111000110101111011
00000000110111111100011010110110
00000000110111011100010010110100
00000000110111011100010010110100
00000000110111001100001110110011
00000000110111001100001110110011
00000000110111001100001110110011
00000000110111001100001110110011
00000000110111001100001110110011
00000000110111011100010010110100
00000000110111011100010010110100
00000000110111101100010110110101
00000000110111101100010110110101
00000000110111101100010110110101
00000000000100000000101100001100
00000000000010110000011000000111
00000000000001110000001000000011
00000000000010000000011000000110
00000000100001111000000110000010
00000000001101100011000000110001
00000000000000000000000000000000
00000000000000000000000000000000
00000000000011010000101100001011
00000000000011100000110000001100
00000000000011100000110000001100
00000000000100110000111000001111
00000000000100110000111000001111
00000000000100100000110100001110
00000000000101100001000100010011
00000000000101000000111100010001
00000000000101000000111100010001
00000000000101010001000000010010
00000000000011010000101100001011
00000000000011000000101000001010
00000000000010110000100100001001
00000000000010100000100000001000
00000000000010100000100000001000
00000000000011100000100100001010
00000000000101110001001000010011
00000000000001110000001000000011
00000000000001000000001000000010
00000000101011111010110110101101
00000000000000010000000100000001
00000000000000010000000100000001
00000000000000010000000100000001
00000000000000010000000100000001
00000000000000010000000100000001
00000000000000010000000100000001
00000000000000000000000000000000
00000000000000010000000100000001
00000000000000010000000100000001
00000000000000010000000100000001
00000000000000010000000100000001
00000000000000000000000000000000
00000000000000000000000000000000
00000000000000000000000000000000
00000000000000000000000000000000
00000000000000000000000000000000
00000000000000000000000000000000
00000000000000000000000000000000
00000000000000000000000000000000
00000000000000010000000100000001
00000000000000010000000100000001
00000000000001110000010100000100
00000000101110011010000110001111
00000000110111011100010010110100
00000000110110101100000110110001
00000000110110101100000110110001
00000000110110101100000110110001
00000000110110101100000110110001
00000000110110101100000110110001
00000000110110101100000110110001
00000000110110101100000110110001
00000000110110101100000110110001
00000000110110101100000110110001
00000000110110101100000110110001
00000000110110111100001010110010
00000000110111101100011110111000
00000000000010110000011000000111
00000000000100100000110100001110
00000000000011000000011000000111
00000000010001000011111101000000
00000000000011000000100000000111
00000000000001000000010000000100
00000000000000110000001100000011
00000000000001010000010100000101
00000000000011010000101100001011
00000000000011100000110000001100
00000000000011100000110000001100
00000000000100110000111000001111
00000000000101010001000000010001
00000000000100100000110100001110
00000000000100110000111000010000
00000000000101010001000000010010
00000000000101010001000000010010
00000000000100110000111000010000
00000000000100010000110000001101
00000000000011000000101000001010
00000000000011000000101000001010
00000000000010110000100100001001
00000000000010100000100000001000
00000000000001110000001000000011
00000000001000000001101100011100
00000000000001010000001100000011
00000000000000110000000100000001
00000000000010100000100000001000
00000000000000010000000100000001
00000000000000010000000100000001
00000000000000010000000100000001
00000000000000010000000100000001
00000000000000010000000100000001
00000000000000010000000100000001
00000000000000000000000000000000
00000000000000010000000100000001
00000000000000010000000100000001
00000000000000010000000100000001
00000000000000010000000100000001
00000000000000000000000000000000
00000000000000000000000000000000
00000000000000000000000000000000
00000000000000000000000000000000
00000000000000000000000000000000
00000000000000000000000000000000
00000000000000000000000000000000
00000000000000000000000000000000
00000000000000010000000100000001
00000000000000010000000100000001
00000000001001100001110000010101
00000000110000111010101110011001
00000000110110001011111110101111
00000000110101101011110110101101
00000000110101101011110110101101
00000000110101101011110110101101
00000000110101101011110110101101
00000000110101111011111010101110
00000000110101111011111010101110
00000000110101111011111010101110
00000000110101111011111110101101
00000000110101111011111110101101
00000000110101111011111110101101
00000000110101101011110110101101
00000000111111111111000111101001
00000000001100010010110000101101
00000000000010100000010100000110
00000000000010010000010000000101
00000000001001100010000100100010
00000000010100010100110001001101
00000000000001000000010000000100
00000000000001000000010000000100
00000000000011110000110100001101
00000000000011100000110000001100
00000000000011110000110100001101
00000000000011100000110000001100
00000000000100100000110100001110
00000000000101010001000000010001
00000000000100110000111000001111
00000000000100110000111000001111
00000000000100110000111000001111
00000000000101000000111100010001
00000000000100110000111000010000
00000000000100110000111000001111
00000000000011000000101000001010
00000000000011000000101000001010
00000000000011000000101000001010
00000000000010010000100100001001
00000000000001110000011100000111
00000000000100000000101100001100
00000000000001110000010100000101
00000000011101000111001001110010
00000000000010100000100000001000
00000000000000110000000100000001
00000000000000010000000100000001
00000000000000010000000100000001
00000000000000010000000100000001
00000000000000010000000100000001
00000000000000010000000100000001
00000000000000000000000000000000
00000000000000010000000100000001
00000000000000010000000100000001
00000000000000010000000100000001
00000000000000010000000100000001
00000000000000000000000000000000
00000000000000000000000000000000
00000000000000000000000000000000
00000000000000000000000000000000
00000000000000000000000000000000
00000000000000000000000000000000
00000000000000000000000000000000
00000000000000000000000000000000
00000000000000010000000100000001
00000000000000010000000100000001
00000000011001110101010000111111
00000000110011011011010110100001
00000000110100111011101010101010
00000000110100101011100110101001
00000000110100101011100110101001
00000000110100101011100110101001
00000000110100101011100110101001
00000000110100101011100110101001
00000000110101001011101110101011
00000000110101001011101110101011
00000000110100101011101010101000
00000000110100101011101010101000
00000000110100101011101010101000
00000000110100111011101010101010
00000000001100010010011100100111
00000000010011010100100001001001
00000000000011000000011100001000
00000000000011110000101000001011
00000000011001000101111101100000
00000000000111010001100000011001
00000000000001010000010100000101
00000000000001000000010000000100
00000000000100000000111000001110
00000000000100000000111000001110
00000000000011010000101100001011
00000000000011010000101100001011
00000000000100010000110000001101
00000000000101010001000000010001
00000000000101010001000000010001
00000000000100100000110100001110
00000000000100110000111000001111
00000000000101000000111100010001
00000000000101000000111100010001
00000000000100100000110100001110
00000000000011010000101100001011
00000000000011000000101000001010
00000000000011000000101000001010
00000000000010100000101000001010
00000000000010000000100000001000
00000000001001100010000100100010
00000000000010110000100100001001
00000000000000110000000100000001
00000000000001000000001000000010
00000000000000110000000100000001
00000000000000010000000100000001
00000000000000010000000100000001
00000000000000010000000100000001
00000000000000010000000100000001
00000000000000010000000100000001
00000000000000000000000000000000
00000000000000010000000100000001
00000000000000010000000100000001
00000000000000010000000100000001
00000000000000010000000100000001
00000000000000000000000000000000
00000000000000000000000000000000
00000000000000000000000000000000
00000000000000000000000000000000
00000000000000000000000000000000
00000000000000000000000000000000
00000000000000000000000000000000
00000000000000000000000000000000
00000000000000010000000100000001
00000000000011000000100000000111
00000000100100100111110101101000
00000000110011001011010010100010
00000000110011011011010010100100
00000000110011011011010010100100
00000000110011011011010010100100
00000000110011011011010010100100
00000000110011101011010110100101
00000000110011101011010110100101
00000000110011111011011010100110
00000000110011111011011010100110
00000000110011101011011010100100
00000000110011101011011010100100
00000000110011101011011010100100
00000000110011111011011010100110
00000000101001011001010010001011
00000000001110110011011100110110
00000000000110100001010100010110
00000000000011110000100100001010
00000000000100000000101000001011
00000000000010010000010000000101
00000000000001010000010100000101
00000000000001100000011000000110
00000000000101010001000000010001
00000000000100110000111000001111
00000000000011110000110100001101
00000000000011110000110100001101
00000000000100100000110100001110
00000000000101000000111100010000
00000000000101000000111100010000
00000000000100010000110000001101
00000000000100110000111000001111
00000000000100110000111000001111
00000000000100100000110100001111
00000000000100000000101100001100
00000000000010000000011000000110
00000000000010000000011000000110
00000000000010110000100100001001
00000000000010000000100000001000
00000000000001100000011000000110
00000000000001110000010100000101
00000000000010010000011100000111
00000000000101010001001100010011
00000000000001100000010000000100
00000000000000010000000100000001
00000000000000010000000100000001
00000000000000010000000100000001
00000000000000010000000100000001
00000000000000010000000100000001
00000000000000010000000100000001
00000000000000000000000000000000
00000000000000010000000100000001
00000000000000010000000100000001
00000000000000010000000100000001
00000000000000010000000100000001
00000000000000000000000000000000
00000000000000000000000000000000
00000000000000000000000000000000
